{"type":"FeatureCollection","features":[{"type":"Feature","properties":{"name":"Planciusbuurt-Noord","wijk":"Haarlemmerbuurt","stadsdeel":"Centrum","pop":345},"geometry":{"type":"Polygon","coordinates":[[[4.88304,52.386],[4.88408,52.38567],[4.88434,52.38596],[4.8857,52.388],[4.88575,52.38817],[4.88448,52.38838],[4.884,52.38734],[4.88324,52.38624],[4.88304,52.386]]]}},{"type":"Feature","properties":{"name":"Westelijke eilanden","wijk":"Haarlemmerbuurt","stadsdeel":"Centrum","pop":2910},"geometry":{"type":"Polygon","coordinates":[[[4.88393,52.38551],[4.88465,52.3852],[4.88504,52.38501],[4.88778,52.38347],[4.88815,52.38328],[4.88852,52.3831],[4.88939,52.38272],[4.89016,52.38236],[4.89018,52.3824],[4.89075,52.383],[4.89064,52.38325],[4.89118,52.38778],[4.89107,52.38828],[4.89102,52.38844],[4.88598,52.38813],[4.88575,52.38817],[4.8857,52.388],[4.88434,52.38596],[4.88408,52.38567],[4.88393,52.38551]]]}},{"type":"Feature","properties":{"name":"Westerdokseiland","wijk":"Haarlemmerbuurt","stadsdeel":"Centrum","pop":1825},"geometry":{"type":"Polygon","coordinates":[[[4.89018,52.3824],[4.89064,52.38218],[4.89064,52.38216],[4.8915,52.38176],[4.8919,52.38161],[4.89449,52.38066],[4.89451,52.38068],[4.89473,52.3806],[4.89471,52.38058],[4.89486,52.38054],[4.89485,52.38052],[4.89581,52.38014],[4.89666,52.38106],[4.89877,52.38297],[4.89866,52.38304],[4.89792,52.38368],[4.89731,52.38427],[4.89676,52.38489],[4.89625,52.38565],[4.89588,52.38636],[4.89566,52.38692],[4.89508,52.38869],[4.89237,52.38852],[4.89231,52.38836],[4.8923,52.38822],[4.89231,52.38821],[4.89221,52.38819],[4.89207,52.38851],[4.89102,52.38844],[4.89107,52.38828],[4.89118,52.38778],[4.89064,52.38325],[4.89075,52.383],[4.89018,52.3824]]]}},{"type":"Feature","properties":{"name":"Planciusbuurt-Zuid","wijk":"Haarlemmerbuurt","stadsdeel":"Centrum","pop":165},"geometry":{"type":"Polygon","coordinates":[[[4.88167,52.38418],[4.88254,52.38392],[4.88261,52.38389],[4.88265,52.38393],[4.88283,52.38413],[4.88302,52.38443],[4.88352,52.38495],[4.88393,52.38551],[4.88408,52.38567],[4.88304,52.386],[4.88259,52.38546],[4.88235,52.38519],[4.88183,52.38444],[4.88167,52.38418]]]}},{"type":"Feature","properties":{"name":"Haarlemmerbuurt-West","wijk":"Haarlemmerbuurt","stadsdeel":"Centrum","pop":2375},"geometry":{"type":"Polygon","coordinates":[[[4.88261,52.38389],[4.88294,52.3837],[4.88297,52.38365],[4.88307,52.38352],[4.88807,52.38073],[4.88844,52.38052],[4.88991,52.38213],[4.89016,52.38236],[4.88939,52.38272],[4.88852,52.3831],[4.88815,52.38328],[4.88778,52.38347],[4.88504,52.38501],[4.88465,52.3852],[4.88393,52.38551],[4.88352,52.38495],[4.88302,52.38443],[4.88283,52.38413],[4.88265,52.38393],[4.88261,52.38389]]]}},{"type":"Feature","properties":{"name":"Haarlemmerbuurt-Oost","wijk":"Haarlemmerbuurt","stadsdeel":"Centrum","pop":1515},"geometry":{"type":"Polygon","coordinates":[[[4.88844,52.38052],[4.88985,52.37973],[4.89013,52.37963],[4.89024,52.3796],[4.89172,52.37927],[4.89201,52.37927],[4.89353,52.37894],[4.89368,52.3789],[4.894,52.37877],[4.89434,52.37903],[4.89519,52.37962],[4.89547,52.37986],[4.89581,52.38014],[4.89485,52.38052],[4.89486,52.38054],[4.89471,52.38058],[4.89473,52.3806],[4.89451,52.38068],[4.89449,52.38066],[4.8919,52.38161],[4.8915,52.38176],[4.89064,52.38216],[4.89064,52.38218],[4.89018,52.3824],[4.89016,52.38236],[4.88991,52.38213],[4.88844,52.38052]]]}},{"type":"Feature","properties":{"name":"Marnixbuurt-Noord","wijk":"Jordaan","stadsdeel":"Centrum","pop":1455},"geometry":{"type":"Polygon","coordinates":[[[4.87817,52.37851],[4.87899,52.37831],[4.87869,52.37782],[4.87918,52.37771],[4.88037,52.37958],[4.88297,52.38365],[4.88294,52.3837],[4.88261,52.38389],[4.88254,52.38392],[4.88167,52.38418],[4.88076,52.38271],[4.88065,52.38257],[4.88049,52.38241],[4.88033,52.38231],[4.8801,52.38218],[4.87981,52.38207],[4.8797,52.382],[4.87964,52.38193],[4.8796,52.38187],[4.87958,52.38181],[4.87957,52.38174],[4.87958,52.38168],[4.87963,52.38159],[4.87985,52.38134],[4.87987,52.38128],[4.87986,52.38122],[4.87817,52.37851]]]}},{"type":"Feature","properties":{"name":"Driehoekbuurt","wijk":"Jordaan","stadsdeel":"Centrum","pop":2725},"geometry":{"type":"Polygon","coordinates":[[[4.88037,52.37958],[4.88807,52.38073],[4.88307,52.38352],[4.88297,52.38365],[4.88037,52.37958]]]}},{"type":"Feature","properties":{"name":"Anjeliersbuurt-Noord","wijk":"Jordaan","stadsdeel":"Centrum","pop":2095},"geometry":{"type":"Polygon","coordinates":[[[4.87918,52.37771],[4.87936,52.37767],[4.88713,52.3791],[4.88817,52.38022],[4.88844,52.38052],[4.88807,52.38073],[4.88037,52.37958],[4.87918,52.37771]]]}},{"type":"Feature","properties":{"name":"Zaagpoortbuurt","wijk":"Jordaan","stadsdeel":"Centrum","pop":915},"geometry":{"type":"Polygon","coordinates":[[[4.87551,52.37408],[4.87677,52.37395],[4.87693,52.37396],[4.87694,52.37404],[4.87703,52.37428],[4.87707,52.37436],[4.8776,52.37521],[4.87918,52.37771],[4.87869,52.37782],[4.87899,52.37831],[4.87817,52.37851],[4.8781,52.3784],[4.87829,52.37835],[4.8781,52.37804],[4.87808,52.37805],[4.87791,52.37779],[4.87801,52.37776],[4.87659,52.37549],[4.87599,52.37454],[4.87589,52.37432],[4.87585,52.37418],[4.87554,52.37421],[4.87551,52.37408]]]}},{"type":"Feature","properties":{"name":"Anjeliersbuurt-Zuid","wijk":"Jordaan","stadsdeel":"Centrum","pop":2915},"geometry":{"type":"Polygon","coordinates":[[[4.8776,52.37521],[4.8778,52.3752],[4.88427,52.3766],[4.88447,52.3766],[4.88478,52.37653],[4.88621,52.37809],[4.88713,52.3791],[4.87936,52.37767],[4.87918,52.37771],[4.8776,52.37521]]]}},{"type":"Feature","properties":{"name":"Marnixbuurt-Midden","wijk":"Jordaan","stadsdeel":"Centrum","pop":215},"geometry":{"type":"Polygon","coordinates":[[[4.87549,52.37341],[4.87543,52.37324],[4.87538,52.37315],[4.8753,52.37304],[4.87524,52.37297],[4.87517,52.37292],[4.87483,52.37273],[4.87478,52.37269],[4.87465,52.37256],[4.87456,52.37245],[4.87448,52.37232],[4.87444,52.3722],[4.87445,52.37206],[4.8745,52.37189],[4.87536,52.37208],[4.87631,52.37231],[4.87637,52.37248],[4.87668,52.37329],[4.87678,52.37362],[4.87686,52.37378],[4.87693,52.3739],[4.87693,52.37396],[4.87677,52.37395],[4.87551,52.37408],[4.87548,52.37376],[4.87549,52.37341]]]}},{"type":"Feature","properties":{"name":"Bloemgrachtbuurt","wijk":"Jordaan","stadsdeel":"Centrum","pop":2980},"geometry":{"type":"Polygon","coordinates":[[[4.87693,52.3739],[4.87686,52.37378],[4.87678,52.37362],[4.87668,52.37329],[4.87637,52.37248],[4.87631,52.37231],[4.88307,52.37399],[4.88313,52.37468],[4.88316,52.37475],[4.88478,52.37653],[4.88447,52.3766],[4.88427,52.3766],[4.8778,52.3752],[4.8776,52.37521],[4.87707,52.37436],[4.87703,52.37428],[4.87694,52.37404],[4.87693,52.37396],[4.87693,52.3739]]]}},{"type":"Feature","properties":{"name":"Groenmarktkadebuurt","wijk":"Jordaan","stadsdeel":"Centrum","pop":310},"geometry":{"type":"Polygon","coordinates":[[[4.8745,52.37189],[4.87505,52.37068],[4.87567,52.36964],[4.87581,52.36946],[4.87599,52.36925],[4.8763,52.36897],[4.87668,52.36868],[4.87681,52.3685],[4.87762,52.36871],[4.8783,52.36885],[4.87621,52.37184],[4.87618,52.3719],[4.87631,52.37231],[4.87536,52.37208],[4.8745,52.37189]]]}},{"type":"Feature","properties":{"name":"Marnixbuurt-Zuid","wijk":"Jordaan","stadsdeel":"Centrum","pop":700},"geometry":{"type":"Polygon","coordinates":[[[4.87681,52.3685],[4.87709,52.36811],[4.8772,52.3679],[4.87727,52.3677],[4.87732,52.3673],[4.87735,52.36718],[4.87743,52.36695],[4.87752,52.36677],[4.87773,52.36659],[4.87789,52.36647],[4.87814,52.36631],[4.8784,52.36617],[4.87853,52.36608],[4.8787,52.36595],[4.87882,52.36583],[4.87896,52.36566],[4.87907,52.3655],[4.87914,52.36538],[4.87919,52.36526],[4.87922,52.36513],[4.87923,52.36499],[4.87923,52.36492],[4.8801,52.36521],[4.88072,52.36543],[4.88091,52.36549],[4.88087,52.36554],[4.88049,52.36606],[4.88025,52.36635],[4.88002,52.36665],[4.87989,52.36661],[4.87908,52.36775],[4.8783,52.36885],[4.87762,52.36871],[4.87681,52.3685]]]}},{"type":"Feature","properties":{"name":"Elandsgrachtbuurt","wijk":"Jordaan","stadsdeel":"Centrum","pop":4325},"geometry":{"type":"Polygon","coordinates":[[[4.87618,52.3719],[4.87621,52.37184],[4.8783,52.36885],[4.87908,52.36775],[4.88221,52.36876],[4.88228,52.36877],[4.8826,52.36876],[4.88261,52.36893],[4.88307,52.37399],[4.87631,52.37231],[4.87618,52.3719]]]}},{"type":"Feature","properties":{"name":"Passeerdersgrachtbuurt","wijk":"Jordaan","stadsdeel":"Centrum","pop":915},"geometry":{"type":"Polygon","coordinates":[[[4.87908,52.36775],[4.87989,52.36661],[4.88002,52.36665],[4.88025,52.36635],[4.88049,52.36606],[4.88087,52.36554],[4.88091,52.36549],[4.8828,52.36618],[4.88274,52.36625],[4.88255,52.36658],[4.88243,52.36666],[4.88242,52.36674],[4.8826,52.36876],[4.88228,52.36877],[4.88221,52.36876],[4.87908,52.36775]]]}},{"type":"Feature","properties":{"name":"Langestraat e.o.","wijk":"Grachtengordel-West","stadsdeel":"Centrum","pop":1895},"geometry":{"type":"Polygon","coordinates":[[[4.88621,52.37809],[4.88954,52.37696],[4.8899,52.3769],[4.89131,52.37632],[4.89208,52.37703],[4.89391,52.3787],[4.894,52.37877],[4.89368,52.3789],[4.89353,52.37894],[4.89201,52.37927],[4.89172,52.37927],[4.89024,52.3796],[4.89013,52.37963],[4.88985,52.37973],[4.88844,52.38052],[4.88817,52.38022],[4.88713,52.3791],[4.88621,52.37809]]]}},{"type":"Feature","properties":{"name":"Leliegracht e.o.","wijk":"Grachtengordel-West","stadsdeel":"Centrum","pop":1870},"geometry":{"type":"Polygon","coordinates":[[[4.88307,52.37399],[4.88339,52.37406],[4.88516,52.374],[4.88539,52.37398],[4.88556,52.37393],[4.88571,52.37388],[4.88583,52.37382],[4.8863,52.37357],[4.88647,52.37351],[4.88666,52.37346],[4.88691,52.37342],[4.88886,52.37326],[4.88891,52.37344],[4.88926,52.37431],[4.8893,52.37446],[4.88967,52.37482],[4.89118,52.37619],[4.89131,52.37632],[4.8899,52.3769],[4.88954,52.37696],[4.88621,52.37809],[4.88478,52.37653],[4.88316,52.37475],[4.88313,52.37468],[4.88307,52.37399]]]}},{"type":"Feature","properties":{"name":"Felix Meritisbuurt","wijk":"Grachtengordel-West","stadsdeel":"Centrum","pop":2075},"geometry":{"type":"Polygon","coordinates":[[[4.88261,52.36893],[4.88441,52.36886],[4.88662,52.36879],[4.88728,52.36876],[4.88768,52.36876],[4.88784,52.36876],[4.88783,52.3688],[4.88813,52.3703],[4.88851,52.37232],[4.88877,52.37304],[4.88882,52.37315],[4.88886,52.37326],[4.88691,52.37342],[4.88666,52.37346],[4.88647,52.37351],[4.8863,52.37357],[4.88583,52.37382],[4.88571,52.37388],[4.88556,52.37393],[4.88539,52.37398],[4.88516,52.374],[4.88339,52.37406],[4.88307,52.37399],[4.88261,52.36893]]]}},{"type":"Feature","properties":{"name":"Leidsegracht-Noord","wijk":"Grachtengordel-West","stadsdeel":"Centrum","pop":740},"geometry":{"type":"Polygon","coordinates":[[[4.88242,52.36674],[4.88243,52.36666],[4.88255,52.36658],[4.88274,52.36625],[4.8828,52.36618],[4.88454,52.36678],[4.88517,52.36701],[4.88587,52.36725],[4.88667,52.36755],[4.8867,52.36804],[4.88772,52.36839],[4.88806,52.3685],[4.88785,52.36873],[4.88784,52.36876],[4.88768,52.36876],[4.88728,52.36876],[4.88662,52.36879],[4.88441,52.36886],[4.88261,52.36893],[4.8826,52.36876],[4.88242,52.36674]]]}},{"type":"Feature","properties":{"name":"Stationsplein e.o.","wijk":"Burgwallen-Nieuwe Zijde","stadsdeel":"Centrum","pop":5},"geometry":{"type":"Polygon","coordinates":[[[4.89547,52.37986],[4.89753,52.37876],[4.89771,52.37868],[4.89793,52.37858],[4.89806,52.3785],[4.89844,52.37823],[4.89856,52.37812],[4.89867,52.37801],[4.89887,52.37774],[4.89969,52.3773],[4.90097,52.37724],[4.90196,52.37724],[4.90245,52.37714],[4.90298,52.37669],[4.90325,52.37659],[4.90355,52.37717],[4.90429,52.37793],[4.90641,52.38004],[4.90601,52.38011],[4.90547,52.3802],[4.90431,52.38046],[4.90326,52.38077],[4.90226,52.38113],[4.9021,52.3812],[4.90118,52.38156],[4.90037,52.38198],[4.90006,52.38215],[4.89948,52.38249],[4.89877,52.38297],[4.89666,52.38106],[4.89581,52.38014],[4.89547,52.37986]]]}},{"type":"Feature","properties":{"name":"Hemelrijk","wijk":"Burgwallen-Nieuwe Zijde","stadsdeel":"Centrum","pop":565},"geometry":{"type":"Polygon","coordinates":[[[4.89208,52.37703],[4.8942,52.37661],[4.89442,52.37674],[4.89478,52.37692],[4.89497,52.37704],[4.8951,52.37715],[4.89558,52.3776],[4.89566,52.37766],[4.89575,52.37771],[4.89585,52.37776],[4.89595,52.37779],[4.89689,52.378],[4.89771,52.37868],[4.89753,52.37876],[4.89547,52.37986],[4.89519,52.37962],[4.89434,52.37903],[4.894,52.37877],[4.89391,52.3787],[4.89208,52.37703]]]}},{"type":"Feature","properties":{"name":"Nieuwendijk-Noord","wijk":"Burgwallen-Nieuwe Zijde","stadsdeel":"Centrum","pop":505},"geometry":{"type":"Polygon","coordinates":[[[4.89358,52.37622],[4.8951,52.37621],[4.89534,52.37618],[4.89547,52.37616],[4.89562,52.37612],[4.8957,52.37604],[4.89627,52.37582],[4.89647,52.37576],[4.89708,52.37551],[4.89914,52.37697],[4.89969,52.3773],[4.89887,52.37774],[4.89867,52.37801],[4.89856,52.37812],[4.89844,52.37823],[4.89806,52.3785],[4.89793,52.37858],[4.89771,52.37868],[4.89689,52.378],[4.89595,52.37779],[4.89585,52.37776],[4.89575,52.37771],[4.89566,52.37766],[4.89558,52.3776],[4.8951,52.37715],[4.89497,52.37704],[4.89478,52.37692],[4.89442,52.37674],[4.8942,52.37661],[4.89358,52.37622]]]}},{"type":"Feature","properties":{"name":"Spuistraat-Noord","wijk":"Burgwallen-Nieuwe Zijde","stadsdeel":"Centrum","pop":890},"geometry":{"type":"Polygon","coordinates":[[[4.88886,52.37326],[4.89059,52.37317],[4.89065,52.37339],[4.89088,52.37389],[4.89094,52.37399],[4.89135,52.37445],[4.89176,52.37487],[4.89193,52.37507],[4.89207,52.37519],[4.89245,52.37546],[4.89358,52.37622],[4.8942,52.37661],[4.89208,52.37703],[4.89131,52.37632],[4.89118,52.37619],[4.88967,52.37482],[4.8893,52.37446],[4.88926,52.37431],[4.88891,52.37344],[4.88886,52.37326]]]}},{"type":"Feature","properties":{"name":"Nieuwe Kerk e.o.","wijk":"Burgwallen-Nieuwe Zijde","stadsdeel":"Centrum","pop":790},"geometry":{"type":"Polygon","coordinates":[[[4.89059,52.37317],[4.89057,52.37295],[4.89061,52.37264],[4.89137,52.37272],[4.89175,52.37273],[4.89213,52.37274],[4.89297,52.37271],[4.89301,52.37271],[4.8933,52.3732],[4.89357,52.37349],[4.89436,52.37407],[4.89647,52.37576],[4.89627,52.37582],[4.8957,52.37604],[4.89562,52.37612],[4.89547,52.37616],[4.89534,52.37618],[4.8951,52.37621],[4.89358,52.37622],[4.89245,52.37546],[4.89207,52.37519],[4.89193,52.37507],[4.89176,52.37487],[4.89135,52.37445],[4.89094,52.37399],[4.89088,52.37389],[4.89065,52.37339],[4.89059,52.37317]]]}},{"type":"Feature","properties":{"name":"Spuistraat-Zuid","wijk":"Burgwallen-Nieuwe Zijde","stadsdeel":"Centrum","pop":785},"geometry":{"type":"Polygon","coordinates":[[[4.88882,52.37315],[4.88877,52.37304],[4.88851,52.37232],[4.88813,52.3703],[4.88783,52.3688],[4.88784,52.36876],[4.88785,52.36873],[4.88806,52.3685],[4.88854,52.36813],[4.88902,52.36852],[4.8891,52.3686],[4.88919,52.3687],[4.88925,52.3688],[4.8893,52.36891],[4.88935,52.36935],[4.88951,52.36971],[4.88971,52.37009],[4.89006,52.37055],[4.8902,52.37069],[4.89032,52.37084],[4.8906,52.37132],[4.89064,52.37142],[4.89067,52.37153],[4.89068,52.37164],[4.89065,52.37225],[4.89061,52.37264],[4.89057,52.37295],[4.89059,52.37317],[4.88886,52.37326],[4.88882,52.37315]]]}},{"type":"Feature","properties":{"name":"Begijnhofbuurt","wijk":"Burgwallen-Nieuwe Zijde","stadsdeel":"Centrum","pop":460},"geometry":{"type":"Polygon","coordinates":[[[4.88919,52.3687],[4.88976,52.36879],[4.89022,52.36886],[4.89047,52.36883],[4.89097,52.36892],[4.89114,52.36898],[4.89122,52.36899],[4.8914,52.36901],[4.89201,52.36905],[4.89205,52.36921],[4.89247,52.37025],[4.89254,52.37045],[4.8928,52.37149],[4.89284,52.37176],[4.89288,52.37237],[4.89292,52.37256],[4.89297,52.37271],[4.89213,52.37274],[4.89175,52.37273],[4.89137,52.37272],[4.89061,52.37264],[4.89065,52.37225],[4.89068,52.37164],[4.89067,52.37153],[4.89064,52.37142],[4.8906,52.37132],[4.89032,52.37084],[4.8902,52.37069],[4.89006,52.37055],[4.88971,52.37009],[4.88951,52.36971],[4.88935,52.36935],[4.8893,52.36891],[4.88925,52.3688],[4.88919,52.3687]]]}},{"type":"Feature","properties":{"name":"Kalverdriehoek","wijk":"Burgwallen-Nieuwe Zijde","stadsdeel":"Centrum","pop":335},"geometry":{"type":"Polygon","coordinates":[[[4.88854,52.36813],[4.88964,52.36728],[4.8901,52.36714],[4.89116,52.36697],[4.89174,52.36692],[4.89275,52.3669],[4.89315,52.36691],[4.89329,52.36694],[4.89336,52.36697],[4.89347,52.36704],[4.89381,52.36727],[4.89388,52.36729],[4.89415,52.36729],[4.89289,52.36833],[4.89244,52.36896],[4.89239,52.36908],[4.89201,52.36905],[4.8914,52.36901],[4.89122,52.36899],[4.89114,52.36898],[4.89097,52.36892],[4.89047,52.36883],[4.89022,52.36886],[4.88976,52.36879],[4.88919,52.3687],[4.8891,52.3686],[4.88902,52.36852],[4.88854,52.36813]]]}},{"type":"Feature","properties":{"name":"Kop Zeedijk","wijk":"Burgwallen-Oude Zijde","stadsdeel":"Centrum","pop":1155},"geometry":{"type":"Polygon","coordinates":[[[4.89708,52.37551],[4.89789,52.37516],[4.898,52.37524],[4.89923,52.37479],[4.89941,52.37475],[4.89967,52.37468],[4.9002,52.37449],[4.90028,52.37449],[4.90048,52.37442],[4.90059,52.3744],[4.90127,52.37417],[4.90227,52.37614],[4.90325,52.37659],[4.90298,52.37669],[4.90245,52.37714],[4.90196,52.37724],[4.90097,52.37724],[4.89969,52.3773],[4.89914,52.37697],[4.89708,52.37551]]]}},{"type":"Feature","properties":{"name":"Oude Kerk e.o.","wijk":"Burgwallen-Oude Zijde","stadsdeel":"Centrum","pop":740},"geometry":{"type":"Polygon","coordinates":[[[4.89301,52.37271],[4.89384,52.37254],[4.89482,52.3722],[4.89588,52.37186],[4.89686,52.37267],[4.89872,52.37412],[4.89901,52.37437],[4.89941,52.37475],[4.89923,52.37479],[4.898,52.37524],[4.89789,52.37516],[4.89708,52.37551],[4.89647,52.37576],[4.89436,52.37407],[4.89357,52.37349],[4.8933,52.3732],[4.89301,52.37271]]]}},{"type":"Feature","properties":{"name":"Burgwallen-Oost","wijk":"Burgwallen-Oude Zijde","stadsdeel":"Centrum","pop":1600},"geometry":{"type":"Polygon","coordinates":[[[4.89588,52.37186],[4.89706,52.37144],[4.89875,52.371],[4.8993,52.37158],[4.89986,52.37222],[4.89967,52.37228],[4.89969,52.37234],[4.9001,52.37291],[4.90017,52.37297],[4.90025,52.37301],[4.90037,52.37303],[4.90055,52.37304],[4.90071,52.37302],[4.90094,52.37349],[4.90127,52.37417],[4.90059,52.3744],[4.90048,52.37442],[4.90028,52.37449],[4.9002,52.37449],[4.89967,52.37468],[4.89941,52.37475],[4.89901,52.37437],[4.89872,52.37412],[4.89686,52.37267],[4.89588,52.37186]]]}},{"type":"Feature","properties":{"name":"Nes e.o.","wijk":"Burgwallen-Oude Zijde","stadsdeel":"Centrum","pop":375},"geometry":{"type":"Polygon","coordinates":[[[4.89292,52.37256],[4.89288,52.37237],[4.89284,52.37176],[4.8928,52.37149],[4.89254,52.37045],[4.89247,52.37025],[4.89205,52.36921],[4.89201,52.36905],[4.89239,52.36908],[4.89351,52.36918],[4.89367,52.36922],[4.89426,52.36923],[4.89475,52.37076],[4.89483,52.3709],[4.89496,52.37105],[4.8952,52.3713],[4.89588,52.37186],[4.89482,52.3722],[4.89384,52.37254],[4.89301,52.37271],[4.89297,52.37271],[4.89292,52.37256]]]}},{"type":"Feature","properties":{"name":"BG-terrein e.o.","wijk":"Burgwallen-Oude Zijde","stadsdeel":"Centrum","pop":695},"geometry":{"type":"Polygon","coordinates":[[[4.89239,52.36908],[4.89244,52.36896],[4.89289,52.36833],[4.89415,52.36729],[4.89432,52.36729],[4.89483,52.36731],[4.89505,52.36733],[4.89527,52.36737],[4.89537,52.36742],[4.89547,52.3675],[4.89579,52.36781],[4.89623,52.36829],[4.89637,52.3685],[4.89875,52.371],[4.89706,52.37144],[4.89588,52.37186],[4.8952,52.3713],[4.89496,52.37105],[4.89483,52.3709],[4.89475,52.37076],[4.89426,52.36923],[4.89367,52.36922],[4.89351,52.36918],[4.89239,52.36908]]]}},{"type":"Feature","properties":{"name":"Oosterdokseiland","wijk":"Nieuwmarkt/Lastage","stadsdeel":"Centrum","pop":505},"geometry":{"type":"Polygon","coordinates":[[[4.90325,52.37659],[4.90428,52.37622],[4.90518,52.37589],[4.90926,52.37409],[4.90957,52.37397],[4.91092,52.3749],[4.91138,52.37494],[4.91075,52.37768],[4.91116,52.37764],[4.91059,52.37991],[4.90868,52.37986],[4.90762,52.37988],[4.90653,52.38002],[4.90641,52.38004],[4.90429,52.37793],[4.90355,52.37717],[4.90325,52.37659]]]}},{"type":"Feature","properties":{"name":"Lastage","wijk":"Nieuwmarkt/Lastage","stadsdeel":"Centrum","pop":1100},"geometry":{"type":"Polygon","coordinates":[[[4.90094,52.37349],[4.90135,52.37337],[4.90424,52.37176],[4.90481,52.37142],[4.90579,52.37182],[4.90637,52.37208],[4.90586,52.37233],[4.90365,52.37357],[4.90355,52.37365],[4.90345,52.37375],[4.90318,52.37418],[4.90313,52.37434],[4.90313,52.37449],[4.90332,52.37505],[4.90381,52.37541],[4.90428,52.37622],[4.90325,52.37659],[4.90227,52.37614],[4.90127,52.37417],[4.90094,52.37349]]]}},{"type":"Feature","properties":{"name":"Scheepvaarthuisbuurt","wijk":"Nieuwmarkt/Lastage","stadsdeel":"Centrum","pop":745},"geometry":{"type":"Polygon","coordinates":[[[4.90381,52.37541],[4.90332,52.37505],[4.90313,52.37449],[4.90313,52.37434],[4.90318,52.37418],[4.90345,52.37375],[4.90355,52.37365],[4.90365,52.37357],[4.90586,52.37233],[4.90637,52.37208],[4.9072,52.37245],[4.90787,52.37278],[4.90957,52.37397],[4.90926,52.37409],[4.90518,52.37589],[4.90428,52.37622],[4.90381,52.37541]]]}},{"type":"Feature","properties":{"name":"Rapenburg","wijk":"Nieuwmarkt/Lastage","stadsdeel":"Centrum","pop":995},"geometry":{"type":"Polygon","coordinates":[[[4.90637,52.37208],[4.90667,52.37192],[4.90732,52.37154],[4.90831,52.37085],[4.90915,52.37039],[4.90965,52.37071],[4.91051,52.37022],[4.91079,52.37016],[4.91113,52.36997],[4.91341,52.37147],[4.91352,52.37184],[4.91359,52.37224],[4.91361,52.37262],[4.91359,52.37301],[4.91352,52.3734],[4.91341,52.37378],[4.91326,52.37415],[4.91307,52.37452],[4.91272,52.37506],[4.91138,52.37494],[4.91092,52.3749],[4.90957,52.37397],[4.90787,52.37278],[4.9072,52.37245],[4.90637,52.37208]]]}},{"type":"Feature","properties":{"name":"Nieuwmarkt","wijk":"Nieuwmarkt/Lastage","stadsdeel":"Centrum","pop":1585},"geometry":{"type":"Polygon","coordinates":[[[4.90071,52.37302],[4.90055,52.37304],[4.90037,52.37303],[4.90025,52.37301],[4.90017,52.37297],[4.9001,52.37291],[4.89969,52.37234],[4.89967,52.37228],[4.89986,52.37222],[4.90047,52.37209],[4.90044,52.37199],[4.90043,52.37185],[4.90069,52.37012],[4.90079,52.36988],[4.90091,52.36971],[4.90112,52.36962],[4.90163,52.36997],[4.90215,52.37028],[4.90481,52.37142],[4.90424,52.37176],[4.90135,52.37337],[4.90094,52.37349],[4.90071,52.37302]]]}},{"type":"Feature","properties":{"name":"Uilenburg","wijk":"Nieuwmarkt/Lastage","stadsdeel":"Centrum","pop":1245},"geometry":{"type":"Polygon","coordinates":[[[4.90112,52.36962],[4.90262,52.36899],[4.90372,52.36854],[4.90397,52.36845],[4.90822,52.37007],[4.90871,52.37016],[4.90915,52.37039],[4.90831,52.37085],[4.90732,52.37154],[4.90667,52.37192],[4.90637,52.37208],[4.90579,52.37182],[4.90481,52.37142],[4.90215,52.37028],[4.90163,52.36997],[4.90112,52.36962]]]}},{"type":"Feature","properties":{"name":"Valkenburg","wijk":"Nieuwmarkt/Lastage","stadsdeel":"Centrum","pop":1200},"geometry":{"type":"Polygon","coordinates":[[[4.90397,52.36845],[4.90538,52.36793],[4.9071,52.36734],[4.90968,52.36907],[4.91004,52.36932],[4.91069,52.3697],[4.91113,52.36997],[4.91079,52.37016],[4.91051,52.37022],[4.90965,52.37071],[4.90915,52.37039],[4.90871,52.37016],[4.90822,52.37007],[4.90397,52.36845]]]}},{"type":"Feature","properties":{"name":"Zuiderkerkbuurt","wijk":"Nieuwmarkt/Lastage","stadsdeel":"Centrum","pop":1630},"geometry":{"type":"Polygon","coordinates":[[[4.89527,52.36737],[4.89608,52.36738],[4.89713,52.36743],[4.89725,52.36743],[4.89824,52.36732],[4.8987,52.36784],[4.89898,52.36803],[4.90009,52.36904],[4.90018,52.36908],[4.90031,52.36918],[4.90064,52.3693],[4.90095,52.36952],[4.90101,52.36955],[4.90112,52.36962],[4.90091,52.36971],[4.90079,52.36988],[4.90069,52.37012],[4.90043,52.37185],[4.90044,52.37199],[4.90047,52.37209],[4.89986,52.37222],[4.8993,52.37158],[4.89875,52.371],[4.89637,52.3685],[4.89623,52.36829],[4.89579,52.36781],[4.89547,52.3675],[4.89537,52.36742],[4.89527,52.36737]]]}},{"type":"Feature","properties":{"name":"Waterloopleinbuurt","wijk":"Nieuwmarkt/Lastage","stadsdeel":"Centrum","pop":895},"geometry":{"type":"Polygon","coordinates":[[[4.89824,52.36732],[4.8988,52.36726],[4.89929,52.36717],[4.90075,52.36662],[4.90122,52.36578],[4.90183,52.36589],[4.90563,52.36661],[4.90603,52.36673],[4.90612,52.36676],[4.90637,52.36689],[4.90655,52.36698],[4.9071,52.36734],[4.90538,52.36793],[4.90397,52.36845],[4.90372,52.36854],[4.90262,52.36899],[4.90112,52.36962],[4.90101,52.36955],[4.90095,52.36952],[4.90064,52.3693],[4.90031,52.36918],[4.90018,52.36908],[4.90009,52.36904],[4.89898,52.36803],[4.8987,52.36784],[4.89824,52.36732]]]}},{"type":"Feature","properties":{"name":"Leidsegracht-Zuid","wijk":"Grachtengordel-Zuid","stadsdeel":"Centrum","pop":700},"geometry":{"type":"Polygon","coordinates":[[[4.8828,52.36618],[4.88288,52.36607],[4.8835,52.36569],[4.88436,52.36511],[4.88447,52.36503],[4.88792,52.36666],[4.88827,52.36678],[4.8884,52.36682],[4.88863,52.36687],[4.88942,52.36714],[4.88964,52.36728],[4.88854,52.36813],[4.88806,52.3685],[4.88772,52.36839],[4.8867,52.36804],[4.88667,52.36755],[4.88587,52.36725],[4.88517,52.36701],[4.88454,52.36678],[4.8828,52.36618]]]}},{"type":"Feature","properties":{"name":"Geelvinckbuurt","wijk":"Grachtengordel-Zuid","stadsdeel":"Centrum","pop":345},"geometry":{"type":"Polygon","coordinates":[[[4.88827,52.36678],[4.8884,52.36669],[4.89034,52.36559],[4.89053,52.3655],[4.89282,52.36518],[4.8929,52.36542],[4.89301,52.36564],[4.89316,52.36609],[4.8933,52.36668],[4.89347,52.36704],[4.89336,52.36697],[4.89329,52.36694],[4.89315,52.36691],[4.89275,52.3669],[4.89174,52.36692],[4.89116,52.36697],[4.8901,52.36714],[4.88964,52.36728],[4.88942,52.36714],[4.88863,52.36687],[4.8884,52.36682],[4.88827,52.36678]]]}},{"type":"Feature","properties":{"name":"Rembrandtplein e.o.","wijk":"Grachtengordel-Zuid","stadsdeel":"Centrum","pop":1025},"geometry":{"type":"Polygon","coordinates":[[[4.89282,52.36518],[4.89587,52.36475],[4.89691,52.36497],[4.90122,52.36578],[4.90075,52.36662],[4.89929,52.36717],[4.8988,52.36726],[4.89824,52.36732],[4.89725,52.36743],[4.89713,52.36743],[4.89608,52.36738],[4.89527,52.36737],[4.89505,52.36733],[4.89483,52.36731],[4.89432,52.36729],[4.89415,52.36729],[4.89388,52.36729],[4.89381,52.36727],[4.89347,52.36704],[4.8933,52.36668],[4.89316,52.36609],[4.89301,52.36564],[4.8929,52.36542],[4.89282,52.36518]]]}},{"type":"Feature","properties":{"name":"Spiegelbuurt","wijk":"Grachtengordel-Zuid","stadsdeel":"Centrum","pop":835},"geometry":{"type":"Polygon","coordinates":[[[4.88447,52.36503],[4.88457,52.36494],[4.88475,52.36484],[4.88787,52.36277],[4.88797,52.36271],[4.88803,52.36269],[4.89006,52.36495],[4.89053,52.3655],[4.89034,52.36559],[4.8884,52.36669],[4.88827,52.36678],[4.88792,52.36666],[4.88447,52.36503]]]}},{"type":"Feature","properties":{"name":"Vijzelstraatbuurt","wijk":"Grachtengordel-Zuid","stadsdeel":"Centrum","pop":1410},"geometry":{"type":"Polygon","coordinates":[[[4.88803,52.36269],[4.8881,52.36267],[4.89591,52.3616],[4.89609,52.36162],[4.89587,52.36475],[4.89282,52.36518],[4.89053,52.3655],[4.89006,52.36495],[4.88803,52.36269]]]}},{"type":"Feature","properties":{"name":"Amstelveldbuurt","wijk":"Grachtengordel-Zuid","stadsdeel":"Centrum","pop":1550},"geometry":{"type":"Polygon","coordinates":[[[4.89587,52.36475],[4.89609,52.36162],[4.89634,52.36164],[4.89652,52.36167],[4.90277,52.36281],[4.90156,52.36516],[4.90122,52.36578],[4.89691,52.36497],[4.89587,52.36475]]]}},{"type":"Feature","properties":{"name":"Leidsebuurt-Noordwest","wijk":"De Weteringschans","stadsdeel":"Centrum","pop":285},"geometry":{"type":"Polygon","coordinates":[[[4.88072,52.36543],[4.88087,52.36529],[4.88168,52.36468],[4.8818,52.36474],[4.88229,52.36438],[4.88258,52.36452],[4.88298,52.36424],[4.88317,52.3644],[4.88447,52.36503],[4.88436,52.36511],[4.8835,52.36569],[4.88288,52.36607],[4.8828,52.36618],[4.88091,52.36549],[4.88072,52.36543]]]}},{"type":"Feature","properties":{"name":"Leidsebuurt-Noordoost","wijk":"De Weteringschans","stadsdeel":"Centrum","pop":1110},"geometry":{"type":"Polygon","coordinates":[[[4.88259,52.36391],[4.88357,52.36324],[4.88683,52.36162],[4.8877,52.36256],[4.88787,52.36277],[4.88475,52.36484],[4.88457,52.36494],[4.88447,52.36503],[4.88317,52.3644],[4.88298,52.36424],[4.88259,52.36391]]]}},{"type":"Feature","properties":{"name":"Weteringbuurt","wijk":"De Weteringschans","stadsdeel":"Centrum","pop":2400},"geometry":{"type":"Polygon","coordinates":[[[4.88683,52.36162],[4.88698,52.36154],[4.89002,52.36009],[4.89012,52.36007],[4.89078,52.36002],[4.89618,52.3597],[4.89621,52.35987],[4.89618,52.36025],[4.89609,52.36162],[4.89591,52.3616],[4.8881,52.36267],[4.88803,52.36269],[4.88797,52.36271],[4.88787,52.36277],[4.8877,52.36256],[4.88683,52.36162]]]}},{"type":"Feature","properties":{"name":"Utrechtsebuurt-Zuid","wijk":"De Weteringschans","stadsdeel":"Centrum","pop":1220},"geometry":{"type":"Polygon","coordinates":[[[4.89609,52.36162],[4.89618,52.36025],[4.90119,52.36123],[4.90335,52.36166],[4.90277,52.36281],[4.89652,52.36167],[4.89634,52.36164],[4.89609,52.36162]]]}},{"type":"Feature","properties":{"name":"Leidsebuurt-Zuidwest","wijk":"De Weteringschans","stadsdeel":"Centrum","pop":160},"geometry":{"type":"Polygon","coordinates":[[[4.87922,52.36478],[4.87923,52.36463],[4.87926,52.36449],[4.87932,52.36434],[4.87936,52.36426],[4.87942,52.36418],[4.8795,52.36411],[4.8796,52.36404],[4.87978,52.36396],[4.88006,52.36389],[4.88026,52.36382],[4.88054,52.36371],[4.88071,52.36363],[4.88085,52.36354],[4.88112,52.36336],[4.88124,52.36327],[4.88259,52.36391],[4.88298,52.36424],[4.88258,52.36452],[4.88229,52.36438],[4.8818,52.36474],[4.88168,52.36468],[4.88087,52.36529],[4.88072,52.36543],[4.8801,52.36521],[4.87923,52.36492],[4.87922,52.36478]]]}},{"type":"Feature","properties":{"name":"Leidsebuurt-Zuidoost","wijk":"De Weteringschans","stadsdeel":"Centrum","pop":300},"geometry":{"type":"Polygon","coordinates":[[[4.88124,52.36327],[4.88141,52.36313],[4.88152,52.36294],[4.88158,52.36277],[4.88162,52.36251],[4.88166,52.36242],[4.88172,52.36232],[4.88175,52.36228],[4.88185,52.36219],[4.88196,52.36212],[4.8821,52.36206],[4.88226,52.36199],[4.8824,52.36196],[4.88251,52.36194],[4.88263,52.36193],[4.88364,52.36191],[4.88385,52.36189],[4.88405,52.36185],[4.88424,52.36179],[4.8844,52.36173],[4.88539,52.36124],[4.8863,52.36078],[4.88644,52.36089],[4.88655,52.36099],[4.88679,52.36133],[4.88698,52.36154],[4.88683,52.36162],[4.88357,52.36324],[4.88259,52.36391],[4.88124,52.36327]]]}},{"type":"Feature","properties":{"name":"Den Texbuurt","wijk":"De Weteringschans","stadsdeel":"Centrum","pop":1110},"geometry":{"type":"Polygon","coordinates":[[[4.8863,52.36078],[4.88739,52.36023],[4.88768,52.36007],[4.88795,52.3599],[4.88817,52.3597],[4.88829,52.35958],[4.88841,52.35944],[4.88864,52.35923],[4.88893,52.35902],[4.88925,52.35883],[4.8894,52.35875],[4.8896,52.35867],[4.88981,52.35859],[4.89001,52.35853],[4.89022,52.35848],[4.89044,52.35843],[4.89065,52.3584],[4.89088,52.35837],[4.89618,52.35805],[4.89639,52.35953],[4.89639,52.35968],[4.89618,52.3597],[4.89078,52.36002],[4.89012,52.36007],[4.89002,52.36009],[4.88698,52.36154],[4.88679,52.36133],[4.88655,52.36099],[4.88644,52.36089],[4.8863,52.36078]]]}},{"type":"Feature","properties":{"name":"Frederikspleinbuurt","wijk":"De Weteringschans","stadsdeel":"Centrum","pop":970},"geometry":{"type":"Polygon","coordinates":[[[4.89618,52.36025],[4.89621,52.35987],[4.89618,52.3597],[4.89639,52.35968],[4.89639,52.35953],[4.89618,52.35805],[4.89804,52.35793],[4.89826,52.35795],[4.89851,52.35797],[4.89876,52.35801],[4.89901,52.35805],[4.89925,52.3581],[4.90168,52.3586],[4.904,52.35905],[4.90463,52.35921],[4.9042,52.35995],[4.90341,52.36153],[4.90335,52.36166],[4.90119,52.36123],[4.89618,52.36025]]]}},{"type":"Feature","properties":{"name":"Weesperbuurt","wijk":"Weesperbuurt/Plantage","stadsdeel":"Centrum","pop":3060},"geometry":{"type":"Polygon","coordinates":[[[4.90122,52.36578],[4.90156,52.36516],[4.90277,52.36281],[4.90335,52.36166],[4.90341,52.36153],[4.90512,52.36185],[4.90505,52.36199],[4.91078,52.36309],[4.91422,52.36377],[4.91439,52.36395],[4.91334,52.36429],[4.91126,52.365],[4.91055,52.36526],[4.90888,52.36582],[4.90825,52.3657],[4.9081,52.36599],[4.90793,52.36611],[4.90773,52.36623],[4.90755,52.36631],[4.90736,52.36638],[4.90722,52.36641],[4.90632,52.36662],[4.90612,52.36676],[4.90603,52.36673],[4.90563,52.36661],[4.90183,52.36589],[4.90122,52.36578]]]}},{"type":"Feature","properties":{"name":"Plantage","wijk":"Weesperbuurt/Plantage","stadsdeel":"Centrum","pop":2385},"geometry":{"type":"Polygon","coordinates":[[[4.90612,52.36676],[4.90632,52.36662],[4.90722,52.36641],[4.90736,52.36638],[4.90755,52.36631],[4.90773,52.36623],[4.90793,52.36611],[4.9081,52.36599],[4.90825,52.3657],[4.90888,52.36582],[4.91055,52.36526],[4.91126,52.365],[4.91334,52.36429],[4.91439,52.36395],[4.91511,52.36371],[4.91514,52.36366],[4.91589,52.3634],[4.91598,52.36338],[4.91615,52.36336],[4.91638,52.36335],[4.91657,52.36337],[4.91678,52.36342],[4.91846,52.36388],[4.91964,52.36436],[4.92037,52.3647],[4.92055,52.36482],[4.92127,52.36528],[4.92162,52.36558],[4.92124,52.3661],[4.91069,52.3697],[4.91004,52.36932],[4.90968,52.36907],[4.9071,52.36734],[4.90655,52.36698],[4.90637,52.36689],[4.90612,52.36676]]]}},{"type":"Feature","properties":{"name":"Sarphatistrook","wijk":"Weesperbuurt/Plantage","stadsdeel":"Centrum","pop":1995},"geometry":{"type":"Polygon","coordinates":[[[4.90341,52.36153],[4.9042,52.35995],[4.90463,52.35921],[4.90516,52.35935],[4.90598,52.3595],[4.90617,52.35955],[4.9065,52.35966],[4.90664,52.35972],[4.90692,52.35988],[4.9071,52.36001],[4.90738,52.36022],[4.90751,52.3603],[4.90765,52.36037],[4.90778,52.36043],[4.90797,52.3605],[4.90833,52.36059],[4.90857,52.36064],[4.90881,52.36066],[4.90904,52.36065],[4.90936,52.3606],[4.90964,52.36058],[4.90996,52.36059],[4.91026,52.36062],[4.91057,52.3607],[4.91084,52.3608],[4.91109,52.36093],[4.9112,52.361],[4.91129,52.36108],[4.91137,52.36113],[4.91149,52.36118],[4.91163,52.36122],[4.91178,52.36125],[4.91285,52.36136],[4.91404,52.3615],[4.91508,52.36179],[4.91578,52.36198],[4.91601,52.36203],[4.91624,52.36207],[4.91641,52.36209],[4.91749,52.36213],[4.91678,52.36342],[4.91657,52.36337],[4.91638,52.36335],[4.91615,52.36336],[4.91598,52.36338],[4.91589,52.3634],[4.91514,52.36366],[4.91511,52.36371],[4.91439,52.36395],[4.91422,52.36377],[4.91078,52.36309],[4.90505,52.36199],[4.90512,52.36185],[4.90341,52.36153]]]}},{"type":"Feature","properties":{"name":"Alexanderplein e.o.","wijk":"Weesperbuurt/Plantage","stadsdeel":"Centrum","pop":390},"geometry":{"type":"Polygon","coordinates":[[[4.91678,52.36342],[4.91749,52.36213],[4.91781,52.36215],[4.91813,52.36219],[4.91843,52.36227],[4.91871,52.36237],[4.91887,52.36246],[4.91903,52.36255],[4.91972,52.36314],[4.91988,52.36322],[4.92005,52.36329],[4.92021,52.36334],[4.92039,52.36337],[4.92111,52.36343],[4.92149,52.36348],[4.92177,52.36352],[4.92192,52.36356],[4.92207,52.36362],[4.9222,52.36368],[4.92231,52.36376],[4.92055,52.36482],[4.92037,52.3647],[4.91964,52.36436],[4.91846,52.36388],[4.91678,52.36342]]]}},{"type":"Feature","properties":{"name":"Marine-Etablissement","wijk":"Oostelijke Eilanden/Kadijken","stadsdeel":"Centrum","pop":110},"geometry":{"type":"Polygon","coordinates":[[[4.91075,52.37768],[4.91138,52.37494],[4.91272,52.37506],[4.91307,52.37452],[4.91326,52.37415],[4.91341,52.37378],[4.91352,52.3734],[4.91359,52.37301],[4.91361,52.37262],[4.91359,52.37224],[4.91352,52.37184],[4.91341,52.37147],[4.91445,52.37091],[4.91468,52.371],[4.91766,52.37211],[4.92088,52.3741],[4.92113,52.3749],[4.92141,52.37561],[4.92129,52.37562],[4.92128,52.37561],[4.92126,52.37561],[4.92125,52.37558],[4.9205,52.37569],[4.91451,52.37666],[4.91412,52.37672],[4.91356,52.37677],[4.9133,52.37679],[4.91273,52.3768],[4.9124,52.37679],[4.91212,52.37678],[4.91209,52.37679],[4.91208,52.37681],[4.91198,52.3768],[4.91191,52.3771],[4.91204,52.37711],[4.91209,52.37718],[4.91198,52.37758],[4.91116,52.37764],[4.91075,52.37768]]]}},{"type":"Feature","properties":{"name":"Kattenburg","wijk":"Oostelijke Eilanden/Kadijken","stadsdeel":"Centrum","pop":1670},"geometry":{"type":"Polygon","coordinates":[[[4.91445,52.37091],[4.91482,52.37072],[4.91514,52.37058],[4.91702,52.36992],[4.91749,52.37042],[4.91769,52.3706],[4.91873,52.37107],[4.91929,52.37141],[4.91931,52.37149],[4.91936,52.37158],[4.91943,52.37166],[4.91951,52.37172],[4.91961,52.37175],[4.91972,52.37178],[4.91985,52.37178],[4.92002,52.37176],[4.9201,52.37177],[4.92016,52.37179],[4.92158,52.3727],[4.92493,52.3748],[4.92426,52.37502],[4.92405,52.37508],[4.92352,52.37521],[4.92304,52.3753],[4.92154,52.37553],[4.92157,52.37558],[4.92141,52.37561],[4.92113,52.3749],[4.92088,52.3741],[4.91766,52.37211],[4.91468,52.371],[4.91445,52.37091]]]}},{"type":"Feature","properties":{"name":"Wittenburg","wijk":"Oostelijke Eilanden/Kadijken","stadsdeel":"Centrum","pop":2525},"geometry":{"type":"Polygon","coordinates":[[[4.91702,52.36992],[4.91954,52.36897],[4.9202,52.36875],[4.92071,52.36931],[4.92106,52.36955],[4.92128,52.36946],[4.9225,52.37022],[4.92374,52.37118],[4.92786,52.37376],[4.92791,52.37385],[4.9277,52.37391],[4.92493,52.3748],[4.92158,52.3727],[4.92016,52.37179],[4.9201,52.37177],[4.92002,52.37176],[4.91985,52.37178],[4.91972,52.37178],[4.91961,52.37175],[4.91951,52.37172],[4.91943,52.37166],[4.91936,52.37158],[4.91931,52.37149],[4.91929,52.37141],[4.91873,52.37107],[4.91769,52.3706],[4.91749,52.37042],[4.91702,52.36992]]]}},{"type":"Feature","properties":{"name":"Oostenburg","wijk":"Oostelijke Eilanden/Kadijken","stadsdeel":"Centrum","pop":2900},"geometry":{"type":"Polygon","coordinates":[[[4.9202,52.36875],[4.9223,52.36805],[4.92376,52.36756],[4.92402,52.36749],[4.9243,52.36744],[4.92536,52.3681],[4.9258,52.36837],[4.92587,52.36833],[4.92613,52.36849],[4.92605,52.36854],[4.92654,52.36885],[4.92883,52.37026],[4.92981,52.37082],[4.93197,52.37216],[4.93175,52.37235],[4.93143,52.37259],[4.93118,52.37275],[4.93088,52.37292],[4.93055,52.37308],[4.93019,52.37323],[4.92985,52.37335],[4.9294,52.37347],[4.92855,52.37368],[4.92791,52.37385],[4.92786,52.37376],[4.92374,52.37118],[4.9225,52.37022],[4.92128,52.36946],[4.92106,52.36955],[4.92071,52.36931],[4.9202,52.36875]]]}},{"type":"Feature","properties":{"name":"Czaar Peterbuurt","wijk":"Oostelijke Eilanden/Kadijken","stadsdeel":"Centrum","pop":2320},"geometry":{"type":"Polygon","coordinates":[[[4.9243,52.36744],[4.92449,52.36742],[4.9253,52.36722],[4.9256,52.36714],[4.92671,52.36711],[4.92715,52.36715],[4.9276,52.36717],[4.9276,52.36731],[4.92822,52.36765],[4.92907,52.36817],[4.92906,52.3684],[4.92913,52.36845],[4.92961,52.36868],[4.9301,52.36891],[4.93016,52.36897],[4.93078,52.36939],[4.93084,52.36944],[4.93095,52.36954],[4.93104,52.36959],[4.93105,52.36961],[4.93105,52.36968],[4.93107,52.3697],[4.93126,52.36989],[4.93135,52.36993],[4.93157,52.36999],[4.93165,52.37002],[4.93187,52.3702],[4.93189,52.37026],[4.93201,52.37028],[4.93275,52.37056],[4.9328,52.37054],[4.93285,52.37053],[4.93289,52.37053],[4.93294,52.37055],[4.93291,52.37067],[4.9329,52.37067],[4.9329,52.37068],[4.93285,52.37068],[4.93282,52.37069],[4.93278,52.37073],[4.93277,52.3709],[4.93263,52.37128],[4.93251,52.3715],[4.93233,52.3717],[4.93232,52.37173],[4.93233,52.37175],[4.9324,52.37178],[4.93226,52.37196],[4.93218,52.37196],[4.93211,52.37198],[4.93197,52.37216],[4.92981,52.37082],[4.92883,52.37026],[4.92654,52.36885],[4.92605,52.36854],[4.92613,52.36849],[4.92587,52.36833],[4.9258,52.36837],[4.92536,52.3681],[4.9243,52.36744]]]}},{"type":"Feature","properties":{"name":"Het Funen","wijk":"Oostelijke Eilanden/Kadijken","stadsdeel":"Centrum","pop":1295},"geometry":{"type":"Polygon","coordinates":[[[4.92671,52.36711],[4.92714,52.36646],[4.92732,52.36649],[4.92751,52.3665],[4.93159,52.36657],[4.93199,52.36724],[4.93219,52.36757],[4.93213,52.3676],[4.93211,52.36764],[4.93212,52.36766],[4.93209,52.36767],[4.93259,52.3685],[4.93269,52.3687],[4.93283,52.36907],[4.9329,52.3694],[4.93295,52.3699],[4.93292,52.37005],[4.9329,52.37037],[4.93296,52.37041],[4.93297,52.37041],[4.93294,52.37055],[4.93289,52.37053],[4.93285,52.37053],[4.9328,52.37054],[4.93275,52.37056],[4.93201,52.37028],[4.93189,52.37026],[4.93187,52.3702],[4.93165,52.37002],[4.93157,52.36999],[4.93135,52.36993],[4.93126,52.36989],[4.93107,52.3697],[4.93105,52.36968],[4.93105,52.36961],[4.93104,52.36959],[4.93095,52.36954],[4.93084,52.36944],[4.93078,52.36939],[4.93016,52.36897],[4.9301,52.36891],[4.92961,52.36868],[4.92913,52.36845],[4.92906,52.3684],[4.92907,52.36817],[4.92822,52.36765],[4.9276,52.36731],[4.9276,52.36717],[4.92715,52.36715],[4.92671,52.36711]]]}},{"type":"Feature","properties":{"name":"Kadijken","wijk":"Oostelijke Eilanden/Kadijken","stadsdeel":"Centrum","pop":2905},"geometry":{"type":"Polygon","coordinates":[[[4.91069,52.3697],[4.92124,52.3661],[4.92162,52.36558],[4.92204,52.36532],[4.92396,52.3665],[4.92504,52.36699],[4.92513,52.36705],[4.9253,52.36722],[4.92449,52.36742],[4.9243,52.36744],[4.92402,52.36749],[4.92376,52.36756],[4.9223,52.36805],[4.9202,52.36875],[4.91954,52.36897],[4.91702,52.36992],[4.91514,52.37058],[4.91482,52.37072],[4.91445,52.37091],[4.91341,52.37147],[4.91113,52.36997],[4.91069,52.3697]]]}},{"type":"Feature","properties":{"name":"Kazernebuurt","wijk":"Oostelijke Eilanden/Kadijken","stadsdeel":"Centrum","pop":940},"geometry":{"type":"Polygon","coordinates":[[[4.92055,52.36482],[4.92231,52.36376],[4.92478,52.36525],[4.9256,52.36567],[4.9266,52.36627],[4.92673,52.36633],[4.92685,52.36638],[4.92699,52.36643],[4.92714,52.36646],[4.92671,52.36711],[4.9256,52.36714],[4.9253,52.36722],[4.92513,52.36705],[4.92504,52.36699],[4.92396,52.3665],[4.92204,52.36532],[4.92162,52.36558],[4.92127,52.36528],[4.92055,52.36482]]]}},{"type":"Feature","properties":{"name":"Afrikahaven","wijk":"Havens-West","stadsdeel":"Westpoort","pop":5},"geometry":{"type":"Polygon","coordinates":[[[4.75321,52.42924],[4.75023,52.42962],[4.73922,52.43107],[4.7385,52.42901],[4.73826,52.42827],[4.73823,52.4282],[4.73792,52.42733],[4.73769,52.42665],[4.7375,52.42611],[4.73732,52.42556],[4.73629,52.42257],[4.73617,52.42219],[4.73569,52.42079],[4.73538,52.41989],[4.73497,52.41865],[4.73488,52.41846],[4.73482,52.4183],[4.73474,52.41808],[4.73442,52.41713],[4.73297,52.41286],[4.73254,52.41162],[4.73246,52.41141],[4.73141,52.40831],[4.73106,52.4073],[4.73094,52.40691],[4.73016,52.40465],[4.73014,52.40461],[4.73007,52.40449],[4.72985,52.4038],[4.72978,52.4036],[4.7294,52.4025],[4.729,52.40138],[4.72884,52.40089],[4.72877,52.40071],[4.72899,52.40068],[4.73306,52.40015],[4.74615,52.39847],[4.7485,52.39817],[4.75543,52.39727],[4.75606,52.39719],[4.75603,52.39711],[4.7566,52.39703],[4.7572,52.39695],[4.75746,52.3969],[4.75749,52.39689],[4.75829,52.39921],[4.75937,52.39891],[4.75982,52.40022],[4.76027,52.40118],[4.75988,52.40185],[4.75986,52.40197],[4.75956,52.40315],[4.75893,52.4052],[4.75886,52.40537],[4.75875,52.40554],[4.75866,52.40565],[4.75846,52.40586],[4.75835,52.40595],[4.75819,52.40606],[4.75781,52.40628],[4.75798,52.40641],[4.75804,52.40647],[4.75809,52.40655],[4.75813,52.40665],[4.75813,52.40676],[4.75804,52.40705],[4.75802,52.40722],[4.75772,52.40823],[4.75749,52.4091],[4.75671,52.4117],[4.75654,52.41241],[4.75635,52.41306],[4.75626,52.41325],[4.75578,52.41487],[4.75547,52.41596],[4.75511,52.41712],[4.75474,52.41838],[4.75437,52.41969],[4.75408,52.42093],[4.75385,52.42232],[4.75372,52.42362],[4.75366,52.4255],[4.75363,52.42573],[4.75361,52.42583],[4.75356,52.42599],[4.75349,52.42616],[4.75333,52.42643],[4.75318,52.42664],[4.7531,52.42674],[4.75291,52.42693],[4.7527,52.42711],[4.75252,52.42724],[4.75321,52.42924]]]}},{"type":"Feature","properties":{"name":"Amerikahaven","wijk":"Havens-West","stadsdeel":"Westpoort","pop":5},"geometry":{"type":"Polygon","coordinates":[[[4.75252,52.42724],[4.7527,52.42711],[4.75291,52.42693],[4.7531,52.42674],[4.75318,52.42664],[4.75333,52.42643],[4.75349,52.42616],[4.75356,52.42599],[4.75361,52.42583],[4.75363,52.42573],[4.75366,52.4255],[4.75372,52.42362],[4.75385,52.42232],[4.75408,52.42093],[4.75437,52.41969],[4.75474,52.41838],[4.75511,52.41712],[4.75547,52.41596],[4.75578,52.41487],[4.75626,52.41325],[4.75635,52.41306],[4.75654,52.41241],[4.75671,52.4117],[4.75749,52.4091],[4.75772,52.40823],[4.75802,52.40722],[4.75804,52.40705],[4.75813,52.40676],[4.75813,52.40665],[4.75809,52.40655],[4.75804,52.40647],[4.75798,52.40641],[4.75781,52.40628],[4.75819,52.40606],[4.75835,52.40595],[4.75846,52.40586],[4.75866,52.40565],[4.75875,52.40554],[4.75886,52.40537],[4.75893,52.4052],[4.75956,52.40315],[4.75986,52.40197],[4.75988,52.40185],[4.76027,52.40118],[4.75982,52.40022],[4.76477,52.39959],[4.76541,52.39953],[4.76741,52.39927],[4.76892,52.39901],[4.76923,52.39894],[4.77125,52.39839],[4.77101,52.39821],[4.77086,52.39805],[4.77074,52.39785],[4.7707,52.39772],[4.77063,52.39737],[4.77299,52.39483],[4.77501,52.39913],[4.79272,52.39914],[4.79303,52.39917],[4.79379,52.39927],[4.7949,52.39935],[4.7953,52.39934],[4.79554,52.39934],[4.79571,52.39937],[4.79596,52.39942],[4.7963,52.39952],[4.79678,52.3997],[4.79739,52.39996],[4.79793,52.40013],[4.79825,52.4002],[4.79841,52.40022],[4.79864,52.40025],[4.79891,52.40028],[4.79914,52.40028],[4.79942,52.40028],[4.79977,52.40026],[4.80018,52.4002],[4.80043,52.40015],[4.80067,52.40008],[4.80096,52.39999],[4.80115,52.39992],[4.80133,52.39983],[4.80139,52.39973],[4.80172,52.39997],[4.80182,52.39992],[4.80186,52.3999],[4.8019,52.3999],[4.80206,52.39993],[4.80211,52.39997],[4.8018,52.40068],[4.80168,52.4009],[4.80203,52.40094],[4.80205,52.40093],[4.80208,52.40092],[4.80232,52.40095],[4.8024,52.40098],[4.80244,52.40103],[4.80247,52.40183],[4.80251,52.40249],[4.80255,52.40288],[4.80261,52.40312],[4.80266,52.40345],[4.8028,52.40519],[4.80288,52.40642],[4.80295,52.40715],[4.80305,52.40789],[4.8032,52.40873],[4.80348,52.4099],[4.80375,52.41083],[4.80406,52.41171],[4.8041,52.41179],[4.80414,52.41181],[4.8042,52.41181],[4.80455,52.41263],[4.80483,52.41324],[4.80524,52.41403],[4.80569,52.41483],[4.8056,52.41485],[4.80573,52.41507],[4.806,52.41501],[4.80995,52.42303],[4.80701,52.4234],[4.80668,52.42345],[4.80189,52.42406],[4.79524,52.42491],[4.79212,52.42531],[4.78345,52.42642],[4.77247,52.42787],[4.76755,52.4285],[4.76719,52.42747],[4.76657,52.42755],[4.75321,52.42924],[4.75252,52.42724]]]}},{"type":"Feature","properties":{"name":"Westhaven-Noord","wijk":"Havens-West","stadsdeel":"Westpoort","pop":15},"geometry":{"type":"Polygon","coordinates":[[[4.80139,52.39973],[4.80163,52.3996],[4.80189,52.39941],[4.80209,52.39924],[4.80222,52.39908],[4.80238,52.39885],[4.80245,52.39871],[4.80274,52.39801],[4.80307,52.39738],[4.80341,52.39683],[4.80358,52.39658],[4.80399,52.39603],[4.80419,52.39579],[4.80462,52.3953],[4.80489,52.39504],[4.80495,52.39498],[4.80503,52.39494],[4.80518,52.39482],[4.8053,52.39471],[4.80541,52.39457],[4.80553,52.39452],[4.8058,52.39453],[4.80588,52.39456],[4.80599,52.39445],[4.80716,52.3949],[4.80736,52.395],[4.80762,52.3951],[4.80788,52.39518],[4.80855,52.39544],[4.80878,52.39524],[4.80898,52.39533],[4.80913,52.3952],[4.80923,52.39511],[4.80932,52.395],[4.80952,52.39481],[4.80962,52.39485],[4.80966,52.3948],[4.82894,52.39489],[4.82898,52.3948],[4.8291,52.39475],[4.8291,52.39378],[4.83566,52.39378],[4.83575,52.39503],[4.8358,52.39543],[4.83614,52.39544],[4.83613,52.39566],[4.83616,52.39596],[4.83611,52.39631],[4.83612,52.39687],[4.83627,52.39778],[4.83637,52.39855],[4.83639,52.39881],[4.8364,52.39989],[4.83639,52.40343],[4.83641,52.40367],[4.83644,52.40373],[4.83649,52.4038],[4.83893,52.40595],[4.83748,52.40659],[4.83441,52.4079],[4.8297,52.41001],[4.82941,52.41015],[4.82887,52.41046],[4.82843,52.41075],[4.82799,52.41109],[4.82776,52.41128],[4.82727,52.41174],[4.827,52.41203],[4.82666,52.41243],[4.82645,52.41272],[4.82629,52.41289],[4.82606,52.41327],[4.82594,52.41351],[4.82585,52.41375],[4.82577,52.414],[4.82572,52.41425],[4.82569,52.41458],[4.8257,52.41483],[4.82574,52.41512],[4.82579,52.41533],[4.82588,52.4156],[4.82627,52.41639],[4.82633,52.41657],[4.82634,52.41675],[4.82633,52.41693],[4.82627,52.4171],[4.82617,52.41726],[4.82669,52.41738],[4.82673,52.41739],[4.82684,52.41746],[4.8269,52.41752],[4.82692,52.41758],[4.82692,52.41774],[4.82687,52.41838],[4.82769,52.42077],[4.82773,52.42079],[4.82662,52.42092],[4.82611,52.42098],[4.82432,52.42116],[4.82028,52.42168],[4.80995,52.42303],[4.806,52.41501],[4.80573,52.41507],[4.8056,52.41485],[4.80569,52.41483],[4.80524,52.41403],[4.80483,52.41324],[4.80455,52.41263],[4.8042,52.41181],[4.80414,52.41181],[4.8041,52.41179],[4.80406,52.41171],[4.80375,52.41083],[4.80348,52.4099],[4.8032,52.40873],[4.80305,52.40789],[4.80295,52.40715],[4.80288,52.40642],[4.8028,52.40519],[4.80266,52.40345],[4.80261,52.40312],[4.80255,52.40288],[4.80251,52.40249],[4.80247,52.40183],[4.80244,52.40103],[4.8024,52.40098],[4.80232,52.40095],[4.80208,52.40092],[4.80205,52.40093],[4.80203,52.40094],[4.80168,52.4009],[4.8018,52.40068],[4.80211,52.39997],[4.80206,52.39993],[4.8019,52.3999],[4.80186,52.3999],[4.80182,52.39992],[4.80172,52.39997],[4.80139,52.39973]]]}},{"type":"Feature","properties":{"name":"Petroleumhaven","wijk":"Havens-West","stadsdeel":"Westpoort","pop":0},"geometry":{"type":"Polygon","coordinates":[[[4.82769,52.42077],[4.82687,52.41838],[4.82692,52.41774],[4.82692,52.41758],[4.8269,52.41752],[4.82684,52.41746],[4.82673,52.41739],[4.82669,52.41738],[4.82617,52.41726],[4.82627,52.4171],[4.82633,52.41693],[4.82634,52.41675],[4.82633,52.41657],[4.82627,52.41639],[4.82588,52.4156],[4.82579,52.41533],[4.82574,52.41512],[4.8257,52.41483],[4.82569,52.41458],[4.82572,52.41425],[4.82577,52.414],[4.82585,52.41375],[4.82594,52.41351],[4.82606,52.41327],[4.82629,52.41289],[4.82645,52.41272],[4.82666,52.41243],[4.827,52.41203],[4.82727,52.41174],[4.82776,52.41128],[4.82799,52.41109],[4.82843,52.41075],[4.82887,52.41046],[4.82941,52.41015],[4.8297,52.41001],[4.83441,52.4079],[4.83748,52.40659],[4.83893,52.40595],[4.84253,52.40434],[4.84434,52.4035],[4.84865,52.40142],[4.84935,52.40111],[4.85557,52.40629],[4.85833,52.40858],[4.85971,52.40975],[4.86161,52.41177],[4.86363,52.4139],[4.86088,52.4149],[4.85572,52.41632],[4.85609,52.41666],[4.85146,52.41743],[4.85078,52.41758],[4.8496,52.4178],[4.84921,52.41787],[4.84803,52.41807],[4.8464,52.41831],[4.84529,52.41847],[4.83633,52.41959],[4.83382,52.41991],[4.83281,52.42005],[4.83172,52.42021],[4.82956,52.42055],[4.82859,52.42068],[4.82773,52.42079],[4.82769,52.42077]]]}},{"type":"Feature","properties":{"name":"Vervoerscentrum","wijk":"Havens-West","stadsdeel":"Westpoort","pop":0},"geometry":{"type":"Polygon","coordinates":[[[4.83893,52.40595],[4.83649,52.4038],[4.83644,52.40373],[4.83641,52.40367],[4.83639,52.40343],[4.8364,52.39989],[4.83639,52.39881],[4.83637,52.39855],[4.83627,52.39778],[4.83612,52.39687],[4.83611,52.39631],[4.83616,52.39596],[4.83613,52.39566],[4.83614,52.39544],[4.83731,52.39544],[4.83789,52.39543],[4.83886,52.39617],[4.83949,52.39598],[4.83953,52.3958],[4.84176,52.39508],[4.84146,52.39483],[4.84067,52.39421],[4.84109,52.39442],[4.84136,52.39454],[4.84191,52.39476],[4.84225,52.39488],[4.84238,52.39492],[4.84251,52.39493],[4.84295,52.39506],[4.84327,52.39514],[4.84369,52.39523],[4.84399,52.39526],[4.84432,52.3953],[4.84442,52.39562],[4.84456,52.396],[4.84468,52.39629],[4.84485,52.39661],[4.84503,52.39693],[4.84533,52.3974],[4.84554,52.39767],[4.84583,52.39802],[4.84625,52.39848],[4.84675,52.39894],[4.84721,52.39933],[4.84935,52.40111],[4.84865,52.40142],[4.84434,52.4035],[4.84253,52.40434],[4.83893,52.40595]]]}},{"type":"Feature","properties":{"name":"Westhaven-Zuid","wijk":"Havens-West","stadsdeel":"Westpoort","pop":10},"geometry":{"type":"Polygon","coordinates":[[[4.83566,52.39378],[4.8291,52.39378],[4.8291,52.39475],[4.82898,52.3948],[4.82894,52.39489],[4.80966,52.3948],[4.80989,52.39458],[4.81003,52.39447],[4.8106,52.39407],[4.81084,52.39391],[4.81127,52.39367],[4.81176,52.39339],[4.8121,52.39321],[4.81246,52.39304],[4.81305,52.39279],[4.81371,52.39254],[4.81435,52.39231],[4.81465,52.39222],[4.81514,52.3921],[4.81537,52.39204],[4.81565,52.39199],[4.81618,52.39191],[4.81747,52.3919],[4.81879,52.39189],[4.83301,52.39191],[4.83366,52.39192],[4.83387,52.39194],[4.8343,52.39197],[4.83492,52.39204],[4.83545,52.39212],[4.83553,52.39219],[4.83558,52.39229],[4.83558,52.39232],[4.83558,52.39275],[4.83563,52.39301],[4.83566,52.39378]]]}},{"type":"Feature","properties":{"name":"Coenhaven","wijk":"Coenhaven/Minervahaven","stadsdeel":"Westpoort","pop":175},"geometry":{"type":"Polygon","coordinates":[[[4.85557,52.40629],[4.86821,52.40063],[4.86938,52.40119],[4.87778,52.40525],[4.87355,52.4083],[4.87344,52.40838],[4.87099,52.41013],[4.8671,52.41239],[4.86388,52.41382],[4.86363,52.4139],[4.86161,52.41177],[4.85971,52.40975],[4.85833,52.40858],[4.85557,52.40629]]]}},{"type":"Feature","properties":{"name":"Vlothaven","wijk":"Coenhaven/Minervahaven","stadsdeel":"Westpoort","pop":0},"geometry":{"type":"Polygon","coordinates":[[[4.84935,52.40111],[4.85036,52.40065],[4.8515,52.4],[4.85255,52.39944],[4.85305,52.39921],[4.85509,52.3983],[4.85941,52.39637],[4.86821,52.40063],[4.85557,52.40629],[4.84935,52.40111]]]}},{"type":"Feature","properties":{"name":"Minervahaven-Noordoost","wijk":"Coenhaven/Minervahaven","stadsdeel":"Westpoort","pop":785},"geometry":{"type":"Polygon","coordinates":[[[4.86938,52.40119],[4.87169,52.39698],[4.8719,52.39683],[4.87224,52.39699],[4.87266,52.39717],[4.87307,52.39732],[4.87351,52.39746],[4.87391,52.39757],[4.8744,52.39768],[4.8778,52.39831],[4.88339,52.4012],[4.8827,52.4017],[4.87778,52.40525],[4.86938,52.40119]]]}},{"type":"Feature","properties":{"name":"Minervahaven-Noordwest","wijk":"Coenhaven/Minervahaven","stadsdeel":"Westpoort","pop":5},"geometry":{"type":"Polygon","coordinates":[[[4.85941,52.39637],[4.86569,52.39375],[4.86896,52.39529],[4.86911,52.39549],[4.8719,52.39683],[4.87169,52.39698],[4.86938,52.40119],[4.86821,52.40063],[4.85941,52.39637]]]}},{"type":"Feature","properties":{"name":"Minervahaven-Zuidwest","wijk":"Coenhaven/Minervahaven","stadsdeel":"Westpoort","pop":0},"geometry":{"type":"Polygon","coordinates":[[[4.86569,52.39375],[4.86601,52.39362],[4.86604,52.39364],[4.86607,52.39363],[4.86609,52.39364],[4.86638,52.39352],[4.86661,52.39345],[4.86688,52.39339],[4.86706,52.39336],[4.86722,52.39334],[4.87129,52.39526],[4.87149,52.39508],[4.8715,52.39501],[4.87169,52.39477],[4.87178,52.39462],[4.87252,52.39475],[4.87268,52.39477],[4.87281,52.39477],[4.87296,52.39476],[4.87518,52.39456],[4.8719,52.39683],[4.86911,52.39549],[4.86896,52.39529],[4.86569,52.39375]]]}},{"type":"Feature","properties":{"name":"Minervahaven-Zuidoost","wijk":"Coenhaven/Minervahaven","stadsdeel":"Westpoort","pop":20},"geometry":{"type":"Polygon","coordinates":[[[4.8719,52.39683],[4.87518,52.39456],[4.87585,52.3945],[4.87603,52.39449],[4.87618,52.3945],[4.8763,52.39452],[4.87645,52.39456],[4.87658,52.39461],[4.88548,52.39917],[4.88586,52.39938],[4.88339,52.4012],[4.8778,52.39831],[4.8744,52.39768],[4.87391,52.39757],[4.87351,52.39746],[4.87307,52.39732],[4.87266,52.39717],[4.87224,52.39699],[4.8719,52.39683]]]}},{"type":"Feature","properties":{"name":"Alfa-driehoek","wijk":"Coenhaven/Minervahaven","stadsdeel":"Westpoort","pop":0},"geometry":{"type":"Polygon","coordinates":[[[4.84432,52.3953],[4.84485,52.39539],[4.84494,52.39542],[4.84544,52.39545],[4.8455,52.39549],[4.846,52.39551],[4.84675,52.39552],[4.84675,52.39546],[4.84711,52.39546],[4.84711,52.39547],[4.84906,52.39549],[4.85051,52.3955],[4.85051,52.39548],[4.85083,52.39549],[4.85083,52.3955],[4.85497,52.39552],[4.85497,52.39551],[4.85521,52.39551],[4.85509,52.3983],[4.85305,52.39921],[4.85255,52.39944],[4.8515,52.4],[4.85036,52.40065],[4.84935,52.40111],[4.84721,52.39933],[4.84675,52.39894],[4.84625,52.39848],[4.84583,52.39802],[4.84554,52.39767],[4.84533,52.3974],[4.84503,52.39693],[4.84485,52.39661],[4.84468,52.39629],[4.84456,52.396],[4.84442,52.39562],[4.84432,52.3953]]]}},{"type":"Feature","properties":{"name":"Hemknoop-Noord","wijk":"Coenhaven/Minervahaven","stadsdeel":"Westpoort","pop":0},"geometry":{"type":"Polygon","coordinates":[[[4.85509,52.3983],[4.85521,52.39551],[4.85562,52.39551],[4.85563,52.3954],[4.85691,52.3954],[4.85736,52.3954],[4.85772,52.39538],[4.85811,52.39535],[4.85893,52.39526],[4.85933,52.39519],[4.85975,52.3951],[4.86017,52.395],[4.86059,52.39489],[4.86095,52.39478],[4.86159,52.39454],[4.86187,52.39442],[4.86238,52.39416],[4.86264,52.39402],[4.86313,52.39371],[4.86341,52.39351],[4.86423,52.39287],[4.86555,52.39315],[4.86561,52.39316],[4.86564,52.3932],[4.86568,52.3932],[4.86586,52.39349],[4.86601,52.39362],[4.86569,52.39375],[4.85941,52.39637],[4.85509,52.3983]]]}},{"type":"Feature","properties":{"name":"Isolatorbuurt","wijk":"Sloterdijk-West","stadsdeel":"West","pop":60},"geometry":{"type":"Polygon","coordinates":[[[4.84432,52.3953],[4.84423,52.39494],[4.84417,52.39461],[4.84414,52.39428],[4.84412,52.39385],[4.84413,52.39329],[4.84421,52.39181],[4.85549,52.392],[4.85749,52.39218],[4.85731,52.39239],[4.85724,52.39383],[4.85695,52.39382],[4.8569,52.39483],[4.85691,52.3954],[4.85563,52.3954],[4.85562,52.39551],[4.85521,52.39551],[4.85497,52.39551],[4.85497,52.39552],[4.85083,52.3955],[4.85083,52.39549],[4.85051,52.39548],[4.85051,52.3955],[4.84906,52.39549],[4.84711,52.39547],[4.84711,52.39546],[4.84675,52.39546],[4.84675,52.39552],[4.846,52.39551],[4.8455,52.39549],[4.84544,52.39545],[4.84494,52.39542],[4.84485,52.39539],[4.84432,52.3953]]]}},{"type":"Feature","properties":{"name":"Contactbuurt","wijk":"Sloterdijk-West","stadsdeel":"West","pop":15},"geometry":{"type":"Polygon","coordinates":[[[4.84421,52.39181],[4.84434,52.38952],[4.84437,52.3889],[4.84466,52.3889],[4.84466,52.38892],[4.84469,52.38892],[4.84586,52.38892],[4.84724,52.38888],[4.84724,52.38892],[4.84745,52.38893],[4.84745,52.3889],[4.84992,52.38888],[4.84992,52.38892],[4.8509,52.38892],[4.8509,52.38888],[4.85366,52.38889],[4.85917,52.38893],[4.85908,52.39039],[4.85905,52.39053],[4.8588,52.39118],[4.85866,52.39118],[4.85848,52.39121],[4.85832,52.39127],[4.8582,52.39135],[4.85813,52.39141],[4.85771,52.39193],[4.85749,52.39218],[4.85549,52.392],[4.84421,52.39181]]]}},{"type":"Feature","properties":{"name":"Woon- en Groengebied Sloterdijk","wijk":"Sloterdijk-West","stadsdeel":"West","pop":580},"geometry":{"type":"Polygon","coordinates":[[[4.84469,52.38892],[4.84469,52.38876],[4.84466,52.38876],[4.84467,52.38862],[4.84476,52.38692],[4.84473,52.38638],[4.8448,52.38515],[4.84481,52.38515],[4.84481,52.38511],[4.84503,52.38512],[4.84532,52.38516],[4.84556,52.38517],[4.8462,52.38516],[4.84751,52.38517],[4.85297,52.38526],[4.85511,52.38531],[4.85525,52.3853],[4.85566,52.38531],[4.85667,52.38532],[4.86067,52.38539],[4.86421,52.38545],[4.86397,52.38611],[4.86388,52.38637],[4.8637,52.38674],[4.8635,52.38718],[4.86319,52.38803],[4.86492,52.38806],[4.86485,52.38865],[4.86493,52.38866],[4.86496,52.38897],[4.86476,52.38897],[4.86209,52.38895],[4.86209,52.38898],[4.86183,52.38898],[4.86182,52.38895],[4.85917,52.38893],[4.85366,52.38889],[4.8509,52.38888],[4.8509,52.38892],[4.84992,52.38892],[4.84992,52.38888],[4.84745,52.3889],[4.84745,52.38893],[4.84724,52.38892],[4.84724,52.38888],[4.84586,52.38892],[4.84469,52.38892]]]}},{"type":"Feature","properties":{"name":"Hemknoop-Zuid","wijk":"Spaarndammerbuurt/Zeeheldenbuurt","stadsdeel":"West","pop":0},"geometry":{"type":"Polygon","coordinates":[[[4.85691,52.3954],[4.8569,52.39483],[4.85695,52.39382],[4.85724,52.39383],[4.85731,52.39239],[4.85749,52.39218],[4.86109,52.39249],[4.86413,52.39285],[4.86423,52.39287],[4.86341,52.39351],[4.86313,52.39371],[4.86264,52.39402],[4.86238,52.39416],[4.86187,52.39442],[4.86159,52.39454],[4.86095,52.39478],[4.86059,52.39489],[4.86017,52.395],[4.85975,52.3951],[4.85933,52.39519],[4.85893,52.39526],[4.85811,52.39535],[4.85772,52.39538],[4.85736,52.3954],[4.85691,52.3954]]]}},{"type":"Feature","properties":{"name":"Overbraker Binnenpolder","wijk":"Spaarndammerbuurt/Zeeheldenbuurt","stadsdeel":"West","pop":5},"geometry":{"type":"Polygon","coordinates":[[[4.85749,52.39218],[4.85771,52.39193],[4.85813,52.39141],[4.8582,52.39135],[4.85832,52.39127],[4.85848,52.39121],[4.85866,52.39118],[4.8588,52.39118],[4.85905,52.39053],[4.85908,52.39039],[4.85917,52.38893],[4.86182,52.38895],[4.86183,52.38898],[4.86209,52.38898],[4.86209,52.38895],[4.86476,52.38897],[4.86496,52.38897],[4.86493,52.38866],[4.86485,52.38865],[4.86492,52.38806],[4.86319,52.38803],[4.8635,52.38718],[4.8637,52.38674],[4.86388,52.38637],[4.86397,52.38611],[4.86475,52.38627],[4.86525,52.38639],[4.86733,52.38702],[4.86951,52.38767],[4.87029,52.38789],[4.87084,52.38804],[4.87214,52.38835],[4.87103,52.38863],[4.86995,52.38897],[4.86822,52.38987],[4.86781,52.39012],[4.86738,52.3904],[4.86678,52.39082],[4.86641,52.39109],[4.86599,52.39141],[4.86575,52.3916],[4.86537,52.39197],[4.86527,52.39203],[4.86413,52.39285],[4.86109,52.39249],[4.85749,52.39218]]]}},{"type":"Feature","properties":{"name":"Zaanstraat emplacement","wijk":"Spaarndammerbuurt/Zeeheldenbuurt","stadsdeel":"West","pop":0},"geometry":{"type":"Polygon","coordinates":[[[4.86413,52.39285],[4.86527,52.39203],[4.86537,52.39197],[4.86575,52.3916],[4.86599,52.39141],[4.86641,52.39109],[4.86678,52.39082],[4.86738,52.3904],[4.86781,52.39012],[4.86822,52.38987],[4.86995,52.38897],[4.87103,52.38863],[4.87214,52.38835],[4.8731,52.38819],[4.8742,52.38805],[4.8752,52.38794],[4.87525,52.38792],[4.87591,52.38779],[4.87595,52.38779],[4.87602,52.38778],[4.87605,52.38777],[4.87672,52.38763],[4.87717,52.38753],[4.87741,52.38746],[4.87783,52.38731],[4.8781,52.38725],[4.87833,52.38724],[4.87877,52.38771],[4.87779,52.38812],[4.87455,52.38957],[4.87261,52.39043],[4.87141,52.39096],[4.87123,52.39092],[4.87086,52.39107],[4.87033,52.3913],[4.86789,52.39243],[4.86632,52.39312],[4.86599,52.39307],[4.86563,52.39299],[4.86555,52.39315],[4.86423,52.39287],[4.86413,52.39285]]]}},{"type":"Feature","properties":{"name":"Spaarndammerbuurt-Noordwest","wijk":"Spaarndammerbuurt/Zeeheldenbuurt","stadsdeel":"West","pop":1920},"geometry":{"type":"Polygon","coordinates":[[[4.86632,52.39312],[4.86789,52.39243],[4.87033,52.3913],[4.87086,52.39107],[4.87123,52.39092],[4.87141,52.39096],[4.87261,52.39043],[4.87289,52.39066],[4.87304,52.39074],[4.87348,52.39088],[4.87381,52.39097],[4.87665,52.39183],[4.87747,52.39222],[4.87678,52.39269],[4.87667,52.39274],[4.87656,52.39278],[4.87643,52.3928],[4.87632,52.39282],[4.87406,52.39285],[4.87359,52.39287],[4.87312,52.3929],[4.87158,52.39306],[4.87116,52.39309],[4.87051,52.39312],[4.86734,52.39319],[4.86685,52.39318],[4.86656,52.39315],[4.86632,52.39312]]]}},{"type":"Feature","properties":{"name":"Spaarndammerbuurt-Midden","wijk":"Spaarndammerbuurt/Zeeheldenbuurt","stadsdeel":"West","pop":1460},"geometry":{"type":"Polygon","coordinates":[[[4.87261,52.39043],[4.87455,52.38957],[4.87836,52.39071],[4.87827,52.39094],[4.87813,52.39143],[4.87821,52.39166],[4.87813,52.3917],[4.87747,52.39222],[4.87665,52.39183],[4.87381,52.39097],[4.87348,52.39088],[4.87304,52.39074],[4.87289,52.39066],[4.87261,52.39043]]]}},{"type":"Feature","properties":{"name":"Spaarndammerbuurt-Zuidwest","wijk":"Spaarndammerbuurt/Zeeheldenbuurt","stadsdeel":"West","pop":1800},"geometry":{"type":"Polygon","coordinates":[[[4.87455,52.38957],[4.87779,52.38812],[4.87877,52.38771],[4.87904,52.3876],[4.88103,52.3869],[4.88151,52.38679],[4.87971,52.38903],[4.87836,52.39071],[4.87455,52.38957]]]}},{"type":"Feature","properties":{"name":"Spaarndammerbuurt-Noordoost","wijk":"Spaarndammerbuurt/Zeeheldenbuurt","stadsdeel":"West","pop":2645},"geometry":{"type":"Polygon","coordinates":[[[4.87813,52.39143],[4.87827,52.39094],[4.87836,52.39071],[4.87971,52.38903],[4.88043,52.38925],[4.88126,52.38915],[4.88124,52.3891],[4.88157,52.38877],[4.88399,52.38846],[4.88448,52.38838],[4.88552,52.39047],[4.88476,52.39078],[4.8784,52.3916],[4.8783,52.39162],[4.87821,52.39166],[4.87813,52.39143]]]}},{"type":"Feature","properties":{"name":"Zeeheldenbuurt","wijk":"Spaarndammerbuurt/Zeeheldenbuurt","stadsdeel":"West","pop":1955},"geometry":{"type":"Polygon","coordinates":[[[4.88448,52.38838],[4.88575,52.38817],[4.88598,52.38813],[4.89102,52.38844],[4.8909,52.38892],[4.89194,52.38909],[4.8915,52.38995],[4.89142,52.38993],[4.89137,52.39003],[4.88567,52.39076],[4.88552,52.39047],[4.88448,52.38838]]]}},{"type":"Feature","properties":{"name":"Westergasfabriek","wijk":"Spaarndammerbuurt/Zeeheldenbuurt","stadsdeel":"West","pop":0},"geometry":{"type":"Polygon","coordinates":[[[4.86397,52.38611],[4.86421,52.38545],[4.86687,52.3855],[4.86941,52.38554],[4.8715,52.38558],[4.875,52.38564],[4.87995,52.38572],[4.88032,52.38574],[4.88054,52.38574],[4.8809,52.38574],[4.88124,52.38571],[4.88175,52.38564],[4.88259,52.38546],[4.88304,52.386],[4.88324,52.38624],[4.8819,52.3867],[4.88151,52.38679],[4.88103,52.3869],[4.87904,52.3876],[4.87877,52.38771],[4.87833,52.38724],[4.8781,52.38725],[4.87783,52.38731],[4.87741,52.38746],[4.87717,52.38753],[4.87672,52.38763],[4.87605,52.38777],[4.87602,52.38778],[4.87595,52.38779],[4.87591,52.38779],[4.87525,52.38792],[4.8752,52.38794],[4.8742,52.38805],[4.8731,52.38819],[4.87214,52.38835],[4.87084,52.38804],[4.87029,52.38789],[4.86951,52.38767],[4.86733,52.38702],[4.86525,52.38639],[4.86475,52.38627],[4.86397,52.38611]]]}},{"type":"Feature","properties":{"name":"Spaarndammerbuurt-Zuidoost","wijk":"Spaarndammerbuurt/Zeeheldenbuurt","stadsdeel":"West","pop":1020},"geometry":{"type":"Polygon","coordinates":[[[4.87971,52.38903],[4.88151,52.38679],[4.8819,52.3867],[4.88324,52.38624],[4.884,52.38734],[4.88448,52.38838],[4.88399,52.38846],[4.88157,52.38877],[4.88124,52.3891],[4.88126,52.38915],[4.88043,52.38925],[4.87971,52.38903]]]}},{"type":"Feature","properties":{"name":"Houthavens-West","wijk":"Houthavens","stadsdeel":"West","pop":4015},"geometry":{"type":"Polygon","coordinates":[[[4.86555,52.39315],[4.86563,52.39299],[4.86599,52.39307],[4.86632,52.39312],[4.86656,52.39315],[4.86685,52.39318],[4.86734,52.39319],[4.87051,52.39312],[4.87116,52.39309],[4.87158,52.39306],[4.87312,52.3929],[4.87359,52.39287],[4.87406,52.39285],[4.87632,52.39282],[4.87643,52.3928],[4.87656,52.39278],[4.87667,52.39274],[4.87678,52.39269],[4.87747,52.39222],[4.87813,52.3917],[4.87821,52.39166],[4.8783,52.39162],[4.8784,52.3916],[4.88476,52.39078],[4.88552,52.39047],[4.88567,52.39076],[4.88784,52.39364],[4.8911,52.39485],[4.89156,52.39511],[4.88978,52.39641],[4.88586,52.39938],[4.88548,52.39917],[4.87658,52.39461],[4.87645,52.39456],[4.8763,52.39452],[4.87618,52.3945],[4.87603,52.39449],[4.87585,52.3945],[4.87518,52.39456],[4.87296,52.39476],[4.87281,52.39477],[4.87268,52.39477],[4.87252,52.39475],[4.87178,52.39462],[4.87169,52.39477],[4.8715,52.39501],[4.87149,52.39508],[4.87129,52.39526],[4.86722,52.39334],[4.86706,52.39336],[4.86688,52.39339],[4.86661,52.39345],[4.86638,52.39352],[4.86609,52.39364],[4.86607,52.39363],[4.86604,52.39364],[4.86601,52.39362],[4.86586,52.39349],[4.86568,52.3932],[4.86564,52.3932],[4.86561,52.39316],[4.86555,52.39315]]]}},{"type":"Feature","properties":{"name":"Houthavens-Oost","wijk":"Houthavens","stadsdeel":"West","pop":645},"geometry":{"type":"Polygon","coordinates":[[[4.88567,52.39076],[4.89137,52.39003],[4.89142,52.38993],[4.8915,52.38995],[4.89194,52.38909],[4.8909,52.38892],[4.89102,52.38844],[4.89207,52.38851],[4.89221,52.38819],[4.89231,52.38821],[4.8923,52.38822],[4.89231,52.38836],[4.89237,52.38852],[4.89508,52.38869],[4.89468,52.38994],[4.89399,52.39205],[4.89366,52.39282],[4.89322,52.39356],[4.89266,52.39421],[4.89201,52.39479],[4.89156,52.39511],[4.8911,52.39485],[4.88784,52.39364],[4.88567,52.39076]]]}},{"type":"Feature","properties":{"name":"Kolenkitbuurt-Noord","wijk":"De Kolenkit","stadsdeel":"West","pop":4805},"geometry":{"type":"Polygon","coordinates":[[[4.83772,52.37886],[4.84213,52.37818],[4.84407,52.3779],[4.84445,52.37884],[4.84463,52.37942],[4.84467,52.3796],[4.84473,52.37991],[4.84479,52.38041],[4.8448,52.38061],[4.8448,52.38104],[4.84458,52.3851],[4.84393,52.38509],[4.84329,52.3851],[4.83984,52.38504],[4.83926,52.38502],[4.83936,52.38459],[4.83942,52.38459],[4.83945,52.38443],[4.83942,52.38443],[4.83946,52.38404],[4.83945,52.38404],[4.83946,52.38384],[4.83945,52.38363],[4.83946,52.38363],[4.83945,52.38356],[4.83944,52.38356],[4.83939,52.38317],[4.83941,52.38317],[4.8393,52.3827],[4.83931,52.3827],[4.83914,52.38221],[4.83913,52.3822],[4.8391,52.38212],[4.83909,52.38212],[4.83904,52.38201],[4.83895,52.3818],[4.83897,52.3818],[4.83892,52.38169],[4.83894,52.38169],[4.83891,52.38162],[4.8389,52.38162],[4.83876,52.38131],[4.83878,52.38131],[4.83869,52.3811],[4.83868,52.3811],[4.83853,52.38075],[4.83855,52.38075],[4.83846,52.38054],[4.83845,52.38054],[4.8383,52.38019],[4.83831,52.38018],[4.83822,52.37998],[4.83821,52.37998],[4.83811,52.37972],[4.83812,52.37972],[4.83787,52.37914],[4.83785,52.37914],[4.83782,52.37907],[4.83781,52.37907],[4.83772,52.37886]]]}},{"type":"Feature","properties":{"name":"Kolenkitbuurt-Zuid","wijk":"De Kolenkit","stadsdeel":"West","pop":2170},"geometry":{"type":"Polygon","coordinates":[[[4.8367,52.37635],[4.84301,52.37536],[4.84407,52.3779],[4.84213,52.37818],[4.83772,52.37886],[4.83765,52.37867],[4.83768,52.37868],[4.83766,52.37861],[4.83763,52.37854],[4.83761,52.37854],[4.83746,52.37819],[4.83746,52.37817],[4.83739,52.37799],[4.8367,52.37635]]]}},{"type":"Feature","properties":{"name":"Laan van Spartaan","wijk":"De Kolenkit","stadsdeel":"West","pop":2800},"geometry":{"type":"Polygon","coordinates":[[[4.83534,52.37315],[4.8406,52.37233],[4.84086,52.3723],[4.84119,52.37227],[4.84214,52.37224],[4.84224,52.37299],[4.84234,52.37345],[4.84241,52.37373],[4.84264,52.37446],[4.84301,52.37536],[4.8367,52.37635],[4.83549,52.37345],[4.83548,52.37345],[4.83544,52.37336],[4.83543,52.37336],[4.83534,52.37315]]]}},{"type":"Feature","properties":{"name":"Robert Scottbuurt-West","wijk":"De Kolenkit","stadsdeel":"West","pop":2000},"geometry":{"type":"Polygon","coordinates":[[[4.84214,52.37224],[4.8426,52.37222],[4.84304,52.37222],[4.84439,52.37219],[4.84528,52.37222],[4.84555,52.37223],[4.84592,52.37227],[4.84609,52.3723],[4.84637,52.37236],[4.84678,52.37241],[4.84667,52.37268],[4.84635,52.37324],[4.84609,52.37403],[4.84604,52.37409],[4.84596,52.37414],[4.84587,52.37417],[4.84579,52.37419],[4.84556,52.3752],[4.84602,52.37524],[4.84647,52.37529],[4.84686,52.37536],[4.84742,52.37547],[4.84608,52.37795],[4.84521,52.37777],[4.84508,52.37776],[4.84494,52.37777],[4.84407,52.3779],[4.84301,52.37536],[4.84264,52.37446],[4.84241,52.37373],[4.84234,52.37345],[4.84224,52.37299],[4.84214,52.37224]]]}},{"type":"Feature","properties":{"name":"Bosleeuw","wijk":"Landlust","stadsdeel":"West","pop":5485},"geometry":{"type":"Polygon","coordinates":[[[4.84407,52.3779],[4.84494,52.37777],[4.84508,52.37776],[4.84521,52.37777],[4.84608,52.37795],[4.85162,52.37907],[4.85195,52.37914],[4.85221,52.37923],[4.85238,52.3793],[4.85253,52.37937],[4.85362,52.38007],[4.8546,52.38071],[4.85436,52.38084],[4.85179,52.38232],[4.85132,52.38257],[4.85091,52.38276],[4.84767,52.38416],[4.8476,52.38421],[4.84754,52.38427],[4.8475,52.38437],[4.84748,52.38481],[4.84751,52.38517],[4.8462,52.38516],[4.84556,52.38517],[4.84532,52.38516],[4.84503,52.38512],[4.84481,52.38511],[4.84458,52.3851],[4.8448,52.38104],[4.8448,52.38061],[4.84479,52.38041],[4.84473,52.37991],[4.84467,52.3796],[4.84463,52.37942],[4.84445,52.37884],[4.84407,52.3779]]]}},{"type":"Feature","properties":{"name":"Gibraltarbuurt","wijk":"Landlust","stadsdeel":"West","pop":4185},"geometry":{"type":"Polygon","coordinates":[[[4.84748,52.38481],[4.8475,52.38437],[4.84754,52.38427],[4.8476,52.38421],[4.84767,52.38416],[4.85091,52.38276],[4.85132,52.38257],[4.85179,52.38232],[4.85436,52.38084],[4.8546,52.38071],[4.85533,52.38117],[4.85542,52.38124],[4.85548,52.38133],[4.85552,52.38143],[4.85554,52.38153],[4.85552,52.38251],[4.85705,52.38254],[4.85702,52.38336],[4.85694,52.38348],[4.85692,52.38407],[4.85673,52.38407],[4.85667,52.38532],[4.85566,52.38531],[4.85525,52.3853],[4.85511,52.38531],[4.85297,52.38526],[4.84751,52.38517],[4.84748,52.38481]]]}},{"type":"Feature","properties":{"name":"Bedrijventerrein Landlust","wijk":"Landlust","stadsdeel":"West","pop":585},"geometry":{"type":"Polygon","coordinates":[[[4.85667,52.38532],[4.85673,52.38407],[4.85692,52.38407],[4.85694,52.38348],[4.85702,52.38336],[4.85705,52.38254],[4.8572,52.38251],[4.85737,52.38247],[4.85749,52.38242],[4.85764,52.38235],[4.86151,52.38012],[4.86176,52.38027],[4.86263,52.38039],[4.86212,52.38171],[4.86192,52.38222],[4.86181,52.38247],[4.86162,52.38282],[4.86133,52.3833],[4.86097,52.38381],[4.86088,52.38397],[4.86081,52.38412],[4.86074,52.38433],[4.86071,52.38452],[4.86067,52.38539],[4.85667,52.38532]]]}},{"type":"Feature","properties":{"name":"Landlust-Noord","wijk":"Landlust","stadsdeel":"West","pop":2410},"geometry":{"type":"Polygon","coordinates":[[[4.8546,52.38071],[4.8552,52.38037],[4.85546,52.38021],[4.85584,52.37995],[4.85616,52.3797],[4.85635,52.37952],[4.85654,52.37934],[4.85677,52.37908],[4.85771,52.3794],[4.86098,52.37985],[4.8611,52.37989],[4.8612,52.37994],[4.86151,52.38012],[4.85764,52.38235],[4.85749,52.38242],[4.85737,52.38247],[4.8572,52.38251],[4.85705,52.38254],[4.85552,52.38251],[4.85554,52.38153],[4.85552,52.38143],[4.85548,52.38133],[4.85542,52.38124],[4.85533,52.38117],[4.8546,52.38071]]]}},{"type":"Feature","properties":{"name":"Erasmusparkbuurt-Oost","wijk":"Landlust","stadsdeel":"West","pop":1865},"geometry":{"type":"Polygon","coordinates":[[[4.85362,52.38007],[4.85409,52.37979],[4.85455,52.37988],[4.85489,52.37966],[4.85509,52.37952],[4.85533,52.37933],[4.85555,52.37912],[4.85576,52.37891],[4.85593,52.37878],[4.85605,52.37867],[4.85615,52.37856],[4.85626,52.3784],[4.85632,52.37828],[4.85637,52.37816],[4.8568,52.37685],[4.85467,52.3766],[4.85531,52.37453],[4.85551,52.37455],[4.85557,52.37436],[4.85769,52.3746],[4.85857,52.37466],[4.85854,52.37482],[4.85768,52.37758],[4.8576,52.37778],[4.85746,52.37809],[4.85729,52.37839],[4.85709,52.37868],[4.85677,52.37908],[4.85654,52.37934],[4.85635,52.37952],[4.85616,52.3797],[4.85584,52.37995],[4.85546,52.38021],[4.8552,52.38037],[4.8546,52.38071],[4.85362,52.38007]]]}},{"type":"Feature","properties":{"name":"Landlust-Zuid","wijk":"Landlust","stadsdeel":"West","pop":4125},"geometry":{"type":"Polygon","coordinates":[[[4.85677,52.37908],[4.85709,52.37868],[4.85729,52.37839],[4.85746,52.37809],[4.8576,52.37778],[4.85768,52.37758],[4.85854,52.37482],[4.85857,52.37466],[4.8587,52.37466],[4.85975,52.37479],[4.86046,52.37491],[4.86207,52.37509],[4.86287,52.3752],[4.86444,52.37541],[4.86263,52.38039],[4.86176,52.38027],[4.86151,52.38012],[4.8612,52.37994],[4.8611,52.37989],[4.86098,52.37985],[4.85771,52.3794],[4.85677,52.37908]]]}},{"type":"Feature","properties":{"name":"Robert Scottbuurt-Oost","wijk":"Erasmuspark","stadsdeel":"West","pop":1750},"geometry":{"type":"Polygon","coordinates":[[[4.84686,52.37536],[4.84647,52.37529],[4.84602,52.37524],[4.84556,52.3752],[4.84579,52.37419],[4.84587,52.37417],[4.84596,52.37414],[4.84604,52.37409],[4.84609,52.37403],[4.84635,52.37324],[4.84667,52.37268],[4.84678,52.37241],[4.84712,52.37244],[4.84888,52.37274],[4.84931,52.37282],[4.84999,52.37294],[4.84834,52.37567],[4.84742,52.37547],[4.84686,52.37536]]]}},{"type":"Feature","properties":{"name":"Erasmusparkbuurt-West","wijk":"Erasmuspark","stadsdeel":"West","pop":3995},"geometry":{"type":"Polygon","coordinates":[[[4.84608,52.37795],[4.84742,52.37547],[4.84834,52.37567],[4.84999,52.37294],[4.85112,52.37317],[4.85242,52.3734],[4.8529,52.37349],[4.85315,52.37356],[4.85466,52.37417],[4.85481,52.37423],[4.85495,52.37427],[4.8551,52.3743],[4.85557,52.37436],[4.85551,52.37455],[4.85531,52.37453],[4.85467,52.3766],[4.8568,52.37685],[4.85637,52.37816],[4.85632,52.37828],[4.85626,52.3784],[4.85615,52.37856],[4.85605,52.37867],[4.85593,52.37878],[4.85576,52.37891],[4.85555,52.37912],[4.85533,52.37933],[4.85509,52.37952],[4.85489,52.37966],[4.85455,52.37988],[4.85409,52.37979],[4.85362,52.38007],[4.85253,52.37937],[4.85238,52.3793],[4.85221,52.37923],[4.85195,52.37914],[4.85162,52.37907],[4.84608,52.37795]]]}},{"type":"Feature","properties":{"name":"Bedrijvencentrum Westerkwartier","wijk":"Centrale Markt","stadsdeel":"West","pop":60},"geometry":{"type":"Polygon","coordinates":[[[4.86067,52.38539],[4.86071,52.38452],[4.86074,52.38433],[4.86081,52.38412],[4.86088,52.38397],[4.86097,52.38381],[4.86133,52.3833],[4.86162,52.38282],[4.86181,52.38247],[4.86192,52.38222],[4.86212,52.38171],[4.86274,52.3818],[4.86281,52.38179],[4.86291,52.3818],[4.86301,52.38182],[4.86309,52.38184],[4.86317,52.38188],[4.8637,52.38227],[4.86376,52.38232],[4.86379,52.38237],[4.86381,52.38242],[4.8638,52.38253],[4.86363,52.38282],[4.86349,52.38318],[4.86492,52.38338],[4.86502,52.38311],[4.86512,52.38312],[4.8653,52.38268],[4.86535,52.38269],[4.86547,52.38253],[4.86577,52.3817],[4.86581,52.38171],[4.86583,52.38164],[4.86608,52.38168],[4.86616,52.38178],[4.86782,52.38201],[4.86795,52.38207],[4.86804,52.38208],[4.86756,52.38335],[4.86726,52.38424],[4.86726,52.38438],[4.86687,52.3855],[4.86421,52.38545],[4.86067,52.38539]]]}},{"type":"Feature","properties":{"name":"GWL-terrein","wijk":"Centrale Markt","stadsdeel":"West","pop":1235},"geometry":{"type":"Polygon","coordinates":[[[4.86687,52.3855],[4.86726,52.38438],[4.86726,52.38424],[4.86756,52.38335],[4.86804,52.38208],[4.87067,52.38253],[4.86941,52.38554],[4.86687,52.3855]]]}},{"type":"Feature","properties":{"name":"Markthallen","wijk":"Centrale Markt","stadsdeel":"West","pop":15},"geometry":{"type":"Polygon","coordinates":[[[4.86212,52.38171],[4.86263,52.38039],[4.86444,52.37541],[4.86561,52.37557],[4.86619,52.37563],[4.86708,52.3757],[4.86777,52.37573],[4.86816,52.37573],[4.86851,52.37572],[4.86889,52.37568],[4.86933,52.37557],[4.86954,52.37551],[4.86981,52.37542],[4.87017,52.37588],[4.86976,52.37599],[4.86851,52.37934],[4.86844,52.37946],[4.86817,52.38019],[4.86832,52.38046],[4.8683,52.38051],[4.86828,52.38077],[4.86782,52.38201],[4.86616,52.38178],[4.86608,52.38168],[4.86583,52.38164],[4.86581,52.38171],[4.86577,52.3817],[4.86547,52.38253],[4.86535,52.38269],[4.8653,52.38268],[4.86512,52.38312],[4.86502,52.38311],[4.86492,52.38338],[4.86349,52.38318],[4.86363,52.38282],[4.8638,52.38253],[4.86381,52.38242],[4.86379,52.38237],[4.86376,52.38232],[4.8637,52.38227],[4.86317,52.38188],[4.86309,52.38184],[4.86301,52.38182],[4.86291,52.3818],[4.86281,52.38179],[4.86274,52.3818],[4.86212,52.38171]]]}},{"type":"Feature","properties":{"name":"Marcanti","wijk":"Centrale Markt","stadsdeel":"West","pop":1030},"geometry":{"type":"Polygon","coordinates":[[[4.86444,52.37541],[4.86464,52.37487],[4.86469,52.37476],[4.86477,52.37464],[4.86486,52.37454],[4.86494,52.37446],[4.86724,52.37254],[4.86981,52.37542],[4.86954,52.37551],[4.86933,52.37557],[4.86889,52.37568],[4.86851,52.37572],[4.86816,52.37573],[4.86777,52.37573],[4.86708,52.3757],[4.86619,52.37563],[4.86561,52.37557],[4.86444,52.37541]]]}},{"type":"Feature","properties":{"name":"Westerstaatsman","wijk":"Staatsliedenbuurt","stadsdeel":"West","pop":2785},"geometry":{"type":"Polygon","coordinates":[[[4.86782,52.38201],[4.86828,52.38077],[4.8683,52.38051],[4.86832,52.38046],[4.87251,52.3812],[4.87306,52.38122],[4.87313,52.38135],[4.87154,52.38478],[4.8715,52.38558],[4.86941,52.38554],[4.87067,52.38253],[4.86804,52.38208],[4.86795,52.38207],[4.86782,52.38201]]]}},{"type":"Feature","properties":{"name":"Fannius Scholtenbuurt","wijk":"Staatsliedenbuurt","stadsdeel":"West","pop":3635},"geometry":{"type":"Polygon","coordinates":[[[4.8715,52.38558],[4.87154,52.38478],[4.87313,52.38135],[4.87306,52.38122],[4.87338,52.3811],[4.87375,52.38098],[4.87381,52.38109],[4.87388,52.38118],[4.87705,52.38318],[4.87506,52.38435],[4.875,52.38564],[4.8715,52.38558]]]}},{"type":"Feature","properties":{"name":"Staatsliedenbuurt-Noordoost","wijk":"Staatsliedenbuurt","stadsdeel":"West","pop":1195},"geometry":{"type":"Polygon","coordinates":[[[4.875,52.38564],[4.87506,52.38435],[4.87705,52.38318],[4.87932,52.3846],[4.88124,52.38571],[4.8809,52.38574],[4.88054,52.38574],[4.88032,52.38574],[4.87995,52.38572],[4.875,52.38564]]]}},{"type":"Feature","properties":{"name":"De Wittenbuurt-Noord","wijk":"Staatsliedenbuurt","stadsdeel":"West","pop":1355},"geometry":{"type":"Polygon","coordinates":[[[4.87705,52.38318],[4.87775,52.38276],[4.87793,52.38267],[4.87888,52.3821],[4.87897,52.38204],[4.87903,52.38197],[4.87907,52.38189],[4.8791,52.3818],[4.8796,52.38192],[4.87964,52.38193],[4.8797,52.382],[4.87981,52.38207],[4.8801,52.38218],[4.88033,52.38231],[4.88049,52.38241],[4.88065,52.38257],[4.88076,52.38271],[4.88167,52.38418],[4.88183,52.38444],[4.88235,52.38519],[4.88259,52.38546],[4.88175,52.38564],[4.88124,52.38571],[4.87932,52.3846],[4.87705,52.38318]]]}},{"type":"Feature","properties":{"name":"De Wittenbuurt-Zuid","wijk":"Staatsliedenbuurt","stadsdeel":"West","pop":815},"geometry":{"type":"Polygon","coordinates":[[[4.87375,52.38098],[4.87374,52.38081],[4.8738,52.38069],[4.87399,52.38057],[4.8791,52.3818],[4.87907,52.38189],[4.87903,52.38197],[4.87897,52.38204],[4.87888,52.3821],[4.87793,52.38267],[4.87775,52.38276],[4.87705,52.38318],[4.87388,52.38118],[4.87381,52.38109],[4.87375,52.38098]]]}},{"type":"Feature","properties":{"name":"Buyskade e.o.","wijk":"Staatsliedenbuurt","stadsdeel":"West","pop":3190},"geometry":{"type":"Polygon","coordinates":[[[4.86817,52.38019],[4.86844,52.37946],[4.86851,52.37934],[4.86976,52.37599],[4.87017,52.37588],[4.87046,52.37625],[4.8715,52.37734],[4.87237,52.37836],[4.873,52.37909],[4.87326,52.37936],[4.87348,52.37959],[4.87399,52.38057],[4.8738,52.38069],[4.87374,52.38081],[4.87375,52.38098],[4.87338,52.3811],[4.87306,52.38122],[4.87251,52.3812],[4.86832,52.38046],[4.86817,52.38019]]]}},{"type":"Feature","properties":{"name":"Frederik Hendrikbuurt-Noord","wijk":"Frederik Hendrikbuurt","stadsdeel":"West","pop":3820},"geometry":{"type":"Polygon","coordinates":[[[4.87211,52.37656],[4.87659,52.37549],[4.87801,52.37776],[4.87791,52.37779],[4.87808,52.37805],[4.8781,52.37804],[4.87829,52.37835],[4.8781,52.3784],[4.87817,52.37851],[4.87986,52.38122],[4.87987,52.38128],[4.87985,52.38134],[4.87963,52.38159],[4.87958,52.38168],[4.87957,52.38174],[4.87958,52.38181],[4.8796,52.38187],[4.87964,52.38193],[4.8796,52.38192],[4.8791,52.3818],[4.87399,52.38057],[4.87348,52.37959],[4.87326,52.37936],[4.873,52.37909],[4.87237,52.37836],[4.87317,52.37817],[4.87211,52.37656]]]}},{"type":"Feature","properties":{"name":"Frederik Hendrikbuurt-Zuidwest","wijk":"Frederik Hendrikbuurt","stadsdeel":"West","pop":1190},"geometry":{"type":"Polygon","coordinates":[[[4.86636,52.37159],[4.86741,52.3718],[4.86965,52.37224],[4.86951,52.37251],[4.8703,52.37353],[4.87135,52.37499],[4.87112,52.37506],[4.87211,52.37656],[4.87317,52.37817],[4.87237,52.37836],[4.8715,52.37734],[4.87046,52.37625],[4.87017,52.37588],[4.86981,52.37542],[4.86724,52.37254],[4.86636,52.37159]]]}},{"type":"Feature","properties":{"name":"Frederik Hendrikbuurt-Zuidoost","wijk":"Frederik Hendrikbuurt","stadsdeel":"West","pop":3185},"geometry":{"type":"Polygon","coordinates":[[[4.87112,52.37506],[4.87135,52.37499],[4.8703,52.37353],[4.86951,52.37251],[4.86965,52.37224],[4.87549,52.37341],[4.87548,52.37376],[4.87551,52.37408],[4.87554,52.37421],[4.87585,52.37418],[4.87589,52.37432],[4.87599,52.37454],[4.87659,52.37549],[4.87211,52.37656],[4.87112,52.37506]]]}},{"type":"Feature","properties":{"name":"Mercatorpark","wijk":"Van Galenbuurt","stadsdeel":"West","pop":2500},"geometry":{"type":"Polygon","coordinates":[[[4.84303,52.37191],[4.84286,52.37191],[4.84285,52.37188],[4.8428,52.37186],[4.84271,52.37087],[4.84257,52.37003],[4.84256,52.36983],[4.84257,52.36959],[4.84522,52.36962],[4.84572,52.36964],[4.84619,52.36967],[4.84662,52.36972],[4.84702,52.36977],[4.84763,52.36987],[4.84774,52.36961],[4.84836,52.36972],[4.84731,52.37186],[4.84717,52.37205],[4.84695,52.37214],[4.8469,52.37217],[4.84678,52.37241],[4.84637,52.37236],[4.84609,52.3723],[4.84592,52.37227],[4.84555,52.37223],[4.84528,52.37222],[4.84439,52.37219],[4.84304,52.37222],[4.84303,52.37191]]]}},{"type":"Feature","properties":{"name":"Orteliusbuurt-Noord","wijk":"Van Galenbuurt","stadsdeel":"West","pop":1330},"geometry":{"type":"Polygon","coordinates":[[[4.84678,52.37241],[4.8469,52.37217],[4.84695,52.37214],[4.84717,52.37205],[4.84731,52.37186],[4.84836,52.36972],[4.85027,52.37004],[4.85017,52.37026],[4.84888,52.37274],[4.84712,52.37244],[4.84678,52.37241]]]}},{"type":"Feature","properties":{"name":"Jan Maijenbuurt","wijk":"Van Galenbuurt","stadsdeel":"West","pop":2230},"geometry":{"type":"Polygon","coordinates":[[[4.84888,52.37274],[4.85017,52.37026],[4.85027,52.37004],[4.85369,52.37064],[4.85242,52.3734],[4.85112,52.37317],[4.84999,52.37294],[4.84931,52.37282],[4.84888,52.37274]]]}},{"type":"Feature","properties":{"name":"John Franklinbuurt","wijk":"Van Galenbuurt","stadsdeel":"West","pop":1845},"geometry":{"type":"Polygon","coordinates":[[[4.85242,52.3734],[4.85369,52.37064],[4.85656,52.37113],[4.85557,52.37436],[4.8551,52.3743],[4.85495,52.37427],[4.85481,52.37423],[4.85466,52.37417],[4.85315,52.37356],[4.8529,52.37349],[4.85242,52.3734]]]}},{"type":"Feature","properties":{"name":"Pieter van der Doesbuurt","wijk":"Geuzenbuurt","stadsdeel":"West","pop":1835},"geometry":{"type":"Polygon","coordinates":[[[4.85557,52.37436],[4.85656,52.37113],[4.85698,52.3712],[4.85789,52.37133],[4.85889,52.37145],[4.85908,52.37146],[4.85961,52.37151],[4.85949,52.37174],[4.85933,52.37226],[4.85921,52.37259],[4.85857,52.37466],[4.85769,52.3746],[4.85557,52.37436]]]}},{"type":"Feature","properties":{"name":"Trompbuurt","wijk":"Geuzenbuurt","stadsdeel":"West","pop":3130},"geometry":{"type":"Polygon","coordinates":[[[4.85857,52.37466],[4.85921,52.37259],[4.85933,52.37226],[4.85949,52.37174],[4.85961,52.37151],[4.85977,52.37152],[4.85997,52.3715],[4.863,52.37093],[4.86327,52.37085],[4.86366,52.37067],[4.86357,52.37225],[4.86355,52.37252],[4.86347,52.37305],[4.86336,52.37358],[4.86329,52.37385],[4.86287,52.3752],[4.86207,52.37509],[4.86046,52.37491],[4.85975,52.37479],[4.8587,52.37466],[4.85857,52.37466]]]}},{"type":"Feature","properties":{"name":"Geuzenhofbuurt","wijk":"Geuzenbuurt","stadsdeel":"West","pop":1660},"geometry":{"type":"Polygon","coordinates":[[[4.86287,52.3752],[4.86329,52.37385],[4.86336,52.37358],[4.86347,52.37305],[4.86355,52.37252],[4.86357,52.37225],[4.86366,52.37067],[4.86404,52.37049],[4.86503,52.37014],[4.86636,52.37159],[4.86724,52.37254],[4.86494,52.37446],[4.86486,52.37454],[4.86477,52.37464],[4.86469,52.37476],[4.86464,52.37487],[4.86444,52.37541],[4.86287,52.3752]]]}},{"type":"Feature","properties":{"name":"Orteliusbuurt-Midden","wijk":"Hoofdweg e.o.","stadsdeel":"West","pop":1895},"geometry":{"type":"Polygon","coordinates":[[[4.84836,52.36972],[4.84871,52.36896],[4.84868,52.36893],[4.84971,52.36671],[4.85249,52.36719],[4.85159,52.36914],[4.85074,52.369],[4.85027,52.37004],[4.84836,52.36972]]]}},{"type":"Feature","properties":{"name":"Balboaplein e.o.","wijk":"Hoofdweg e.o.","stadsdeel":"West","pop":2970},"geometry":{"type":"Polygon","coordinates":[[[4.85027,52.37004],[4.85074,52.369],[4.85159,52.36914],[4.85249,52.36719],[4.8534,52.36735],[4.85319,52.36781],[4.8563,52.36834],[4.85737,52.36847],[4.85656,52.37113],[4.85369,52.37064],[4.85027,52.37004]]]}},{"type":"Feature","properties":{"name":"Orteliusbuurt-Zuid","wijk":"Hoofdweg e.o.","stadsdeel":"West","pop":1865},"geometry":{"type":"Polygon","coordinates":[[[4.84919,52.36423],[4.84922,52.36337],[4.84946,52.36337],[4.85166,52.36337],[4.85319,52.36355],[4.85311,52.36579],[4.85308,52.36591],[4.85249,52.36719],[4.84971,52.36671],[4.85032,52.36537],[4.85039,52.36538],[4.85045,52.36522],[4.85047,52.36516],[4.8505,52.36424],[4.84919,52.36423]]]}},{"type":"Feature","properties":{"name":"Columbusplein e.o.","wijk":"Hoofdweg e.o.","stadsdeel":"West","pop":3415},"geometry":{"type":"Polygon","coordinates":[[[4.85249,52.36719],[4.85308,52.36591],[4.85311,52.36579],[4.85319,52.36355],[4.85568,52.36386],[4.85661,52.36417],[4.85764,52.36426],[4.85825,52.36421],[4.8582,52.36427],[4.85818,52.36433],[4.85757,52.3678],[4.85737,52.36847],[4.8563,52.36834],[4.85319,52.36781],[4.8534,52.36735],[4.85249,52.36719]]]}},{"type":"Feature","properties":{"name":"Filips van Almondekwartier","wijk":"Chassébuurt","stadsdeel":"West","pop":1105},"geometry":{"type":"Polygon","coordinates":[[[4.85656,52.37113],[4.85737,52.36847],[4.859,52.36866],[4.85902,52.36881],[4.85924,52.36931],[4.85926,52.36943],[4.85889,52.37145],[4.85789,52.37133],[4.85698,52.3712],[4.85656,52.37113]]]}},{"type":"Feature","properties":{"name":"Kortenaerkwartier","wijk":"Chassébuurt","stadsdeel":"West","pop":2220},"geometry":{"type":"Polygon","coordinates":[[[4.85889,52.37145],[4.85926,52.36943],[4.85924,52.36931],[4.85902,52.36881],[4.859,52.36866],[4.8592,52.36869],[4.8615,52.36881],[4.86328,52.36824],[4.86503,52.37014],[4.86404,52.37049],[4.86366,52.37067],[4.86327,52.37085],[4.863,52.37093],[4.85997,52.3715],[4.85977,52.37152],[4.85961,52.37151],[4.85908,52.37146],[4.85889,52.37145]]]}},{"type":"Feature","properties":{"name":"Van Brakelkwartier","wijk":"Chassébuurt","stadsdeel":"West","pop":990},"geometry":{"type":"Polygon","coordinates":[[[4.85737,52.36847],[4.85757,52.3678],[4.85818,52.36433],[4.8582,52.36427],[4.85825,52.36421],[4.85834,52.36415],[4.85924,52.36367],[4.86007,52.3646],[4.85975,52.36471],[4.85968,52.36473],[4.85963,52.36477],[4.85959,52.36481],[4.85956,52.36487],[4.85934,52.36596],[4.85922,52.36668],[4.85911,52.36802],[4.859,52.36866],[4.85737,52.36847]]]}},{"type":"Feature","properties":{"name":"De Wester Quartier","wijk":"Chassébuurt","stadsdeel":"West","pop":1750},"geometry":{"type":"Polygon","coordinates":[[[4.859,52.36866],[4.85911,52.36802],[4.85922,52.36668],[4.85934,52.36596],[4.85956,52.36487],[4.85959,52.36481],[4.85963,52.36477],[4.85968,52.36473],[4.85975,52.36471],[4.86007,52.3646],[4.8613,52.36608],[4.86226,52.36712],[4.86328,52.36824],[4.8615,52.36881],[4.8592,52.36869],[4.859,52.36866]]]}},{"type":"Feature","properties":{"name":"Bellamybuurt-Noord","wijk":"Bellamybuurt","stadsdeel":"West","pop":2400},"geometry":{"type":"Polygon","coordinates":[[[4.86226,52.36712],[4.86596,52.36807],[4.86703,52.36831],[4.86717,52.36833],[4.86731,52.36834],[4.86821,52.36831],[4.86832,52.36831],[4.86842,52.36831],[4.86852,52.36833],[4.86959,52.3686],[4.86741,52.3718],[4.86636,52.37159],[4.86503,52.37014],[4.86328,52.36824],[4.86226,52.36712]]]}},{"type":"Feature","properties":{"name":"Bellamybuurt-Zuid","wijk":"Bellamybuurt","stadsdeel":"West","pop":3980},"geometry":{"type":"Polygon","coordinates":[[[4.86007,52.3646],[4.86061,52.36443],[4.86076,52.3644],[4.86094,52.3644],[4.86113,52.36443],[4.86268,52.36481],[4.86719,52.36589],[4.86866,52.36627],[4.87081,52.36685],[4.86959,52.3686],[4.86852,52.36833],[4.86842,52.36831],[4.86832,52.36831],[4.86821,52.36831],[4.86731,52.36834],[4.86717,52.36833],[4.86703,52.36831],[4.86596,52.36807],[4.86226,52.36712],[4.8613,52.36608],[4.86007,52.3646]]]}},{"type":"Feature","properties":{"name":"Da Costabuurt-Noord","wijk":"Da Costabuurt","stadsdeel":"West","pop":4740},"geometry":{"type":"Polygon","coordinates":[[[4.86741,52.3718],[4.86959,52.3686],[4.87081,52.36685],[4.8738,52.36771],[4.87681,52.3685],[4.87668,52.36868],[4.8763,52.36897],[4.87599,52.36925],[4.87581,52.36946],[4.87567,52.36964],[4.87505,52.37068],[4.8745,52.37189],[4.87445,52.37206],[4.87444,52.3722],[4.87448,52.37232],[4.87456,52.37245],[4.87465,52.37256],[4.87478,52.37269],[4.87483,52.37273],[4.87517,52.37292],[4.87524,52.37297],[4.8753,52.37304],[4.87538,52.37315],[4.87543,52.37324],[4.87549,52.37341],[4.86965,52.37224],[4.86741,52.3718]]]}},{"type":"Feature","properties":{"name":"Postjeskade e.o.","wijk":"Westindische Buurt","stadsdeel":"West","pop":2990},"geometry":{"type":"Polygon","coordinates":[[[4.84951,52.36095],[4.84889,52.36076],[4.84889,52.35804],[4.84889,52.35791],[4.85004,52.35792],[4.85029,52.35792],[4.85057,52.35791],[4.85218,52.35792],[4.85246,52.35791],[4.85265,52.35792],[4.85284,52.35794],[4.85301,52.35799],[4.8534,52.35807],[4.85355,52.3581],[4.85362,52.35809],[4.8539,52.35802],[4.85346,52.35899],[4.85324,52.3631],[4.85319,52.36355],[4.85166,52.36337],[4.84946,52.36337],[4.84951,52.36095]]]}},{"type":"Feature","properties":{"name":"Paramariboplein e.o.","wijk":"Westindische Buurt","stadsdeel":"West","pop":3705},"geometry":{"type":"Polygon","coordinates":[[[4.85319,52.36355],[4.85324,52.3631],[4.85346,52.35899],[4.8539,52.35802],[4.85478,52.35776],[4.85486,52.35786],[4.85644,52.35982],[4.8567,52.36012],[4.85683,52.36029],[4.85697,52.3605],[4.85709,52.36071],[4.85719,52.36093],[4.85733,52.3613],[4.85746,52.36155],[4.85764,52.36184],[4.85785,52.36212],[4.85924,52.36367],[4.85834,52.36415],[4.85825,52.36421],[4.85764,52.36426],[4.85661,52.36417],[4.85568,52.36386],[4.85319,52.36355]]]}},{"type":"Feature","properties":{"name":"Lootsbuurt","wijk":"Van Lennepbuurt","stadsdeel":"West","pop":1865},"geometry":{"type":"Polygon","coordinates":[[[4.85924,52.36367],[4.85785,52.36212],[4.85764,52.36184],[4.85746,52.36155],[4.86378,52.36307],[4.86268,52.36481],[4.86113,52.36443],[4.86094,52.3644],[4.86076,52.3644],[4.86061,52.36443],[4.86007,52.3646],[4.85924,52.36367]]]}},{"type":"Feature","properties":{"name":"Borgerbuurt","wijk":"Van Lennepbuurt","stadsdeel":"West","pop":2790},"geometry":{"type":"Polygon","coordinates":[[[4.86268,52.36481],[4.86378,52.36307],[4.86671,52.36378],[4.86947,52.36444],[4.87148,52.36499],[4.87198,52.36515],[4.87081,52.36685],[4.86866,52.36627],[4.86719,52.36589],[4.86268,52.36481]]]}},{"type":"Feature","properties":{"name":"Da Costabuurt-Zuid","wijk":"Van Lennepbuurt","stadsdeel":"West","pop":2235},"geometry":{"type":"Polygon","coordinates":[[[4.87081,52.36685],[4.87198,52.36515],[4.87335,52.36555],[4.87752,52.36677],[4.87743,52.36695],[4.87735,52.36718],[4.87732,52.3673],[4.87727,52.3677],[4.8772,52.3679],[4.87709,52.36811],[4.87681,52.3685],[4.8738,52.36771],[4.87081,52.36685]]]}},{"type":"Feature","properties":{"name":"Cremerbuurt-West","wijk":"Overtoomse Sluis","stadsdeel":"West","pop":5690},"geometry":{"type":"Polygon","coordinates":[[[4.85486,52.35786],[4.85507,52.3578],[4.85529,52.35777],[4.85552,52.35776],[4.85574,52.35779],[4.85701,52.35815],[4.86199,52.35947],[4.86377,52.35989],[4.86469,52.3601],[4.86554,52.3603],[4.86518,52.3609],[4.86488,52.36136],[4.86378,52.36307],[4.85746,52.36155],[4.85733,52.3613],[4.85719,52.36093],[4.85709,52.36071],[4.85697,52.3605],[4.85683,52.36029],[4.8567,52.36012],[4.85644,52.35982],[4.85486,52.35786]]]}},{"type":"Feature","properties":{"name":"Vondelparkbuurt-West","wijk":"Overtoomse Sluis","stadsdeel":"West","pop":2250},"geometry":{"type":"Polygon","coordinates":[[[4.85412,52.35652],[4.85508,52.35641],[4.85894,52.35741],[4.85981,52.35762],[4.86182,52.35814],[4.86181,52.35815],[4.86225,52.35826],[4.86226,52.35825],[4.86318,52.35848],[4.86319,52.35847],[4.86367,52.35858],[4.86545,52.35901],[4.86526,52.3592],[4.86493,52.35968],[4.86469,52.3601],[4.86377,52.35989],[4.86199,52.35947],[4.85701,52.35815],[4.85574,52.35779],[4.85552,52.35776],[4.85529,52.35777],[4.85507,52.3578],[4.85486,52.35786],[4.85478,52.35776],[4.85433,52.35718],[4.85412,52.35652]]]}},{"type":"Feature","properties":{"name":"Cremerbuurt-Oost","wijk":"Helmersbuurt","stadsdeel":"West","pop":2335},"geometry":{"type":"Polygon","coordinates":[[[4.86378,52.36307],[4.86488,52.36136],[4.86518,52.3609],[4.86554,52.3603],[4.86792,52.36083],[4.86747,52.36149],[4.86817,52.36168],[4.86671,52.36378],[4.86378,52.36307]]]}},{"type":"Feature","properties":{"name":"WG-terrein","wijk":"Helmersbuurt","stadsdeel":"West","pop":2630},"geometry":{"type":"Polygon","coordinates":[[[4.86671,52.36378],[4.86817,52.36168],[4.86747,52.36149],[4.86792,52.36083],[4.86833,52.36093],[4.86899,52.3611],[4.87363,52.36232],[4.87529,52.36275],[4.87335,52.36555],[4.87198,52.36515],[4.87148,52.36499],[4.86947,52.36444],[4.86671,52.36378]]]}},{"type":"Feature","properties":{"name":"Helmersbuurt-Oost","wijk":"Helmersbuurt","stadsdeel":"West","pop":2535},"geometry":{"type":"Polygon","coordinates":[[[4.87335,52.36555],[4.87529,52.36275],[4.87644,52.36306],[4.87887,52.3638],[4.87871,52.364],[4.87864,52.36413],[4.87932,52.36434],[4.87926,52.36449],[4.87923,52.36463],[4.87922,52.36478],[4.87923,52.36492],[4.87923,52.36499],[4.87922,52.36513],[4.87919,52.36526],[4.87914,52.36538],[4.87907,52.3655],[4.87896,52.36566],[4.87882,52.36583],[4.8787,52.36595],[4.87853,52.36608],[4.8784,52.36617],[4.87814,52.36631],[4.87789,52.36647],[4.87773,52.36659],[4.87752,52.36677],[4.87335,52.36555]]]}},{"type":"Feature","properties":{"name":"Vondelparkbuurt-Midden","wijk":"Vondelparkbuurt","stadsdeel":"West","pop":860},"geometry":{"type":"Polygon","coordinates":[[[4.86469,52.3601],[4.86493,52.35968],[4.86526,52.3592],[4.86545,52.35901],[4.86548,52.35901],[4.86552,52.35886],[4.86554,52.35885],[4.8658,52.35882],[4.86591,52.35894],[4.86591,52.35912],[4.86688,52.35935],[4.86815,52.35964],[4.86865,52.35977],[4.86996,52.36012],[4.87006,52.35998],[4.87125,52.36028],[4.8713,52.3602],[4.87148,52.36025],[4.87128,52.36054],[4.87139,52.36057],[4.87154,52.36036],[4.87185,52.36035],[4.87192,52.36036],[4.87218,52.36041],[4.87246,52.36048],[4.87302,52.36065],[4.87329,52.36075],[4.87352,52.36074],[4.87361,52.36075],[4.87373,52.36078],[4.87379,52.36081],[4.87383,52.36086],[4.87386,52.36098],[4.87394,52.361],[4.87385,52.36111],[4.87397,52.36117],[4.87407,52.36125],[4.8741,52.36129],[4.87409,52.3614],[4.87406,52.36149],[4.87392,52.36176],[4.87384,52.36199],[4.87363,52.36232],[4.86899,52.3611],[4.86833,52.36093],[4.86792,52.36083],[4.86554,52.3603],[4.86469,52.3601]]]}},{"type":"Feature","properties":{"name":"Vondelparkbuurt-Oost","wijk":"Vondelparkbuurt","stadsdeel":"West","pop":1005},"geometry":{"type":"Polygon","coordinates":[[[4.87363,52.36232],[4.87384,52.36199],[4.87392,52.36176],[4.87406,52.36149],[4.87409,52.3614],[4.8741,52.36129],[4.87407,52.36125],[4.87397,52.36117],[4.87385,52.36111],[4.87394,52.361],[4.87402,52.36102],[4.87408,52.36098],[4.87416,52.36096],[4.87425,52.36093],[4.8744,52.36093],[4.87461,52.36091],[4.87503,52.36078],[4.87525,52.36068],[4.87532,52.36067],[4.87539,52.36068],[4.87547,52.36071],[4.87553,52.36075],[4.8756,52.36082],[4.87583,52.36077],[4.87587,52.36072],[4.87618,52.36081],[4.87626,52.36074],[4.8765,52.3608],[4.87657,52.3607],[4.87656,52.36068],[4.87659,52.36063],[4.87662,52.36062],[4.87663,52.36058],[4.87695,52.36066],[4.87693,52.36069],[4.87704,52.36071],[4.87702,52.36074],[4.87698,52.36074],[4.87697,52.36076],[4.87692,52.36077],[4.87689,52.36077],[4.87675,52.36097],[4.8772,52.3611],[4.87736,52.36086],[4.87739,52.36087],[4.87745,52.36078],[4.87859,52.36109],[4.8806,52.36163],[4.8821,52.36206],[4.88196,52.36212],[4.88185,52.36219],[4.88175,52.36228],[4.88172,52.36232],[4.88166,52.36242],[4.88162,52.36251],[4.88158,52.36277],[4.88152,52.36294],[4.88141,52.36313],[4.88124,52.36327],[4.88112,52.36336],[4.88085,52.36354],[4.88071,52.36363],[4.88054,52.36371],[4.88026,52.36382],[4.88006,52.36389],[4.87978,52.36396],[4.8796,52.36404],[4.8795,52.36411],[4.87942,52.36418],[4.87936,52.36426],[4.87932,52.36434],[4.87864,52.36413],[4.87871,52.364],[4.87887,52.3638],[4.87644,52.36306],[4.87529,52.36275],[4.87363,52.36232]]]}},{"type":"Feature","properties":{"name":"Sloterdijk De Heining","wijk":"Sloterdijk Nieuw-West","stadsdeel":"Nieuw-West","pop":30},"geometry":{"type":"Polygon","coordinates":[[[4.75749,52.39689],[4.7576,52.39685],[4.75768,52.3968],[4.75775,52.39675],[4.75783,52.39667],[4.75787,52.39659],[4.75787,52.3965],[4.75788,52.39602],[4.7579,52.39572],[4.75793,52.39543],[4.75796,52.39499],[4.758,52.39456],[4.75802,52.39403],[4.75801,52.39373],[4.75802,52.39321],[4.75803,52.39293],[4.75804,52.39196],[4.75806,52.39095],[4.75801,52.38955],[4.75831,52.38795],[4.76609,52.38796],[4.76649,52.38838],[4.76893,52.38838],[4.76955,52.38916],[4.771,52.39188],[4.77178,52.39323],[4.7721,52.39383],[4.77271,52.39436],[4.77299,52.39483],[4.77063,52.39737],[4.7707,52.39772],[4.77074,52.39785],[4.77086,52.39805],[4.77101,52.39821],[4.77125,52.39839],[4.76923,52.39894],[4.76892,52.39901],[4.76741,52.39927],[4.76541,52.39953],[4.76477,52.39959],[4.75982,52.40022],[4.75937,52.39891],[4.75829,52.39921],[4.75749,52.39689]]]}},{"type":"Feature","properties":{"name":"Sloterdijk Poort-Noord","wijk":"Sloterdijk Nieuw-West","stadsdeel":"Nieuw-West","pop":15},"geometry":{"type":"Polygon","coordinates":[[[4.77271,52.39436],[4.7721,52.39383],[4.77178,52.39323],[4.771,52.39188],[4.76955,52.38916],[4.77001,52.38916],[4.77034,52.38947],[4.77062,52.38971],[4.77079,52.38985],[4.77113,52.39014],[4.77151,52.3904],[4.77188,52.39063],[4.7723,52.39088],[4.7728,52.39116],[4.77326,52.3914],[4.77374,52.39162],[4.7741,52.39178],[4.77472,52.39206],[4.77551,52.39234],[4.77628,52.39256],[4.77707,52.39277],[4.77784,52.39293],[4.77831,52.39302],[4.77891,52.39312],[4.77959,52.39323],[4.7804,52.39332],[4.7811,52.39337],[4.78192,52.39339],[4.78294,52.39341],[4.78399,52.39341],[4.78763,52.39341],[4.78944,52.3934],[4.79135,52.39341],[4.79443,52.39342],[4.79659,52.39341],[4.80001,52.39341],[4.80131,52.3934],[4.80222,52.39338],[4.80277,52.39336],[4.80306,52.39334],[4.80308,52.39389],[4.80311,52.39424],[4.80328,52.39422],[4.80406,52.39413],[4.80434,52.39412],[4.80471,52.39413],[4.80494,52.39415],[4.80512,52.39418],[4.80534,52.39423],[4.80552,52.39428],[4.80575,52.39435],[4.80599,52.39445],[4.80588,52.39456],[4.8058,52.39453],[4.80553,52.39452],[4.80541,52.39457],[4.8053,52.39471],[4.80518,52.39482],[4.80503,52.39494],[4.80495,52.39498],[4.80489,52.39504],[4.80462,52.3953],[4.80419,52.39579],[4.80399,52.39603],[4.80358,52.39658],[4.80341,52.39683],[4.80307,52.39738],[4.80274,52.39801],[4.80245,52.39871],[4.80238,52.39885],[4.80222,52.39908],[4.80209,52.39924],[4.80189,52.39941],[4.80163,52.3996],[4.80139,52.39973],[4.80133,52.39983],[4.80115,52.39992],[4.80096,52.39999],[4.80067,52.40008],[4.80043,52.40015],[4.80018,52.4002],[4.79977,52.40026],[4.79942,52.40028],[4.79914,52.40028],[4.79891,52.40028],[4.79864,52.40025],[4.79841,52.40022],[4.79825,52.4002],[4.79793,52.40013],[4.79739,52.39996],[4.79678,52.3997],[4.7963,52.39952],[4.79596,52.39942],[4.79571,52.39937],[4.79554,52.39934],[4.7953,52.39934],[4.7949,52.39935],[4.79379,52.39927],[4.79303,52.39917],[4.79272,52.39914],[4.77501,52.39913],[4.77299,52.39483],[4.77271,52.39436]]]}},{"type":"Feature","properties":{"name":"Sloterdijk Poort-Zuid","wijk":"Sloterdijk Nieuw-West","stadsdeel":"Nieuw-West","pop":115},"geometry":{"type":"Polygon","coordinates":[[[4.80599,52.39445],[4.80575,52.39435],[4.80552,52.39428],[4.80534,52.39423],[4.80512,52.39418],[4.80494,52.39415],[4.80471,52.39413],[4.80434,52.39412],[4.80406,52.39413],[4.80328,52.39422],[4.80311,52.39424],[4.80308,52.39389],[4.80306,52.39334],[4.80277,52.39336],[4.80222,52.39338],[4.80131,52.3934],[4.80001,52.39341],[4.79659,52.39341],[4.79443,52.39342],[4.79135,52.39341],[4.78944,52.3934],[4.78763,52.39341],[4.78399,52.39341],[4.78294,52.39341],[4.78192,52.39339],[4.7811,52.39337],[4.7804,52.39332],[4.77959,52.39323],[4.77891,52.39312],[4.77831,52.39302],[4.77784,52.39293],[4.77707,52.39277],[4.77628,52.39256],[4.77551,52.39234],[4.77472,52.39206],[4.7741,52.39178],[4.77374,52.39162],[4.77326,52.3914],[4.7728,52.39116],[4.7723,52.39088],[4.77188,52.39063],[4.77151,52.3904],[4.77113,52.39014],[4.77079,52.38985],[4.77062,52.38971],[4.77034,52.38947],[4.77001,52.38916],[4.79451,52.38915],[4.80174,52.38915],[4.81288,52.38916],[4.81323,52.38904],[4.81872,52.38904],[4.81874,52.39155],[4.81879,52.39189],[4.81747,52.3919],[4.81618,52.39191],[4.81565,52.39199],[4.81537,52.39204],[4.81514,52.3921],[4.81465,52.39222],[4.81435,52.39231],[4.81371,52.39254],[4.81305,52.39279],[4.81246,52.39304],[4.8121,52.39321],[4.81176,52.39339],[4.81127,52.39367],[4.81084,52.39391],[4.8106,52.39407],[4.81003,52.39447],[4.80989,52.39458],[4.80966,52.3948],[4.80962,52.39485],[4.80952,52.39481],[4.80932,52.395],[4.80923,52.39511],[4.80913,52.3952],[4.80898,52.39533],[4.80878,52.39524],[4.80855,52.39544],[4.80788,52.39518],[4.80762,52.3951],[4.80736,52.395],[4.80716,52.3949],[4.80599,52.39445]]]}},{"type":"Feature","properties":{"name":"Sloterdijk Rhônepark","wijk":"Sloterdijk Nieuw-West","stadsdeel":"Nieuw-West","pop":0},"geometry":{"type":"Polygon","coordinates":[[[4.81879,52.39189],[4.81874,52.39155],[4.81872,52.38904],[4.81926,52.38904],[4.82692,52.38908],[4.82793,52.38914],[4.82894,52.38923],[4.8296,52.3893],[4.8306,52.38941],[4.83159,52.38954],[4.83257,52.38969],[4.83355,52.38986],[4.8339,52.38994],[4.83387,52.39194],[4.83366,52.39192],[4.83301,52.39191],[4.81879,52.39189]]]}},{"type":"Feature","properties":{"name":"Sloterdijk Donauhoek","wijk":"Sloterdijk Nieuw-West","stadsdeel":"Nieuw-West","pop":10},"geometry":{"type":"Polygon","coordinates":[[[4.83387,52.39194],[4.8339,52.38994],[4.83411,52.38999],[4.83444,52.39009],[4.83493,52.39026],[4.83513,52.39034],[4.8354,52.39045],[4.83571,52.3906],[4.836,52.39075],[4.8363,52.39092],[4.83654,52.39108],[4.83694,52.39138],[4.83725,52.39162],[4.84067,52.39421],[4.84146,52.39483],[4.84176,52.39508],[4.83953,52.3958],[4.83949,52.39598],[4.83886,52.39617],[4.83789,52.39543],[4.83731,52.39544],[4.83614,52.39544],[4.8358,52.39543],[4.83575,52.39503],[4.83566,52.39378],[4.83563,52.39301],[4.83558,52.39275],[4.83558,52.39232],[4.83558,52.39229],[4.83553,52.39219],[4.83545,52.39212],[4.83492,52.39204],[4.8343,52.39197],[4.83387,52.39194]]]}},{"type":"Feature","properties":{"name":"Bretten-West","wijk":"Sloterdijk Nieuw-West","stadsdeel":"Nieuw-West","pop":0},"geometry":{"type":"Polygon","coordinates":[[[4.75831,52.38795],[4.75835,52.38771],[4.75839,52.3876],[4.75852,52.3872],[4.75895,52.38442],[4.75895,52.38427],[4.75896,52.38412],[4.78735,52.38438],[4.79422,52.38445],[4.80194,52.38453],[4.80174,52.38915],[4.79451,52.38915],[4.77001,52.38916],[4.76955,52.38916],[4.76893,52.38838],[4.76649,52.38838],[4.76609,52.38796],[4.75831,52.38795]]]}},{"type":"Feature","properties":{"name":"Bretten-Oost","wijk":"Sloterdijk Nieuw-West","stadsdeel":"Nieuw-West","pop":0},"geometry":{"type":"Polygon","coordinates":[[[4.80174,52.38915],[4.80194,52.38453],[4.80709,52.3846],[4.81201,52.38466],[4.81874,52.38473],[4.82718,52.38483],[4.83152,52.38488],[4.83159,52.38741],[4.82891,52.38755],[4.81927,52.38748],[4.81926,52.38904],[4.81872,52.38904],[4.81323,52.38904],[4.81288,52.38916],[4.80174,52.38915]]]}},{"type":"Feature","properties":{"name":"Sloterdijk Stationskwartier","wijk":"Sloterdijk Nieuw-West","stadsdeel":"Nieuw-West","pop":1010},"geometry":{"type":"Polygon","coordinates":[[[4.81926,52.38904],[4.81927,52.38748],[4.82891,52.38755],[4.83159,52.38741],[4.83152,52.38488],[4.83601,52.38495],[4.83926,52.38502],[4.83984,52.38504],[4.84329,52.3851],[4.84393,52.38509],[4.84458,52.3851],[4.84481,52.38511],[4.84481,52.38515],[4.8448,52.38515],[4.84473,52.38638],[4.84476,52.38692],[4.84467,52.38862],[4.84466,52.38876],[4.84469,52.38876],[4.84469,52.38892],[4.84466,52.38892],[4.84466,52.3889],[4.84437,52.3889],[4.84434,52.38952],[4.84421,52.39181],[4.84413,52.39329],[4.84412,52.39385],[4.84414,52.39428],[4.84417,52.39461],[4.84423,52.39494],[4.84432,52.3953],[4.84399,52.39526],[4.84369,52.39523],[4.84327,52.39514],[4.84295,52.39506],[4.84251,52.39493],[4.84238,52.39492],[4.84225,52.39488],[4.84191,52.39476],[4.84136,52.39454],[4.84109,52.39442],[4.84067,52.39421],[4.83725,52.39162],[4.83694,52.39138],[4.83654,52.39108],[4.8363,52.39092],[4.836,52.39075],[4.83571,52.3906],[4.8354,52.39045],[4.83513,52.39034],[4.83493,52.39026],[4.83444,52.39009],[4.83411,52.38999],[4.8339,52.38994],[4.83355,52.38986],[4.83257,52.38969],[4.83159,52.38954],[4.8306,52.38941],[4.8296,52.3893],[4.82894,52.38923],[4.82793,52.38914],[4.82692,52.38908],[4.81926,52.38904]]]}},{"type":"Feature","properties":{"name":"Osdorper Binnenpolder","wijk":"Geuzenveld","stadsdeel":"Nieuw-West","pop":25},"geometry":{"type":"Polygon","coordinates":[[[4.75896,52.38412],[4.75899,52.38367],[4.75905,52.38192],[4.75909,52.38094],[4.75921,52.38087],[4.76,52.38138],[4.76004,52.3814],[4.76008,52.38141],[4.76013,52.38141],[4.76017,52.3814],[4.76216,52.38027],[4.76291,52.37991],[4.76373,52.37956],[4.76459,52.37921],[4.76527,52.3788],[4.76572,52.37849],[4.76684,52.37778],[4.76799,52.37714],[4.76888,52.37675],[4.76978,52.37608],[4.77522,52.37295],[4.77591,52.37254],[4.77603,52.37242],[4.77889,52.3708],[4.78066,52.36973],[4.78093,52.36964],[4.78113,52.3698],[4.78301,52.37119],[4.7846,52.37243],[4.78672,52.3741],[4.78866,52.37559],[4.78923,52.376],[4.79004,52.3756],[4.79044,52.37534],[4.79115,52.375],[4.79157,52.37469],[4.79214,52.37485],[4.79151,52.37571],[4.79147,52.37578],[4.79147,52.37586],[4.79148,52.37593],[4.7915,52.37598],[4.79158,52.37607],[4.79166,52.37613],[4.79322,52.37706],[4.79347,52.37715],[4.79362,52.37726],[4.7937,52.37736],[4.79373,52.37743],[4.79395,52.37825],[4.79211,52.37843],[4.79208,52.37819],[4.78754,52.37816],[4.78735,52.38438],[4.75896,52.38412]]]}},{"type":"Feature","properties":{"name":"De Eendracht","wijk":"Geuzenveld","stadsdeel":"Nieuw-West","pop":2425},"geometry":{"type":"Polygon","coordinates":[[[4.78735,52.38438],[4.78754,52.37816],[4.79208,52.37819],[4.79211,52.37843],[4.79395,52.37825],[4.79444,52.38011],[4.79422,52.38445],[4.78735,52.38438]]]}},{"type":"Feature","properties":{"name":"Ruys de Beerenbrouckbuurt","wijk":"Geuzenveld","stadsdeel":"Nieuw-West","pop":6105},"geometry":{"type":"Polygon","coordinates":[[[4.79422,52.38445],[4.79444,52.38011],[4.79793,52.38016],[4.80174,52.38023],[4.80816,52.38034],[4.80806,52.3825],[4.80795,52.38273],[4.80725,52.38261],[4.80712,52.38299],[4.80711,52.38326],[4.80714,52.3835],[4.80709,52.3846],[4.80194,52.38453],[4.79422,52.38445]]]}},{"type":"Feature","properties":{"name":"Eendrachtspark","wijk":"Geuzenveld","stadsdeel":"Nieuw-West","pop":295},"geometry":{"type":"Polygon","coordinates":[[[4.80709,52.3846],[4.80714,52.3835],[4.80711,52.38326],[4.80712,52.38299],[4.80725,52.38261],[4.80795,52.38273],[4.80806,52.3825],[4.80816,52.38034],[4.80938,52.38037],[4.8101,52.38053],[4.81217,52.38056],[4.81201,52.38466],[4.80709,52.3846]]]}},{"type":"Feature","properties":{"name":"Van Tijenbuurt","wijk":"Geuzenveld","stadsdeel":"Nieuw-West","pop":2910},"geometry":{"type":"Polygon","coordinates":[[[4.79395,52.37825],[4.79373,52.37743],[4.7937,52.37736],[4.79362,52.37726],[4.79347,52.37715],[4.79322,52.37706],[4.79166,52.37613],[4.79158,52.37607],[4.7915,52.37598],[4.79148,52.37593],[4.79147,52.37586],[4.79147,52.37578],[4.79151,52.37571],[4.79214,52.37485],[4.79273,52.37402],[4.793,52.37379],[4.79391,52.37379],[4.80129,52.37306],[4.80179,52.37521],[4.80145,52.37524],[4.79749,52.37563],[4.79791,52.37716],[4.79799,52.37749],[4.79801,52.37763],[4.79801,52.37821],[4.79793,52.38016],[4.79444,52.38011],[4.79395,52.37825]]]}},{"type":"Feature","properties":{"name":"Dudokbuurt","wijk":"Geuzenveld","stadsdeel":"Nieuw-West","pop":2755},"geometry":{"type":"Polygon","coordinates":[[[4.79801,52.37821],[4.79801,52.37763],[4.79799,52.37749],[4.79791,52.37716],[4.79749,52.37563],[4.80145,52.37524],[4.80191,52.37698],[4.80184,52.37698],[4.80174,52.38023],[4.79793,52.38016],[4.79801,52.37821]]]}},{"type":"Feature","properties":{"name":"Bakemabuurt","wijk":"Geuzenveld","stadsdeel":"Nieuw-West","pop":2920},"geometry":{"type":"Polygon","coordinates":[[[4.80174,52.38023],[4.80184,52.37698],[4.80191,52.37698],[4.8086,52.3763],[4.80872,52.37673],[4.80938,52.37925],[4.80941,52.37939],[4.80943,52.37952],[4.80938,52.38037],[4.80816,52.38034],[4.80174,52.38023]]]}},{"type":"Feature","properties":{"name":"Wegener Sleeswijkbuurt","wijk":"Geuzenveld","stadsdeel":"Nieuw-West","pop":1520},"geometry":{"type":"Polygon","coordinates":[[[4.80129,52.37306],[4.80527,52.37267],[4.80758,52.37244],[4.8086,52.3763],[4.80191,52.37698],[4.80145,52.37524],[4.80179,52.37521],[4.80129,52.37306]]]}},{"type":"Feature","properties":{"name":"Jan de Louterbuurt","wijk":"Slotermeer-West","stadsdeel":"Nieuw-West","pop":3435},"geometry":{"type":"Polygon","coordinates":[[[4.80938,52.38037],[4.80943,52.37952],[4.80941,52.37939],[4.81182,52.37944],[4.81256,52.37949],[4.81337,52.37939],[4.82014,52.37833],[4.82065,52.37955],[4.82141,52.38138],[4.81986,52.38167],[4.81962,52.38173],[4.81941,52.38181],[4.81922,52.38192],[4.81906,52.38205],[4.81898,52.38214],[4.81889,52.38229],[4.81885,52.38244],[4.81874,52.38473],[4.81201,52.38466],[4.81217,52.38056],[4.8101,52.38053],[4.80938,52.38037]]]}},{"type":"Feature","properties":{"name":"Lodewijk van Deysselbuurt","wijk":"Slotermeer-West","stadsdeel":"Nieuw-West","pop":3440},"geometry":{"type":"Polygon","coordinates":[[[4.80872,52.37673],[4.8172,52.37598],[4.81778,52.37591],[4.81904,52.37571],[4.82014,52.37833],[4.81337,52.37939],[4.81256,52.37949],[4.81182,52.37944],[4.80941,52.37939],[4.80938,52.37925],[4.80872,52.37673]]]}},{"type":"Feature","properties":{"name":"Confuciusbuurt","wijk":"Slotermeer-West","stadsdeel":"Nieuw-West","pop":3830},"geometry":{"type":"Polygon","coordinates":[[[4.80758,52.37244],[4.81361,52.37184],[4.81377,52.37243],[4.81639,52.37215],[4.81737,52.37197],[4.81771,52.37259],[4.81904,52.37571],[4.81778,52.37591],[4.8172,52.37598],[4.80872,52.37673],[4.8086,52.3763],[4.80758,52.37244]]]}},{"type":"Feature","properties":{"name":"Arondeusbuurt","wijk":"Slotermeer-Noordoost","stadsdeel":"Nieuw-West","pop":2795},"geometry":{"type":"Polygon","coordinates":[[[4.81874,52.38473],[4.81885,52.38244],[4.81889,52.38229],[4.81898,52.38214],[4.81906,52.38205],[4.81922,52.38192],[4.81941,52.38181],[4.81962,52.38173],[4.81986,52.38167],[4.82141,52.38138],[4.82683,52.38054],[4.82723,52.3815],[4.82726,52.38164],[4.82729,52.38178],[4.82732,52.38194],[4.82729,52.3821],[4.82725,52.38294],[4.82718,52.38483],[4.81874,52.38473]]]}},{"type":"Feature","properties":{"name":"Coronelbuurt","wijk":"Slotermeer-Noordoost","stadsdeel":"Nieuw-West","pop":1510},"geometry":{"type":"Polygon","coordinates":[[[4.82718,52.38483],[4.82725,52.38294],[4.83212,52.38302],[4.8325,52.38301],[4.83288,52.38297],[4.83334,52.38291],[4.83904,52.38201],[4.83909,52.38212],[4.8391,52.38212],[4.83913,52.3822],[4.83914,52.38221],[4.83931,52.3827],[4.8393,52.3827],[4.83941,52.38317],[4.83939,52.38317],[4.83944,52.38356],[4.83945,52.38356],[4.83946,52.38363],[4.83945,52.38363],[4.83946,52.38384],[4.83945,52.38404],[4.83946,52.38404],[4.83942,52.38443],[4.83945,52.38443],[4.83942,52.38459],[4.83936,52.38459],[4.83926,52.38502],[4.83601,52.38495],[4.83152,52.38488],[4.82718,52.38483]]]}},{"type":"Feature","properties":{"name":"Meerwaldtbuurt","wijk":"Slotermeer-Noordoost","stadsdeel":"Nieuw-West","pop":1985},"geometry":{"type":"Polygon","coordinates":[[[4.82683,52.38054],[4.83772,52.37886],[4.83781,52.37907],[4.83782,52.37907],[4.83785,52.37914],[4.83787,52.37914],[4.83812,52.37972],[4.83811,52.37972],[4.83821,52.37998],[4.83822,52.37998],[4.83831,52.38018],[4.8383,52.38019],[4.83845,52.38054],[4.83846,52.38054],[4.83855,52.38075],[4.83853,52.38075],[4.83868,52.3811],[4.83869,52.3811],[4.83878,52.38131],[4.83876,52.38131],[4.8389,52.38162],[4.83891,52.38162],[4.83894,52.38169],[4.83892,52.38169],[4.83897,52.3818],[4.83895,52.3818],[4.83904,52.38201],[4.83334,52.38291],[4.83288,52.38297],[4.8325,52.38301],[4.83212,52.38302],[4.82725,52.38294],[4.82729,52.3821],[4.82732,52.38194],[4.82729,52.38178],[4.82726,52.38164],[4.82723,52.3815],[4.82683,52.38054]]]}},{"type":"Feature","properties":{"name":"Dobbebuurt","wijk":"Slotermeer-Noordoost","stadsdeel":"Nieuw-West","pop":2910},"geometry":{"type":"Polygon","coordinates":[[[4.82065,52.37955],[4.82198,52.37934],[4.82372,52.37844],[4.82386,52.37838],[4.82402,52.37834],[4.82423,52.3783],[4.8367,52.37635],[4.83739,52.37799],[4.83746,52.37817],[4.83746,52.37819],[4.83761,52.37854],[4.83763,52.37854],[4.83766,52.37861],[4.83768,52.37868],[4.83765,52.37867],[4.83772,52.37886],[4.82683,52.38054],[4.82141,52.38138],[4.82065,52.37955]]]}},{"type":"Feature","properties":{"name":"Dichtersbuurt","wijk":"Slotermeer-Zuidoost","stadsdeel":"Nieuw-West","pop":1050},"geometry":{"type":"Polygon","coordinates":[[[4.81904,52.37571],[4.82322,52.37506],[4.82432,52.37767],[4.824,52.37772],[4.82423,52.3783],[4.82402,52.37834],[4.82386,52.37838],[4.82372,52.37844],[4.82198,52.37934],[4.82065,52.37955],[4.82014,52.37833],[4.81904,52.37571]]]}},{"type":"Feature","properties":{"name":"Louis Couperusbuurt","wijk":"Slotermeer-Zuidoost","stadsdeel":"Nieuw-West","pop":2330},"geometry":{"type":"Polygon","coordinates":[[[4.82322,52.37506],[4.83534,52.37315],[4.83543,52.37336],[4.83544,52.37336],[4.83548,52.37345],[4.83549,52.37345],[4.8367,52.37635],[4.82423,52.3783],[4.824,52.37772],[4.82432,52.37767],[4.82322,52.37506]]]}},{"type":"Feature","properties":{"name":"Noordoever Sloterplas","wijk":"Slotermeer-Zuidoost","stadsdeel":"Nieuw-West","pop":3385},"geometry":{"type":"Polygon","coordinates":[[[4.81737,52.37197],[4.81705,52.37154],[4.81675,52.37121],[4.81652,52.37096],[4.8163,52.37077],[4.81687,52.37051],[4.81802,52.37142],[4.81808,52.37145],[4.81817,52.37147],[4.81828,52.37149],[4.8184,52.37149],[4.81859,52.37147],[4.81885,52.37142],[4.81961,52.37121],[4.81976,52.37115],[4.82088,52.37036],[4.82112,52.37036],[4.82141,52.3704],[4.82167,52.37047],[4.82187,52.37059],[4.82229,52.37119],[4.82238,52.37125],[4.82255,52.37127],[4.82272,52.37128],[4.82382,52.37114],[4.82435,52.37082],[4.82565,52.37088],[4.82716,52.37213],[4.82933,52.37056],[4.82926,52.37048],[4.82925,52.37042],[4.82927,52.37036],[4.82932,52.37031],[4.82995,52.36997],[4.82991,52.36992],[4.83079,52.3697],[4.8309,52.3698],[4.83105,52.36987],[4.83197,52.37014],[4.83222,52.37056],[4.83232,52.37079],[4.83265,52.37074],[4.83282,52.3707],[4.83326,52.37063],[4.83339,52.3706],[4.83358,52.37052],[4.83369,52.37049],[4.83442,52.37038],[4.83455,52.37091],[4.83469,52.37145],[4.83494,52.37213],[4.83528,52.37294],[4.83525,52.37295],[4.83534,52.37315],[4.82322,52.37506],[4.81904,52.37571],[4.81771,52.37259],[4.81737,52.37197]]]}},{"type":"Feature","properties":{"name":"Sloterpark","wijk":"Slotermeer-Zuidoost","stadsdeel":"Nieuw-West","pop":0},"geometry":{"type":"Polygon","coordinates":[[[4.80522,52.37252],[4.80514,52.37224],[4.80512,52.37211],[4.80511,52.37191],[4.80513,52.3716],[4.80519,52.3714],[4.80531,52.37109],[4.80543,52.37081],[4.80558,52.37051],[4.80611,52.36956],[4.80754,52.36692],[4.80762,52.36679],[4.80797,52.36633],[4.80867,52.36584],[4.80877,52.36572],[4.80881,52.36566],[4.80888,52.3655],[4.8089,52.36532],[4.80889,52.3652],[4.80883,52.36505],[4.8088,52.3649],[4.8088,52.3648],[4.80881,52.36463],[4.80885,52.36449],[4.8089,52.36436],[4.80924,52.36375],[4.8093,52.36368],[4.80936,52.36363],[4.80943,52.36358],[4.80953,52.36352],[4.80961,52.36349],[4.80974,52.36345],[4.80985,52.36342],[4.80999,52.36341],[4.81014,52.36336],[4.81027,52.3633],[4.81039,52.3632],[4.81047,52.36305],[4.81129,52.36147],[4.81218,52.35973],[4.81719,52.36389],[4.82565,52.37088],[4.82435,52.37082],[4.82382,52.37114],[4.82272,52.37128],[4.82255,52.37127],[4.82238,52.37125],[4.82229,52.37119],[4.82187,52.37059],[4.82167,52.37047],[4.82141,52.3704],[4.82112,52.37036],[4.82088,52.37036],[4.81976,52.37115],[4.81961,52.37121],[4.81885,52.37142],[4.81859,52.37147],[4.8184,52.37149],[4.81828,52.37149],[4.81817,52.37147],[4.81808,52.37145],[4.81802,52.37142],[4.81687,52.37051],[4.8163,52.37077],[4.81652,52.37096],[4.81675,52.37121],[4.81705,52.37154],[4.81737,52.37197],[4.81639,52.37215],[4.81377,52.37243],[4.81361,52.37184],[4.80758,52.37244],[4.80527,52.37267],[4.80522,52.37252]]]}},{"type":"Feature","properties":{"name":"Osdorper Bovenpolder","wijk":"Lutkemeer/Ookmeer","stadsdeel":"Nieuw-West","pop":760},"geometry":{"type":"Polygon","coordinates":[[[4.75909,52.38094],[4.75913,52.37933],[4.75726,52.37798],[4.75644,52.37777],[4.75699,52.37705],[4.75754,52.37619],[4.75805,52.37507],[4.75839,52.37402],[4.75852,52.37326],[4.75857,52.37276],[4.7586,52.37222],[4.75858,52.3716],[4.75852,52.37124],[4.75848,52.3711],[4.76212,52.3696],[4.76225,52.36952],[4.76234,52.36944],[4.76253,52.36909],[4.76799,52.36654],[4.76869,52.36651],[4.76921,52.36642],[4.76966,52.36639],[4.76984,52.36638],[4.77015,52.36638],[4.77046,52.36639],[4.77098,52.36643],[4.77145,52.36639],[4.77175,52.36638],[4.77195,52.36638],[4.77227,52.3664],[4.77254,52.36643],[4.77437,52.36635],[4.7746,52.36633],[4.77479,52.36631],[4.77499,52.36627],[4.77533,52.36618],[4.77622,52.36582],[4.77845,52.3656],[4.77861,52.36556],[4.77879,52.3655],[4.77885,52.36546],[4.78044,52.36379],[4.78056,52.36291],[4.78026,52.36222],[4.78028,52.3618],[4.78037,52.36103],[4.78166,52.36051],[4.78181,52.36066],[4.78215,52.36094],[4.78233,52.36107],[4.78271,52.36133],[4.78291,52.36145],[4.78333,52.36168],[4.78378,52.3619],[4.78425,52.36209],[4.7845,52.36218],[4.785,52.36234],[4.78526,52.36242],[4.78578,52.36255],[4.78666,52.36272],[4.79533,52.36444],[4.79369,52.36749],[4.7934,52.37254],[4.79334,52.37294],[4.79325,52.37329],[4.793,52.37379],[4.79273,52.37402],[4.79214,52.37485],[4.79157,52.37469],[4.79115,52.375],[4.79044,52.37534],[4.79004,52.3756],[4.78923,52.376],[4.78866,52.37559],[4.78672,52.3741],[4.7846,52.37243],[4.78301,52.37119],[4.78113,52.3698],[4.78093,52.36964],[4.78066,52.36973],[4.77889,52.3708],[4.77603,52.37242],[4.77591,52.37254],[4.77522,52.37295],[4.76978,52.37608],[4.76888,52.37675],[4.76799,52.37714],[4.76684,52.37778],[4.76572,52.37849],[4.76527,52.3788],[4.76459,52.37921],[4.76373,52.37956],[4.76291,52.37991],[4.76216,52.38027],[4.76017,52.3814],[4.76013,52.38141],[4.76008,52.38141],[4.76004,52.3814],[4.76,52.38138],[4.75921,52.38087],[4.75909,52.38094]]]}},{"type":"Feature","properties":{"name":"Ookmeer","wijk":"Lutkemeer/Ookmeer","stadsdeel":"Nieuw-West","pop":420},"geometry":{"type":"Polygon","coordinates":[[[4.793,52.37379],[4.79325,52.37329],[4.79334,52.37294],[4.7934,52.37254],[4.79369,52.36749],[4.79533,52.36444],[4.80201,52.36581],[4.80754,52.36692],[4.80611,52.36956],[4.80558,52.37051],[4.80543,52.37081],[4.80531,52.37109],[4.80519,52.3714],[4.80513,52.3716],[4.80511,52.37191],[4.80512,52.37211],[4.80514,52.37224],[4.80522,52.37252],[4.80527,52.37267],[4.80129,52.37306],[4.79391,52.37379],[4.793,52.37379]]]}},{"type":"Feature","properties":{"name":"Bedrijvenpark Lutkemeer","wijk":"Lutkemeer/Ookmeer","stadsdeel":"Nieuw-West","pop":70},"geometry":{"type":"Polygon","coordinates":[[[4.75848,52.3711],[4.75799,52.36924],[4.75663,52.36442],[4.75548,52.36039],[4.7551,52.35904],[4.75491,52.35839],[4.75484,52.35791],[4.75495,52.35722],[4.75511,52.35684],[4.75532,52.35654],[4.75569,52.35615],[4.75611,52.35583],[4.75666,52.35552],[4.75734,52.35521],[4.75809,52.35492],[4.76213,52.35334],[4.7674,52.35127],[4.76756,52.35143],[4.76877,52.35261],[4.77009,52.35393],[4.77028,52.35408],[4.77046,52.35419],[4.77066,52.3543],[4.77086,52.35439],[4.7711,52.35447],[4.77138,52.35455],[4.77196,52.35468],[4.77224,52.35475],[4.77249,52.35483],[4.77274,52.35492],[4.77317,52.35512],[4.77348,52.3553],[4.77377,52.3555],[4.77404,52.3557],[4.77517,52.35666],[4.77568,52.35713],[4.7759,52.35728],[4.77603,52.35733],[4.7761,52.35735],[4.77626,52.35737],[4.77649,52.35737],[4.77729,52.35723],[4.77745,52.3572],[4.77758,52.35719],[4.77773,52.35721],[4.77788,52.35724],[4.77801,52.35729],[4.77812,52.35734],[4.77829,52.35743],[4.77849,52.35757],[4.77861,52.35765],[4.77879,52.35782],[4.78083,52.35974],[4.78166,52.36051],[4.78037,52.36103],[4.78028,52.3618],[4.78026,52.36222],[4.78056,52.36291],[4.78044,52.36379],[4.77885,52.36546],[4.77879,52.3655],[4.77861,52.36556],[4.77845,52.3656],[4.77622,52.36582],[4.77533,52.36618],[4.77499,52.36627],[4.77479,52.36631],[4.7746,52.36633],[4.77437,52.36635],[4.77254,52.36643],[4.77227,52.3664],[4.77195,52.36638],[4.77175,52.36638],[4.77145,52.36639],[4.77098,52.36643],[4.77046,52.36639],[4.77015,52.36638],[4.76984,52.36638],[4.76966,52.36639],[4.76921,52.36642],[4.76869,52.36651],[4.76799,52.36654],[4.76253,52.36909],[4.76234,52.36944],[4.76225,52.36952],[4.76212,52.3696],[4.75848,52.3711]]]}},{"type":"Feature","properties":{"name":"Middelveldsche Akerpolder","wijk":"De Aker","stadsdeel":"Nieuw-West","pop":4000},"geometry":{"type":"Polygon","coordinates":[[[4.77249,52.35483],[4.7852,52.34974],[4.78796,52.35233],[4.78798,52.35264],[4.78758,52.35267],[4.7872,52.35273],[4.78701,52.35277],[4.78651,52.35293],[4.77698,52.35676],[4.77729,52.35723],[4.77649,52.35737],[4.77626,52.35737],[4.7761,52.35735],[4.77603,52.35733],[4.7759,52.35728],[4.77568,52.35713],[4.77517,52.35666],[4.77404,52.3557],[4.77377,52.3555],[4.77348,52.3553],[4.77317,52.35512],[4.77274,52.35492],[4.77249,52.35483]]]}},{"type":"Feature","properties":{"name":"De Aker-West","wijk":"De Aker","stadsdeel":"Nieuw-West","pop":4570},"geometry":{"type":"Polygon","coordinates":[[[4.7674,52.35127],[4.77175,52.34956],[4.77518,52.34816],[4.77874,52.34669],[4.78081,52.34585],[4.78156,52.34654],[4.78172,52.34648],[4.7852,52.34974],[4.77249,52.35483],[4.77224,52.35475],[4.77196,52.35468],[4.77138,52.35455],[4.7711,52.35447],[4.77086,52.35439],[4.77066,52.3543],[4.77046,52.35419],[4.77028,52.35408],[4.77009,52.35393],[4.76877,52.35261],[4.76756,52.35143],[4.7674,52.35127]]]}},{"type":"Feature","properties":{"name":"De Aker-Oost","wijk":"De Aker","stadsdeel":"Nieuw-West","pop":5865},"geometry":{"type":"Polygon","coordinates":[[[4.78081,52.34585],[4.78816,52.34284],[4.79016,52.34201],[4.79055,52.34185],[4.79111,52.3415],[4.79549,52.34614],[4.79558,52.34625],[4.79475,52.34773],[4.79411,52.34904],[4.79342,52.35019],[4.7933,52.35045],[4.79305,52.35091],[4.79239,52.35216],[4.7919,52.35304],[4.79181,52.35319],[4.79047,52.35294],[4.79017,52.3529],[4.78915,52.35272],[4.78883,52.35268],[4.78858,52.35266],[4.78822,52.35264],[4.78798,52.35264],[4.78796,52.35233],[4.7852,52.34974],[4.78172,52.34648],[4.78156,52.34654],[4.78081,52.34585]]]}},{"type":"Feature","properties":{"name":"Bedrijvencentrum Osdorp","wijk":"De Punt","stadsdeel":"Nieuw-West","pop":115},"geometry":{"type":"Polygon","coordinates":[[[4.78083,52.35974],[4.78261,52.35903],[4.78272,52.359],[4.78283,52.35899],[4.78294,52.359],[4.78812,52.36005],[4.78666,52.36272],[4.78578,52.36255],[4.78526,52.36242],[4.785,52.36234],[4.7845,52.36218],[4.78425,52.36209],[4.78378,52.3619],[4.78333,52.36168],[4.78291,52.36145],[4.78271,52.36133],[4.78233,52.36107],[4.78215,52.36094],[4.78181,52.36066],[4.78166,52.36051],[4.78083,52.35974]]]}},{"type":"Feature","properties":{"name":"Dijkgraafpleinbuurt","wijk":"De Punt","stadsdeel":"Nieuw-West","pop":6210},"geometry":{"type":"Polygon","coordinates":[[[4.77698,52.35676],[4.78651,52.35293],[4.78701,52.35277],[4.7872,52.35273],[4.78758,52.35267],[4.78798,52.35264],[4.78822,52.35264],[4.78858,52.35266],[4.78883,52.35268],[4.78915,52.35272],[4.79017,52.3529],[4.79047,52.35294],[4.79181,52.35319],[4.79139,52.35395],[4.79114,52.35445],[4.79101,52.35474],[4.79086,52.35504],[4.79021,52.35622],[4.78829,52.35974],[4.78812,52.36005],[4.78294,52.359],[4.78283,52.35899],[4.78272,52.359],[4.78261,52.35903],[4.78083,52.35974],[4.77879,52.35782],[4.77861,52.35765],[4.77849,52.35757],[4.77829,52.35743],[4.77812,52.35734],[4.77801,52.35729],[4.77788,52.35724],[4.77773,52.35721],[4.77758,52.35719],[4.77745,52.3572],[4.77729,52.35723],[4.77698,52.35676]]]}},{"type":"Feature","properties":{"name":"Reimerswaal","wijk":"Osdorp-Midden","stadsdeel":"Nieuw-West","pop":2800},"geometry":{"type":"Polygon","coordinates":[[[4.78666,52.36272],[4.78812,52.36005],[4.78829,52.35974],[4.79692,52.36149],[4.79533,52.36444],[4.78666,52.36272]]]}},{"type":"Feature","properties":{"name":"Botteskerkbuurt","wijk":"Osdorp-Midden","stadsdeel":"Nieuw-West","pop":3410},"geometry":{"type":"Polygon","coordinates":[[[4.78829,52.35974],[4.79021,52.35622],[4.79926,52.35804],[4.79816,52.35918],[4.79692,52.36149],[4.78829,52.35974]]]}},{"type":"Feature","properties":{"name":"Zuidwestkwadrant-Noord","wijk":"Osdorp-Midden","stadsdeel":"Nieuw-West","pop":3100},"geometry":{"type":"Polygon","coordinates":[[[4.79021,52.35622],[4.79086,52.35504],[4.79101,52.35474],[4.79114,52.35445],[4.79139,52.35395],[4.79181,52.35319],[4.7919,52.35304],[4.79472,52.35361],[4.79867,52.35445],[4.79897,52.35444],[4.80098,52.35485],[4.8008,52.35518],[4.79926,52.35804],[4.79021,52.35622]]]}},{"type":"Feature","properties":{"name":"Zuidwestkwadrant-Zuid","wijk":"Osdorp-Midden","stadsdeel":"Nieuw-West","pop":6175},"geometry":{"type":"Polygon","coordinates":[[[4.7919,52.35304],[4.79239,52.35216],[4.79305,52.35091],[4.7933,52.35045],[4.79342,52.35019],[4.79411,52.34904],[4.79475,52.34773],[4.79558,52.34625],[4.79616,52.34707],[4.79671,52.34763],[4.79716,52.34797],[4.79745,52.34816],[4.79775,52.34835],[4.79802,52.3485],[4.7985,52.34872],[4.79889,52.34888],[4.79944,52.34907],[4.7999,52.34921],[4.80055,52.34937],[4.80115,52.34948],[4.80361,52.34998],[4.80224,52.3525],[4.80098,52.35485],[4.79897,52.35444],[4.79867,52.35445],[4.79472,52.35361],[4.7919,52.35304]]]}},{"type":"Feature","properties":{"name":"Wildeman","wijk":"Osdorp-Oost","stadsdeel":"Nieuw-West","pop":4845},"geometry":{"type":"Polygon","coordinates":[[[4.79533,52.36444],[4.79692,52.36149],[4.79816,52.35918],[4.80673,52.36092],[4.80573,52.36279],[4.80564,52.3629],[4.80558,52.36294],[4.80549,52.36299],[4.80538,52.36302],[4.80528,52.36303],[4.80516,52.36302],[4.80364,52.36271],[4.80201,52.36581],[4.79533,52.36444]]]}},{"type":"Feature","properties":{"name":"Meer en Oever","wijk":"Osdorp-Oost","stadsdeel":"Nieuw-West","pop":3195},"geometry":{"type":"Polygon","coordinates":[[[4.80201,52.36581],[4.80364,52.36271],[4.80516,52.36302],[4.80528,52.36303],[4.80538,52.36302],[4.80549,52.36299],[4.80558,52.36294],[4.80564,52.3629],[4.80573,52.36279],[4.80673,52.36092],[4.80802,52.36118],[4.80819,52.36119],[4.8084,52.3612],[4.80856,52.36119],[4.80874,52.36116],[4.80889,52.36112],[4.80916,52.36103],[4.81129,52.36147],[4.81047,52.36305],[4.81039,52.3632],[4.81027,52.3633],[4.81014,52.36336],[4.80999,52.36341],[4.80985,52.36342],[4.80974,52.36345],[4.80961,52.36349],[4.80953,52.36352],[4.80943,52.36358],[4.80936,52.36363],[4.8093,52.36368],[4.80924,52.36375],[4.8089,52.36436],[4.80885,52.36449],[4.80881,52.36463],[4.8088,52.3648],[4.8088,52.3649],[4.80883,52.36505],[4.80889,52.3652],[4.8089,52.36532],[4.80888,52.3655],[4.80881,52.36566],[4.80877,52.36572],[4.80867,52.36584],[4.80797,52.36633],[4.80762,52.36679],[4.80754,52.36692],[4.80201,52.36581]]]}},{"type":"Feature","properties":{"name":"Osdorpplein e.o.","wijk":"Osdorp-Oost","stadsdeel":"Nieuw-West","pop":4270},"geometry":{"type":"Polygon","coordinates":[[[4.79816,52.35918],[4.79926,52.35804],[4.8008,52.35518],[4.80905,52.35685],[4.80887,52.35719],[4.81306,52.35803],[4.81218,52.35973],[4.81129,52.36147],[4.80916,52.36103],[4.80889,52.36112],[4.80874,52.36116],[4.80856,52.36119],[4.8084,52.3612],[4.80819,52.36119],[4.80802,52.36118],[4.80673,52.36092],[4.79816,52.35918]]]}},{"type":"Feature","properties":{"name":"Calandlaan/Lelylaan","wijk":"Osdorp-Oost","stadsdeel":"Nieuw-West","pop":1245},"geometry":{"type":"Polygon","coordinates":[[[4.8008,52.35518],[4.80098,52.35485],[4.80224,52.3525],[4.80319,52.35271],[4.80732,52.35354],[4.80756,52.3536],[4.80836,52.3538],[4.80937,52.354],[4.80855,52.35553],[4.80998,52.35582],[4.8101,52.3556],[4.81248,52.35608],[4.81229,52.35645],[4.81652,52.3573],[4.8169,52.35737],[4.81775,52.35748],[4.81818,52.35751],[4.81858,52.35753],[4.81858,52.35772],[4.81856,52.35828],[4.81721,52.35894],[4.81707,52.35886],[4.81695,52.3588],[4.81669,52.3587],[4.81653,52.35865],[4.81548,52.35843],[4.81543,52.35851],[4.81306,52.35803],[4.80887,52.35719],[4.80905,52.35685],[4.8008,52.35518]]]}},{"type":"Feature","properties":{"name":"Osdorp-Zuidoost","wijk":"Osdorp-Oost","stadsdeel":"Nieuw-West","pop":4080},"geometry":{"type":"Polygon","coordinates":[[[4.80224,52.3525],[4.80361,52.34998],[4.80816,52.3509],[4.8111,52.35149],[4.81171,52.35158],[4.81223,52.35163],[4.81267,52.35166],[4.81296,52.35167],[4.81419,52.35166],[4.82044,52.35175],[4.81807,52.35617],[4.81862,52.3563],[4.81858,52.35753],[4.81818,52.35751],[4.81775,52.35748],[4.8169,52.35737],[4.81652,52.3573],[4.81229,52.35645],[4.81248,52.35608],[4.8101,52.3556],[4.80998,52.35582],[4.80855,52.35553],[4.80937,52.354],[4.80836,52.3538],[4.80756,52.3536],[4.80732,52.35354],[4.80319,52.35271],[4.80224,52.3525]]]}},{"type":"Feature","properties":{"name":"Oostoever Sloterplas","wijk":"Slotervaart-Noord","stadsdeel":"Nieuw-West","pop":2440},"geometry":{"type":"Polygon","coordinates":[[[4.81719,52.36389],[4.82705,52.36399],[4.83388,52.36406],[4.83385,52.36639],[4.83389,52.36713],[4.83397,52.36787],[4.83436,52.37011],[4.83442,52.37038],[4.83369,52.37049],[4.83358,52.37052],[4.83339,52.3706],[4.83326,52.37063],[4.83282,52.3707],[4.83265,52.37074],[4.83232,52.37079],[4.83222,52.37056],[4.83197,52.37014],[4.83105,52.36987],[4.8309,52.3698],[4.83079,52.3697],[4.82991,52.36992],[4.82995,52.36997],[4.82932,52.37031],[4.82927,52.37036],[4.82925,52.37042],[4.82926,52.37048],[4.82933,52.37056],[4.82716,52.37213],[4.82565,52.37088],[4.81719,52.36389]]]}},{"type":"Feature","properties":{"name":"Emanuel van Meterenbuurt","wijk":"Slotervaart-Noord","stadsdeel":"Nieuw-West","pop":2255},"geometry":{"type":"Polygon","coordinates":[[[4.81218,52.35973],[4.81306,52.35803],[4.81543,52.35851],[4.81548,52.35843],[4.81653,52.35865],[4.81669,52.3587],[4.81695,52.3588],[4.81707,52.35886],[4.81721,52.35894],[4.81856,52.35828],[4.81858,52.35772],[4.82581,52.3578],[4.82582,52.3576],[4.82726,52.35762],[4.82705,52.36399],[4.81719,52.36389],[4.81218,52.35973]]]}},{"type":"Feature","properties":{"name":"Jacob Geelbuurt","wijk":"Slotervaart-Noord","stadsdeel":"Nieuw-West","pop":3115},"geometry":{"type":"Polygon","coordinates":[[[4.82705,52.36399],[4.82726,52.35762],[4.82826,52.35763],[4.82826,52.35783],[4.8342,52.35789],[4.83416,52.35849],[4.83407,52.35927],[4.83403,52.35962],[4.83396,52.36068],[4.8339,52.36247],[4.83388,52.36406],[4.82705,52.36399]]]}},{"type":"Feature","properties":{"name":"Lucas/Andreasziekenhuis e.o.","wijk":"Overtoomse Veld","stadsdeel":"Nieuw-West","pop":1245},"geometry":{"type":"Polygon","coordinates":[[[4.83436,52.37011],[4.83831,52.36952],[4.83886,52.36945],[4.83929,52.3694],[4.8401,52.36933],[4.84047,52.36931],[4.84091,52.3693],[4.84216,52.36931],[4.84215,52.36958],[4.84257,52.36959],[4.84256,52.36983],[4.84257,52.37003],[4.84271,52.37087],[4.8428,52.37186],[4.84285,52.37188],[4.84286,52.37191],[4.84303,52.37191],[4.84304,52.37222],[4.8426,52.37222],[4.84214,52.37224],[4.84119,52.37227],[4.84086,52.3723],[4.8406,52.37233],[4.83534,52.37315],[4.83525,52.37295],[4.83528,52.37294],[4.83494,52.37213],[4.83469,52.37145],[4.83455,52.37091],[4.83442,52.37038],[4.83436,52.37011]]]}},{"type":"Feature","properties":{"name":"Overtoomse Veld-Noord","wijk":"Overtoomse Veld","stadsdeel":"Nieuw-West","pop":6030},"geometry":{"type":"Polygon","coordinates":[[[4.83397,52.36787],[4.83389,52.36713],[4.83385,52.36639],[4.83388,52.36406],[4.84231,52.36414],[4.84216,52.36931],[4.84091,52.3693],[4.84047,52.36931],[4.8401,52.36933],[4.83929,52.3694],[4.83886,52.36945],[4.83831,52.36952],[4.83436,52.37011],[4.83397,52.36787]]]}},{"type":"Feature","properties":{"name":"Rembrandtpark-Noord","wijk":"Overtoomse Veld","stadsdeel":"Nieuw-West","pop":1015},"geometry":{"type":"Polygon","coordinates":[[[4.84257,52.36959],[4.84215,52.36958],[4.84216,52.36931],[4.84231,52.36414],[4.84919,52.36423],[4.8505,52.36424],[4.85047,52.36516],[4.85045,52.36522],[4.85039,52.36538],[4.85032,52.36537],[4.84971,52.36671],[4.84868,52.36893],[4.84871,52.36896],[4.84836,52.36972],[4.84774,52.36961],[4.84763,52.36987],[4.84702,52.36977],[4.84662,52.36972],[4.84619,52.36967],[4.84572,52.36964],[4.84522,52.36962],[4.84257,52.36959]]]}},{"type":"Feature","properties":{"name":"Overtoomse Veld-Zuid","wijk":"Overtoomse Veld","stadsdeel":"Nieuw-West","pop":4545},"geometry":{"type":"Polygon","coordinates":[[[4.83388,52.36406],[4.8339,52.36247],[4.83396,52.36068],[4.83403,52.35962],[4.83407,52.35927],[4.84246,52.35935],[4.84231,52.36414],[4.83388,52.36406]]]}},{"type":"Feature","properties":{"name":"Rembrandtpark-Zuid","wijk":"Overtoomse Veld","stadsdeel":"Nieuw-West","pop":880},"geometry":{"type":"Polygon","coordinates":[[[4.84231,52.36414],[4.84246,52.35935],[4.8425,52.35798],[4.84889,52.35804],[4.84889,52.36076],[4.84951,52.36095],[4.84946,52.36337],[4.84922,52.36337],[4.84919,52.36423],[4.84231,52.36414]]]}},{"type":"Feature","properties":{"name":"Johan Jongkindbuurt","wijk":"Overtoomse Veld","stadsdeel":"Nieuw-West","pop":955},"geometry":{"type":"Polygon","coordinates":[[[4.83407,52.35927],[4.83416,52.35849],[4.8342,52.35789],[4.8425,52.35798],[4.84246,52.35935],[4.83407,52.35927]]]}},{"type":"Feature","properties":{"name":"Louis Crispijnbuurt","wijk":"Slotervaart-Zuid","stadsdeel":"Nieuw-West","pop":3240},"geometry":{"type":"Polygon","coordinates":[[[4.81862,52.3563],[4.81807,52.35617],[4.82044,52.35175],[4.82118,52.35174],[4.82742,52.35182],[4.82726,52.35762],[4.82582,52.3576],[4.82581,52.3578],[4.81858,52.35772],[4.81858,52.35753],[4.81862,52.3563]]]}},{"type":"Feature","properties":{"name":"Jacques Veltmanbuurt","wijk":"Slotervaart-Zuid","stadsdeel":"Nieuw-West","pop":3760},"geometry":{"type":"Polygon","coordinates":[[[4.82726,52.35762],[4.82742,52.35182],[4.8342,52.3519],[4.83417,52.35286],[4.83409,52.35451],[4.83412,52.35554],[4.83416,52.35605],[4.83418,52.35632],[4.8342,52.35733],[4.8342,52.35789],[4.82826,52.35783],[4.82826,52.35763],[4.82726,52.35762]]]}},{"type":"Feature","properties":{"name":"Medisch Centrum Slotervaart","wijk":"Slotervaart-Zuid","stadsdeel":"Nieuw-West","pop":775},"geometry":{"type":"Polygon","coordinates":[[[4.82118,52.35174],[4.82127,52.34897],[4.8213,52.34864],[4.82136,52.34844],[4.82223,52.34678],[4.8221,52.3467],[4.82208,52.34666],[4.8221,52.34653],[4.82213,52.34619],[4.82211,52.34602],[4.82212,52.34594],[4.82222,52.34583],[4.8227,52.34545],[4.82283,52.3453],[4.82293,52.34515],[4.82295,52.34511],[4.82296,52.34491],[4.82294,52.34484],[4.82332,52.34471],[4.82344,52.34468],[4.82367,52.34464],[4.8238,52.34464],[4.82394,52.34464],[4.82423,52.34467],[4.82432,52.34472],[4.82444,52.34478],[4.82513,52.34495],[4.82569,52.34505],[4.82593,52.34508],[4.82639,52.34513],[4.82677,52.34514],[4.82759,52.34516],[4.82757,52.34559],[4.82742,52.35182],[4.82118,52.35174]]]}},{"type":"Feature","properties":{"name":"Staalmanbuurt","wijk":"Slotervaart-Zuid","stadsdeel":"Nieuw-West","pop":3315},"geometry":{"type":"Polygon","coordinates":[[[4.82742,52.35182],[4.82757,52.34559],[4.83043,52.34559],[4.83441,52.34564],[4.83441,52.34578],[4.83426,52.34843],[4.83419,52.35048],[4.83421,52.35103],[4.8342,52.3519],[4.82742,52.35182]]]}},{"type":"Feature","properties":{"name":"Schipluidenbuurt","wijk":"Westlandgracht","stadsdeel":"Nieuw-West","pop":1635},"geometry":{"type":"Polygon","coordinates":[[[4.8342,52.35789],[4.8342,52.35733],[4.83418,52.35632],[4.83416,52.35605],[4.84255,52.35614],[4.8425,52.35798],[4.8342,52.35789]]]}},{"type":"Feature","properties":{"name":"Koningin Wilhelminaplein","wijk":"Westlandgracht","stadsdeel":"Nieuw-West","pop":2975},"geometry":{"type":"Polygon","coordinates":[[[4.83412,52.35554],[4.83409,52.35451],[4.83417,52.35286],[4.8342,52.3519],[4.8358,52.35191],[4.83651,52.35197],[4.84042,52.352],[4.84054,52.35206],[4.84263,52.35208],[4.84265,52.35245],[4.84264,52.353],[4.84255,52.35614],[4.83416,52.35605],[4.83412,52.35554]]]}},{"type":"Feature","properties":{"name":"Andreasterrein","wijk":"Westlandgracht","stadsdeel":"Nieuw-West","pop":1275},"geometry":{"type":"Polygon","coordinates":[[[4.8425,52.35798],[4.84255,52.35614],[4.84264,52.353],[4.84265,52.35245],[4.84263,52.35208],[4.84479,52.35209],[4.84474,52.35548],[4.84893,52.35551],[4.84889,52.35791],[4.84889,52.35804],[4.8425,52.35798]]]}},{"type":"Feature","properties":{"name":"Delflandpleinbuurt-West","wijk":"Westlandgracht","stadsdeel":"Nieuw-West","pop":4740},"geometry":{"type":"Polygon","coordinates":[[[4.8342,52.3519],[4.83421,52.35103],[4.83419,52.35048],[4.83426,52.34843],[4.83441,52.34578],[4.83476,52.34578],[4.83647,52.34586],[4.83678,52.34587],[4.83691,52.34589],[4.83696,52.34584],[4.83711,52.34589],[4.83716,52.346],[4.83718,52.34601],[4.83797,52.34602],[4.83803,52.34598],[4.83811,52.34595],[4.83829,52.34595],[4.83835,52.34596],[4.83838,52.34595],[4.8384,52.34596],[4.83844,52.34597],[4.83847,52.34596],[4.8385,52.34597],[4.83855,52.34597],[4.83857,52.34596],[4.83861,52.34598],[4.83864,52.34598],[4.83867,52.34596],[4.83871,52.34599],[4.83883,52.34603],[4.83917,52.34604],[4.83918,52.34604],[4.83918,52.34604],[4.83924,52.34604],[4.83932,52.34602],[4.83938,52.34599],[4.83941,52.34594],[4.8398,52.34598],[4.83988,52.34601],[4.8401,52.34603],[4.8402,52.34607],[4.84026,52.34604],[4.84053,52.34604],[4.84055,52.34602],[4.84099,52.34603],[4.841,52.34659],[4.84102,52.34701],[4.84108,52.34742],[4.84119,52.34794],[4.84134,52.34842],[4.84142,52.34863],[4.84175,52.34934],[4.84201,52.34987],[4.84226,52.35045],[4.84236,52.35074],[4.84248,52.35115],[4.84257,52.35155],[4.84263,52.35208],[4.84054,52.35206],[4.84042,52.352],[4.83651,52.35197],[4.8358,52.35191],[4.8342,52.3519]]]}},{"type":"Feature","properties":{"name":"Delflandpleinbuurt-Oost","wijk":"Westlandgracht","stadsdeel":"Nieuw-West","pop":2130},"geometry":{"type":"Polygon","coordinates":[[[4.84257,52.35155],[4.84248,52.35115],[4.84236,52.35074],[4.84226,52.35045],[4.84201,52.34987],[4.84175,52.34934],[4.84142,52.34863],[4.84134,52.34842],[4.84119,52.34794],[4.84108,52.34742],[4.84102,52.34701],[4.841,52.34659],[4.84099,52.34603],[4.84194,52.34598],[4.84235,52.34596],[4.84235,52.34596],[4.84284,52.34593],[4.84347,52.34591],[4.84402,52.3459],[4.84433,52.34591],[4.84469,52.34596],[4.84503,52.34605],[4.8452,52.34611],[4.84537,52.34618],[4.84565,52.34632],[4.84588,52.34648],[4.84608,52.34666],[4.84582,52.34677],[4.84573,52.34678],[4.84565,52.34678],[4.84565,52.34688],[4.84556,52.35158],[4.84555,52.3521],[4.84479,52.35209],[4.84263,52.35208],[4.84257,52.35155]]]}},{"type":"Feature","properties":{"name":"Riekerhaven","wijk":"Westlandgracht","stadsdeel":"Nieuw-West","pop":450},"geometry":{"type":"Polygon","coordinates":[[[4.83441,52.34578],[4.83441,52.34564],[4.83444,52.34453],[4.83445,52.34438],[4.83452,52.34408],[4.83461,52.34386],[4.83467,52.34337],[4.83493,52.34182],[4.83501,52.34151],[4.8352,52.34104],[4.83549,52.34059],[4.83567,52.34036],[4.836,52.34001],[4.83644,52.33959],[4.8366,52.33945],[4.83693,52.33919],[4.83711,52.33906],[4.83749,52.33882],[4.83789,52.3386],[4.8381,52.33849],[4.83854,52.33828],[4.83876,52.33819],[4.83922,52.33801],[4.83946,52.33793],[4.83971,52.33785],[4.8402,52.33771],[4.84098,52.33763],[4.84165,52.33758],[4.84238,52.33754],[4.84311,52.33753],[4.84377,52.33754],[4.84433,52.33755],[4.84703,52.33769],[4.84697,52.33815],[4.84686,52.33814],[4.84685,52.33815],[4.84666,52.33813],[4.84667,52.33812],[4.84652,52.33811],[4.84652,52.33812],[4.84647,52.33812],[4.84647,52.33811],[4.84601,52.33808],[4.84601,52.33807],[4.846,52.33807],[4.84599,52.33808],[4.84598,52.33808],[4.8457,52.33807],[4.84533,52.33807],[4.84498,52.33809],[4.84464,52.33813],[4.84438,52.33818],[4.84407,52.33825],[4.84374,52.33835],[4.84345,52.33847],[4.84321,52.33858],[4.843,52.3387],[4.84277,52.33887],[4.84255,52.33906],[4.84237,52.33925],[4.84224,52.33944],[4.84214,52.33962],[4.84206,52.33981],[4.84201,52.33998],[4.84193,52.34035],[4.84181,52.34107],[4.84173,52.34157],[4.84153,52.34318],[4.84152,52.34321],[4.84152,52.34327],[4.8415,52.34327],[4.84149,52.34344],[4.84152,52.34344],[4.84152,52.3435],[4.8415,52.3435],[4.84151,52.34376],[4.84153,52.3441],[4.84165,52.34516],[4.84166,52.34537],[4.84164,52.34541],[4.84164,52.34544],[4.84167,52.34549],[4.84173,52.34553],[4.84179,52.34555],[4.84195,52.34556],[4.84194,52.34598],[4.84099,52.34603],[4.84055,52.34602],[4.84053,52.34604],[4.84026,52.34604],[4.8402,52.34607],[4.8401,52.34603],[4.83988,52.34601],[4.8398,52.34598],[4.83941,52.34594],[4.83938,52.34599],[4.83932,52.34602],[4.83924,52.34604],[4.83918,52.34604],[4.83918,52.34604],[4.83917,52.34604],[4.83883,52.34603],[4.83871,52.34599],[4.83867,52.34596],[4.83864,52.34598],[4.83861,52.34598],[4.83857,52.34596],[4.83855,52.34597],[4.8385,52.34597],[4.83847,52.34596],[4.83844,52.34597],[4.8384,52.34596],[4.83838,52.34595],[4.83835,52.34596],[4.83829,52.34595],[4.83811,52.34595],[4.83803,52.34598],[4.83797,52.34602],[4.83718,52.34601],[4.83716,52.346],[4.83711,52.34589],[4.83696,52.34584],[4.83691,52.34589],[4.83678,52.34587],[4.83647,52.34586],[4.83476,52.34578],[4.83441,52.34578]]]}},{"type":"Feature","properties":{"name":"Dorp Sloten","wijk":"Sloten/Nieuw-Sloten","stadsdeel":"Nieuw-West","pop":720},"geometry":{"type":"Polygon","coordinates":[[[4.79111,52.3415],[4.79144,52.3413],[4.79179,52.34103],[4.79232,52.34051],[4.79609,52.3368],[4.79733,52.3356],[4.79777,52.33529],[4.79822,52.33504],[4.7988,52.3348],[4.79902,52.33494],[4.80147,52.33644],[4.80153,52.33649],[4.80157,52.33654],[4.80158,52.33658],[4.80157,52.33664],[4.80151,52.33672],[4.80076,52.3372],[4.80065,52.33729],[4.80063,52.33736],[4.80082,52.33849],[4.80101,52.33955],[4.80106,52.33986],[4.80102,52.34013],[4.80104,52.34018],[4.80114,52.3403],[4.8012,52.34073],[4.80118,52.34088],[4.80111,52.34093],[4.80112,52.34114],[4.80116,52.34132],[4.80119,52.34134],[4.80125,52.34133],[4.80128,52.34155],[4.80137,52.34196],[4.80165,52.34314],[4.79931,52.34358],[4.79994,52.34496],[4.8003,52.34572],[4.80047,52.34601],[4.80083,52.34681],[4.80058,52.34679],[4.80048,52.3468],[4.8003,52.34684],[4.80011,52.34691],[4.79775,52.34835],[4.79745,52.34816],[4.79716,52.34797],[4.79671,52.34763],[4.79616,52.34707],[4.79558,52.34625],[4.79549,52.34614],[4.79111,52.3415]]]}},{"type":"Feature","properties":{"name":"Nieuw-Sloten-Noordwest","wijk":"Sloten/Nieuw-Sloten","stadsdeel":"Nieuw-West","pop":3055},"geometry":{"type":"Polygon","coordinates":[[[4.79775,52.34835],[4.80011,52.34691],[4.8003,52.34684],[4.80048,52.3468],[4.80058,52.34679],[4.80083,52.34681],[4.80047,52.34601],[4.8003,52.34572],[4.79994,52.34496],[4.80048,52.34486],[4.80061,52.34481],[4.80086,52.34475],[4.80107,52.3447],[4.80124,52.34468],[4.80159,52.34465],[4.80182,52.34464],[4.80213,52.34464],[4.80239,52.34465],[4.80285,52.3447],[4.80633,52.3454],[4.80978,52.3461],[4.8107,52.34627],[4.81043,52.34679],[4.81023,52.34705],[4.80816,52.3509],[4.80361,52.34998],[4.80115,52.34948],[4.80055,52.34937],[4.7999,52.34921],[4.79944,52.34907],[4.79889,52.34888],[4.7985,52.34872],[4.79802,52.3485],[4.79775,52.34835]]]}},{"type":"Feature","properties":{"name":"Nieuw-Sloten-Noordoost","wijk":"Sloten/Nieuw-Sloten","stadsdeel":"Nieuw-West","pop":3170},"geometry":{"type":"Polygon","coordinates":[[[4.80816,52.3509],[4.81023,52.34705],[4.81043,52.34679],[4.8107,52.34627],[4.81118,52.34632],[4.81168,52.34635],[4.81399,52.34638],[4.81577,52.34639],[4.81607,52.3464],[4.81644,52.34641],[4.82081,52.34645],[4.8221,52.34653],[4.82208,52.34666],[4.8221,52.3467],[4.82223,52.34678],[4.82136,52.34844],[4.8213,52.34864],[4.82127,52.34897],[4.82118,52.35174],[4.82044,52.35175],[4.81419,52.35166],[4.81296,52.35167],[4.81267,52.35166],[4.81223,52.35163],[4.81171,52.35158],[4.8111,52.35149],[4.80816,52.3509]]]}},{"type":"Feature","properties":{"name":"Nieuw-Sloten-Zuidwest","wijk":"Sloten/Nieuw-Sloten","stadsdeel":"Nieuw-West","pop":2220},"geometry":{"type":"Polygon","coordinates":[[[4.79994,52.34496],[4.79931,52.34358],[4.80165,52.34314],[4.80137,52.34196],[4.802,52.34209],[4.80224,52.34211],[4.80344,52.34213],[4.80396,52.34212],[4.80454,52.34214],[4.80919,52.34221],[4.80995,52.34224],[4.81005,52.34226],[4.8102,52.34231],[4.81027,52.34232],[4.81045,52.34234],[4.81152,52.34234],[4.81143,52.345],[4.80673,52.34497],[4.80662,52.345],[4.80655,52.34505],[4.80633,52.3454],[4.80285,52.3447],[4.80239,52.34465],[4.80213,52.34464],[4.80182,52.34464],[4.80159,52.34465],[4.80124,52.34468],[4.80107,52.3447],[4.80086,52.34475],[4.80061,52.34481],[4.80048,52.34486],[4.79994,52.34496]]]}},{"type":"Feature","properties":{"name":"Belgiëplein e.o.","wijk":"Sloten/Nieuw-Sloten","stadsdeel":"Nieuw-West","pop":1165},"geometry":{"type":"Polygon","coordinates":[[[4.80633,52.3454],[4.80655,52.34505],[4.80662,52.345],[4.80673,52.34497],[4.81143,52.345],[4.81571,52.34505],[4.81583,52.34505],[4.81592,52.34508],[4.81598,52.3451],[4.81604,52.34514],[4.81608,52.34519],[4.8161,52.34524],[4.81607,52.3464],[4.81577,52.34639],[4.81399,52.34638],[4.81168,52.34635],[4.81118,52.34632],[4.8107,52.34627],[4.80978,52.3461],[4.80633,52.3454]]]}},{"type":"Feature","properties":{"name":"Nieuw-Sloten-Zuidoost","wijk":"Sloten/Nieuw-Sloten","stadsdeel":"Nieuw-West","pop":2185},"geometry":{"type":"Polygon","coordinates":[[[4.81143,52.345],[4.81152,52.34234],[4.81391,52.34237],[4.814,52.34238],[4.81406,52.3424],[4.81425,52.34249],[4.81427,52.34254],[4.8143,52.34257],[4.81434,52.34258],[4.8144,52.34259],[4.81642,52.34262],[4.81656,52.3426],[4.81685,52.34254],[4.817,52.34252],[4.81802,52.34253],[4.81814,52.34255],[4.8183,52.34259],[4.81886,52.34286],[4.81894,52.34289],[4.81901,52.3429],[4.81976,52.34291],[4.81983,52.34292],[4.81993,52.34294],[4.82004,52.34299],[4.82013,52.34306],[4.8203,52.3433],[4.82083,52.3433],[4.82089,52.34338],[4.821,52.34346],[4.82248,52.34427],[4.82263,52.34437],[4.82274,52.34448],[4.82284,52.34459],[4.8229,52.34471],[4.82294,52.34484],[4.82296,52.34491],[4.82295,52.34511],[4.82293,52.34515],[4.82283,52.3453],[4.8227,52.34545],[4.82222,52.34583],[4.82212,52.34594],[4.82211,52.34602],[4.82213,52.34619],[4.8221,52.34653],[4.82081,52.34645],[4.81644,52.34641],[4.81607,52.3464],[4.8161,52.34524],[4.81608,52.34519],[4.81604,52.34514],[4.81598,52.3451],[4.81592,52.34508],[4.81583,52.34505],[4.81571,52.34505],[4.81143,52.345]]]}},{"type":"Feature","properties":{"name":"Sloterweg e.o.","wijk":"Sloten/Nieuw-Sloten","stadsdeel":"Nieuw-West","pop":335},"geometry":{"type":"Polygon","coordinates":[[[4.7988,52.3348],[4.80305,52.33304],[4.80732,52.33564],[4.80833,52.33622],[4.80889,52.33651],[4.80939,52.33675],[4.80976,52.33691],[4.81014,52.33706],[4.81065,52.33726],[4.8113,52.33748],[4.812,52.33769],[4.81263,52.33786],[4.81342,52.33804],[4.8144,52.33822],[4.81503,52.33831],[4.81571,52.33839],[4.81617,52.33843],[4.81709,52.33849],[4.81753,52.33851],[4.81843,52.33852],[4.81992,52.33852],[4.81993,52.33952],[4.81999,52.33975],[4.81995,52.34018],[4.81999,52.34046],[4.81994,52.3409],[4.81992,52.3415],[4.81999,52.34159],[4.81999,52.34173],[4.82001,52.34184],[4.81998,52.34201],[4.82088,52.34205],[4.82076,52.34312],[4.82078,52.3432],[4.82083,52.3433],[4.8203,52.3433],[4.82013,52.34306],[4.82004,52.34299],[4.81993,52.34294],[4.81983,52.34292],[4.81976,52.34291],[4.81901,52.3429],[4.81894,52.34289],[4.81886,52.34286],[4.8183,52.34259],[4.81814,52.34255],[4.81802,52.34253],[4.817,52.34252],[4.81685,52.34254],[4.81656,52.3426],[4.81642,52.34262],[4.8144,52.34259],[4.81434,52.34258],[4.8143,52.34257],[4.81427,52.34254],[4.81425,52.34249],[4.81406,52.3424],[4.814,52.34238],[4.81391,52.34237],[4.81152,52.34234],[4.81045,52.34234],[4.81027,52.34232],[4.8102,52.34231],[4.81005,52.34226],[4.80995,52.34224],[4.80919,52.34221],[4.80454,52.34214],[4.80396,52.34212],[4.80344,52.34213],[4.80224,52.34211],[4.802,52.34209],[4.80137,52.34196],[4.80128,52.34155],[4.80125,52.34133],[4.80119,52.34134],[4.80116,52.34132],[4.80112,52.34114],[4.80111,52.34093],[4.80118,52.34088],[4.8012,52.34073],[4.80114,52.3403],[4.80104,52.34018],[4.80102,52.34013],[4.80106,52.33986],[4.80101,52.33955],[4.80082,52.33849],[4.80063,52.33736],[4.80065,52.33729],[4.80076,52.3372],[4.80151,52.33672],[4.80157,52.33664],[4.80158,52.33658],[4.80157,52.33654],[4.80153,52.33649],[4.80147,52.33644],[4.79902,52.33494],[4.7988,52.3348]]]}},{"type":"Feature","properties":{"name":"Park Haagseweg","wijk":"Sloten/Nieuw-Sloten","stadsdeel":"Nieuw-West","pop":995},"geometry":{"type":"Polygon","coordinates":[[[4.82083,52.3433],[4.82078,52.3432],[4.82076,52.34312],[4.82088,52.34205],[4.82205,52.34212],[4.82283,52.34212],[4.8232,52.34214],[4.82397,52.34221],[4.82501,52.34238],[4.82568,52.34249],[4.82637,52.34258],[4.82654,52.3426],[4.82691,52.34261],[4.82771,52.34261],[4.82775,52.34342],[4.82774,52.34381],[4.8277,52.3443],[4.82762,52.34474],[4.82759,52.34516],[4.82677,52.34514],[4.82639,52.34513],[4.82593,52.34508],[4.82569,52.34505],[4.82513,52.34495],[4.82444,52.34478],[4.82432,52.34472],[4.82423,52.34467],[4.82394,52.34464],[4.8238,52.34464],[4.82367,52.34464],[4.82344,52.34468],[4.82332,52.34471],[4.82294,52.34484],[4.8229,52.34471],[4.82284,52.34459],[4.82274,52.34448],[4.82263,52.34437],[4.82248,52.34427],[4.821,52.34346],[4.82089,52.34338],[4.82083,52.3433]]]}},{"type":"Feature","properties":{"name":"Riekerpolder","wijk":"Sloten/Nieuw-Sloten","stadsdeel":"Nieuw-West","pop":705},"geometry":{"type":"Polygon","coordinates":[[[4.81998,52.34201],[4.82001,52.34184],[4.81999,52.34173],[4.81999,52.34159],[4.81992,52.3415],[4.81994,52.3409],[4.81999,52.34046],[4.81995,52.34018],[4.81999,52.33975],[4.81993,52.33952],[4.81992,52.33852],[4.83292,52.33843],[4.83359,52.33842],[4.83437,52.33839],[4.83514,52.33835],[4.83553,52.33832],[4.83592,52.33829],[4.83668,52.33821],[4.83744,52.33812],[4.8395,52.3378],[4.8402,52.33771],[4.83971,52.33785],[4.83946,52.33793],[4.83922,52.33801],[4.83876,52.33819],[4.83854,52.33828],[4.8381,52.33849],[4.83789,52.3386],[4.83749,52.33882],[4.83711,52.33906],[4.83693,52.33919],[4.8366,52.33945],[4.83644,52.33959],[4.836,52.34001],[4.83567,52.34036],[4.83549,52.34059],[4.8352,52.34104],[4.83501,52.34151],[4.83493,52.34182],[4.83467,52.34337],[4.83461,52.34386],[4.83452,52.34408],[4.83445,52.34438],[4.83444,52.34453],[4.83441,52.34564],[4.83043,52.34559],[4.82757,52.34559],[4.82759,52.34516],[4.82762,52.34474],[4.8277,52.3443],[4.82774,52.34381],[4.82775,52.34342],[4.82771,52.34261],[4.82691,52.34261],[4.82654,52.3426],[4.82637,52.34258],[4.82568,52.34249],[4.82501,52.34238],[4.82397,52.34221],[4.8232,52.34214],[4.82283,52.34212],[4.82205,52.34212],[4.82088,52.34205],[4.81998,52.34201]]]}},{"type":"Feature","properties":{"name":"Nieuwe Meer","wijk":"Sloten/Nieuw-Sloten","stadsdeel":"Nieuw-West","pop":165},"geometry":{"type":"Polygon","coordinates":[[[4.80305,52.33304],[4.80772,52.33109],[4.81267,52.32905],[4.81544,52.3279],[4.81641,52.32741],[4.81713,52.32693],[4.81733,52.32708],[4.82213,52.33082],[4.83556,52.33101],[4.83834,52.33149],[4.84622,52.33413],[4.84709,52.33628],[4.84714,52.3369],[4.84703,52.33769],[4.84433,52.33755],[4.84377,52.33754],[4.84311,52.33753],[4.84238,52.33754],[4.84165,52.33758],[4.84098,52.33763],[4.8402,52.33771],[4.8395,52.3378],[4.83744,52.33812],[4.83668,52.33821],[4.83592,52.33829],[4.83553,52.33832],[4.83514,52.33835],[4.83437,52.33839],[4.83359,52.33842],[4.83292,52.33843],[4.81992,52.33852],[4.81843,52.33852],[4.81753,52.33851],[4.81709,52.33849],[4.81617,52.33843],[4.81571,52.33839],[4.81503,52.33831],[4.8144,52.33822],[4.81342,52.33804],[4.81263,52.33786],[4.812,52.33769],[4.8113,52.33748],[4.81065,52.33726],[4.81014,52.33706],[4.80976,52.33691],[4.80939,52.33675],[4.80889,52.33651],[4.80833,52.33622],[4.80732,52.33564],[4.80305,52.33304]]]}},{"type":"Feature","properties":{"name":"Westlandgrachtbuurt","wijk":"Hoofddorppleinbuurt","stadsdeel":"Zuid","pop":3625},"geometry":{"type":"Polygon","coordinates":[[[4.84893,52.35551],[4.84474,52.35548],[4.84479,52.35209],[4.84555,52.3521],[4.84556,52.35158],[4.84945,52.35161],[4.8504,52.35161],[4.85034,52.35487],[4.85029,52.35792],[4.85004,52.35792],[4.84889,52.35791],[4.84893,52.35551]]]}},{"type":"Feature","properties":{"name":"Surinamepleinbuurt","wijk":"Hoofddorppleinbuurt","stadsdeel":"Zuid","pop":1535},"geometry":{"type":"Polygon","coordinates":[[[4.85029,52.35792],[4.85034,52.35487],[4.85163,52.35488],[4.85185,52.35485],[4.85212,52.35485],[4.85244,52.35481],[4.85338,52.35479],[4.85355,52.35478],[4.85369,52.35525],[4.85377,52.35535],[4.85412,52.35652],[4.85433,52.35718],[4.85478,52.35776],[4.8539,52.35802],[4.85362,52.35809],[4.85355,52.3581],[4.8534,52.35807],[4.85301,52.35799],[4.85284,52.35794],[4.85265,52.35792],[4.85246,52.35791],[4.85218,52.35792],[4.85057,52.35791],[4.85029,52.35792]]]}},{"type":"Feature","properties":{"name":"Legmeerpleinbuurt","wijk":"Hoofddorppleinbuurt","stadsdeel":"Zuid","pop":1645},"geometry":{"type":"Polygon","coordinates":[[[4.85034,52.35487],[4.8504,52.35161],[4.85041,52.35103],[4.85163,52.35104],[4.85176,52.35103],[4.85237,52.35095],[4.85355,52.35478],[4.85338,52.35479],[4.85244,52.35481],[4.85212,52.35485],[4.85185,52.35485],[4.85163,52.35488],[4.85034,52.35487]]]}},{"type":"Feature","properties":{"name":"Aalsmeerwegbuurt-West","wijk":"Hoofddorppleinbuurt","stadsdeel":"Zuid","pop":2530},"geometry":{"type":"Polygon","coordinates":[[[4.84556,52.35158],[4.84565,52.34688],[4.84605,52.34688],[4.84647,52.3468],[4.84928,52.34966],[4.84933,52.34973],[4.84942,52.34988],[4.84946,52.35004],[4.84945,52.35161],[4.84556,52.35158]]]}},{"type":"Feature","properties":{"name":"Aalsmeerwegbuurt-Oost","wijk":"Hoofddorppleinbuurt","stadsdeel":"Zuid","pop":2165},"geometry":{"type":"Polygon","coordinates":[[[4.84565,52.34688],[4.84565,52.34678],[4.84573,52.34678],[4.84582,52.34677],[4.84608,52.34666],[4.84588,52.34648],[4.84565,52.34632],[4.84587,52.34617],[4.84587,52.34591],[4.84608,52.34584],[4.84662,52.34584],[4.84663,52.34579],[4.84686,52.34567],[4.84686,52.34543],[4.8483,52.34545],[4.84829,52.34598],[4.84826,52.3465],[4.84822,52.3467],[4.8482,52.3469],[4.8487,52.347],[4.84921,52.34713],[4.84948,52.34722],[4.84976,52.34738],[4.84981,52.34743],[4.85092,52.34813],[4.85138,52.34805],[4.85156,52.34845],[4.85237,52.35095],[4.85176,52.35103],[4.85163,52.35104],[4.85041,52.35103],[4.8504,52.35161],[4.84945,52.35161],[4.84946,52.35004],[4.84942,52.34988],[4.84933,52.34973],[4.84928,52.34966],[4.84647,52.3468],[4.84605,52.34688],[4.84565,52.34688]]]}},{"type":"Feature","properties":{"name":"Bedrijventerrein Schinkel","wijk":"Hoofddorppleinbuurt","stadsdeel":"Zuid","pop":270},"geometry":{"type":"Polygon","coordinates":[[[4.84195,52.34556],[4.84179,52.34555],[4.84173,52.34553],[4.84167,52.34549],[4.84164,52.34544],[4.84164,52.34541],[4.84166,52.34537],[4.84165,52.34516],[4.84153,52.3441],[4.84151,52.34376],[4.8415,52.3435],[4.84152,52.3435],[4.84152,52.34344],[4.84149,52.34344],[4.8415,52.34327],[4.84152,52.34327],[4.84152,52.34321],[4.84153,52.34318],[4.84173,52.34157],[4.84181,52.34107],[4.84193,52.34035],[4.84201,52.33998],[4.84206,52.33981],[4.84214,52.33962],[4.84224,52.33944],[4.84237,52.33925],[4.84255,52.33906],[4.84277,52.33887],[4.843,52.3387],[4.84321,52.33858],[4.84345,52.33847],[4.84374,52.33835],[4.84407,52.33825],[4.84438,52.33818],[4.84464,52.33813],[4.84498,52.33809],[4.84533,52.33807],[4.8457,52.33807],[4.84598,52.33808],[4.84599,52.33808],[4.846,52.33807],[4.84601,52.33807],[4.84601,52.33808],[4.84647,52.33811],[4.84647,52.33812],[4.84652,52.33812],[4.84652,52.33811],[4.84667,52.33812],[4.84666,52.33813],[4.84685,52.33815],[4.84686,52.33814],[4.84697,52.33815],[4.8468,52.3395],[4.84679,52.33973],[4.84678,52.33996],[4.84679,52.3403],[4.84683,52.34064],[4.84687,52.34083],[4.8471,52.34132],[4.84742,52.34185],[4.84764,52.34219],[4.84818,52.34277],[4.84882,52.34344],[4.84906,52.3438],[4.85057,52.34677],[4.85117,52.34764],[4.85128,52.34783],[4.85138,52.34805],[4.85092,52.34813],[4.84981,52.34743],[4.84976,52.34738],[4.84948,52.34722],[4.84921,52.34713],[4.8487,52.347],[4.8482,52.3469],[4.84822,52.3467],[4.84826,52.3465],[4.84829,52.34598],[4.8483,52.34545],[4.84686,52.34543],[4.84686,52.34567],[4.84663,52.34579],[4.84662,52.34584],[4.84608,52.34584],[4.84587,52.34591],[4.84587,52.34617],[4.84565,52.34632],[4.84537,52.34618],[4.8452,52.34611],[4.84503,52.34605],[4.84469,52.34596],[4.84433,52.34591],[4.84402,52.3459],[4.84347,52.34591],[4.84284,52.34593],[4.84235,52.34596],[4.84235,52.34596],[4.84194,52.34598],[4.84195,52.34556]]]}},{"type":"Feature","properties":{"name":"Schinkelbuurt-Noord","wijk":"Schinkelbuurt","stadsdeel":"Zuid","pop":2455},"geometry":{"type":"Polygon","coordinates":[[[4.85237,52.35095],[4.85348,52.35081],[4.8537,52.3508],[4.85417,52.35084],[4.85437,52.35088],[4.85661,52.35152],[4.85632,52.35219],[4.85613,52.35279],[4.85565,52.35413],[4.85549,52.35467],[4.85584,52.35462],[4.85575,52.35467],[4.85571,52.35472],[4.85573,52.35479],[4.85575,52.35481],[4.85581,52.35485],[4.8557,52.35502],[4.85567,52.35503],[4.85503,52.35632],[4.85508,52.35641],[4.85412,52.35652],[4.85377,52.35535],[4.85369,52.35525],[4.85355,52.35478],[4.85237,52.35095]]]}},{"type":"Feature","properties":{"name":"Schinkelbuurt-Zuid","wijk":"Schinkelbuurt","stadsdeel":"Zuid","pop":1480},"geometry":{"type":"Polygon","coordinates":[[[4.84818,52.34277],[4.84979,52.34292],[4.8501,52.34302],[4.85112,52.34325],[4.85202,52.3434],[4.85192,52.34363],[4.85164,52.34404],[4.85152,52.34438],[4.85144,52.3447],[4.85147,52.34527],[4.85149,52.34535],[4.85155,52.34551],[4.85159,52.3456],[4.85172,52.34578],[4.85184,52.34592],[4.85201,52.34609],[4.85222,52.34627],[4.85242,52.34642],[4.85263,52.34655],[4.85281,52.34665],[4.85293,52.3467],[4.85318,52.34678],[4.8535,52.34686],[4.85757,52.34742],[4.85753,52.34795],[4.85746,52.34974],[4.85741,52.34983],[4.85676,52.35126],[4.85661,52.35152],[4.85437,52.35088],[4.85417,52.35084],[4.8537,52.3508],[4.85348,52.35081],[4.85237,52.35095],[4.85156,52.34845],[4.85138,52.34805],[4.85128,52.34783],[4.85117,52.34764],[4.85057,52.34677],[4.84906,52.3438],[4.84882,52.34344],[4.84818,52.34277]]]}},{"type":"Feature","properties":{"name":"Vondelpark-West","wijk":"Willemspark","stadsdeel":"Zuid","pop":0},"geometry":{"type":"Polygon","coordinates":[[[4.85508,52.35641],[4.85503,52.35632],[4.85567,52.35503],[4.8557,52.35502],[4.85581,52.35485],[4.85575,52.35481],[4.85573,52.35479],[4.85571,52.35472],[4.85575,52.35467],[4.85584,52.35462],[4.85606,52.3546],[4.85614,52.3546],[4.85627,52.3546],[4.85648,52.35462],[4.85657,52.35464],[4.85713,52.35482],[4.85734,52.35487],[4.8575,52.3549],[4.85762,52.35491],[4.85763,52.35486],[4.85754,52.35483],[4.85751,52.3548],[4.85751,52.35475],[4.85757,52.3547],[4.85772,52.35463],[4.85795,52.35457],[4.8583,52.3545],[4.85856,52.35438],[4.85863,52.35432],[4.85867,52.35422],[4.85868,52.35414],[4.85866,52.35406],[4.85856,52.35392],[4.85852,52.35388],[4.85836,52.35378],[4.85816,52.35368],[4.85796,52.3535],[4.85793,52.35347],[4.85791,52.3534],[4.85792,52.35328],[4.85796,52.35316],[4.85815,52.3529],[4.85815,52.35284],[4.85813,52.35281],[4.85809,52.35278],[4.85813,52.35276],[4.85819,52.35272],[4.85847,52.35265],[4.85872,52.35264],[4.8589,52.35266],[4.85902,52.35268],[4.859,52.3527],[4.85909,52.35272],[4.85908,52.35273],[4.85912,52.35274],[4.85911,52.35275],[4.85915,52.35276],[4.85914,52.35277],[4.85918,52.35282],[4.85918,52.3529],[4.85909,52.35301],[4.85889,52.35316],[4.85881,52.35324],[4.85875,52.35332],[4.85864,52.35357],[4.85863,52.35365],[4.85865,52.35375],[4.85872,52.35387],[4.8588,52.354],[4.85899,52.35415],[4.85919,52.35427],[4.85932,52.35432],[4.85973,52.35447],[4.85994,52.35456],[4.86006,52.35461],[4.8602,52.35468],[4.86045,52.35485],[4.8606,52.35496],[4.86099,52.35528],[4.86112,52.35536],[4.86133,52.35547],[4.8616,52.35556],[4.86173,52.3556],[4.8619,52.35564],[4.8619,52.35565],[4.86192,52.35565],[4.86244,52.35572],[4.86273,52.35574],[4.86291,52.35574],[4.86358,52.35571],[4.86405,52.35562],[4.86428,52.35555],[4.86455,52.35544],[4.86484,52.35529],[4.86506,52.3552],[4.86525,52.35514],[4.86557,52.35509],[4.86577,52.35508],[4.8659,52.35508],[4.86629,52.35512],[4.8664,52.35511],[4.86647,52.35509],[4.86656,52.35505],[4.8666,52.35502],[4.86664,52.35497],[4.86668,52.35485],[4.8667,52.35482],[4.86676,52.35479],[4.86681,52.35478],[4.86686,52.35479],[4.86695,52.35486],[4.86704,52.35496],[4.86707,52.35505],[4.86709,52.35516],[4.86709,52.35524],[4.86705,52.35531],[4.867,52.35538],[4.86688,52.35549],[4.86675,52.35556],[4.86656,52.35564],[4.86726,52.35594],[4.8672,52.35602],[4.86714,52.3561],[4.86554,52.35885],[4.86552,52.35886],[4.86548,52.35901],[4.86545,52.35901],[4.86367,52.35858],[4.86319,52.35847],[4.86318,52.35848],[4.86226,52.35825],[4.86225,52.35826],[4.86181,52.35815],[4.86182,52.35814],[4.85981,52.35762],[4.85894,52.35741],[4.85508,52.35641]]]}},{"type":"Feature","properties":{"name":"Willemsparkbuurt-Noord","wijk":"Willemspark","stadsdeel":"Zuid","pop":1550},"geometry":{"type":"Polygon","coordinates":[[[4.85549,52.35467],[4.85565,52.35413],[4.85613,52.35279],[4.85632,52.35219],[4.85661,52.35152],[4.85689,52.3516],[4.85834,52.35198],[4.85964,52.35228],[4.8607,52.3526],[4.86159,52.35281],[4.8622,52.35298],[4.8627,52.35317],[4.86284,52.35321],[4.86328,52.3532],[4.86349,52.35326],[4.86371,52.35332],[4.8639,52.35343],[4.86398,52.35349],[4.86407,52.35353],[4.86504,52.35372],[4.86576,52.35394],[4.86634,52.3541],[4.86687,52.35421],[4.86739,52.35435],[4.86754,52.3544],[4.86764,52.35446],[4.86774,52.35453],[4.86781,52.3546],[4.86787,52.35469],[4.86791,52.35483],[4.86791,52.35498],[4.86798,52.35527],[4.86764,52.35585],[4.86759,52.35592],[4.8675,52.35598],[4.8674,52.35602],[4.8673,52.35603],[4.8672,52.35602],[4.86726,52.35594],[4.86656,52.35564],[4.86675,52.35556],[4.86688,52.35549],[4.867,52.35538],[4.86705,52.35531],[4.86709,52.35524],[4.86709,52.35516],[4.86707,52.35505],[4.86704,52.35496],[4.86695,52.35486],[4.86686,52.35479],[4.86681,52.35478],[4.86676,52.35479],[4.8667,52.35482],[4.86668,52.35485],[4.86664,52.35497],[4.8666,52.35502],[4.86656,52.35505],[4.86647,52.35509],[4.8664,52.35511],[4.86629,52.35512],[4.8659,52.35508],[4.86577,52.35508],[4.86557,52.35509],[4.86525,52.35514],[4.86506,52.3552],[4.86484,52.35529],[4.86455,52.35544],[4.86428,52.35555],[4.86405,52.35562],[4.86358,52.35571],[4.86291,52.35574],[4.86273,52.35574],[4.86244,52.35572],[4.86192,52.35565],[4.8619,52.35565],[4.8619,52.35564],[4.86173,52.3556],[4.8616,52.35556],[4.86133,52.35547],[4.86112,52.35536],[4.86099,52.35528],[4.8606,52.35496],[4.86045,52.35485],[4.8602,52.35468],[4.86006,52.35461],[4.85994,52.35456],[4.85973,52.35447],[4.85932,52.35432],[4.85919,52.35427],[4.85899,52.35415],[4.8588,52.354],[4.85872,52.35387],[4.85865,52.35375],[4.85863,52.35365],[4.85864,52.35357],[4.85875,52.35332],[4.85881,52.35324],[4.85889,52.35316],[4.85909,52.35301],[4.85918,52.3529],[4.85918,52.35282],[4.85914,52.35277],[4.85915,52.35276],[4.85911,52.35275],[4.85912,52.35274],[4.85908,52.35273],[4.85909,52.35272],[4.859,52.3527],[4.85902,52.35268],[4.8589,52.35266],[4.85872,52.35264],[4.85847,52.35265],[4.85819,52.35272],[4.85813,52.35276],[4.85809,52.35278],[4.85813,52.35281],[4.85815,52.35284],[4.85815,52.3529],[4.85796,52.35316],[4.85792,52.35328],[4.85791,52.3534],[4.85793,52.35347],[4.85796,52.3535],[4.85816,52.35368],[4.85836,52.35378],[4.85852,52.35388],[4.85856,52.35392],[4.85866,52.35406],[4.85868,52.35414],[4.85867,52.35422],[4.85863,52.35432],[4.85856,52.35438],[4.8583,52.3545],[4.85795,52.35457],[4.85772,52.35463],[4.85757,52.3547],[4.85751,52.35475],[4.85751,52.3548],[4.85754,52.35483],[4.85763,52.35486],[4.85762,52.35491],[4.8575,52.3549],[4.85734,52.35487],[4.85713,52.35482],[4.85657,52.35464],[4.85648,52.35462],[4.85627,52.3546],[4.85614,52.3546],[4.85606,52.3546],[4.85584,52.35462],[4.85549,52.35467]]]}},{"type":"Feature","properties":{"name":"Valeriusbuurt-West","wijk":"Willemspark","stadsdeel":"Zuid","pop":2615},"geometry":{"type":"Polygon","coordinates":[[[4.85661,52.35152],[4.85676,52.35126],[4.85741,52.34983],[4.86092,52.35077],[4.86158,52.34973],[4.8653,52.35069],[4.86608,52.3509],[4.86534,52.35193],[4.86457,52.35173],[4.86349,52.35326],[4.86328,52.3532],[4.86284,52.35321],[4.8627,52.35317],[4.8622,52.35298],[4.86159,52.35281],[4.8607,52.3526],[4.85964,52.35228],[4.85834,52.35198],[4.85689,52.3516],[4.85661,52.35152]]]}},{"type":"Feature","properties":{"name":"Valeriusbuurt-Oost","wijk":"Willemspark","stadsdeel":"Zuid","pop":1400},"geometry":{"type":"Polygon","coordinates":[[[4.86349,52.35326],[4.86457,52.35173],[4.86534,52.35193],[4.86608,52.3509],[4.87039,52.35204],[4.87057,52.35207],[4.87041,52.35254],[4.87008,52.353],[4.86994,52.35309],[4.8698,52.35318],[4.86904,52.35416],[4.86892,52.35437],[4.86816,52.35532],[4.86798,52.35527],[4.86791,52.35498],[4.86791,52.35483],[4.86787,52.35469],[4.86781,52.3546],[4.86774,52.35453],[4.86764,52.35446],[4.86754,52.3544],[4.86739,52.35435],[4.86687,52.35421],[4.86634,52.3541],[4.86576,52.35394],[4.86504,52.35372],[4.86407,52.35353],[4.86398,52.35349],[4.8639,52.35343],[4.86371,52.35332],[4.86349,52.35326]]]}},{"type":"Feature","properties":{"name":"Vondelpark-Oost","wijk":"Museumkwartier","stadsdeel":"Zuid","pop":0},"geometry":{"type":"Polygon","coordinates":[[[4.86554,52.35885],[4.86714,52.3561],[4.86719,52.35627],[4.8675,52.35634],[4.86755,52.35638],[4.86757,52.35643],[4.86774,52.35647],[4.86775,52.35645],[4.86779,52.35643],[4.86787,52.35642],[4.8682,52.3565],[4.86839,52.35655],[4.86874,52.35669],[4.86905,52.35683],[4.86932,52.35692],[4.86975,52.35703],[4.87003,52.35709],[4.86996,52.35715],[4.87025,52.35725],[4.87034,52.35716],[4.87059,52.35723],[4.87099,52.35738],[4.87125,52.35746],[4.87143,52.35749],[4.87157,52.35749],[4.87162,52.35749],[4.87171,52.35758],[4.87171,52.3576],[4.87169,52.35763],[4.872,52.35772],[4.87207,52.35768],[4.87223,52.35765],[4.87234,52.35773],[4.87253,52.35781],[4.87274,52.35786],[4.87313,52.35792],[4.87333,52.35796],[4.87369,52.35809],[4.87387,52.35814],[4.87515,52.35847],[4.875,52.35868],[4.87538,52.35878],[4.87532,52.35888],[4.87533,52.35888],[4.87528,52.3589],[4.87508,52.35918],[4.87524,52.35923],[4.87525,52.35921],[4.87598,52.3594],[4.8758,52.35966],[4.87646,52.35985],[4.87667,52.35993],[4.87696,52.36007],[4.87715,52.3601],[4.87792,52.36028],[4.88038,52.36092],[4.88049,52.36097],[4.8824,52.36148],[4.88232,52.36158],[4.8824,52.36196],[4.88226,52.36199],[4.8821,52.36206],[4.8806,52.36163],[4.87859,52.36109],[4.87745,52.36078],[4.87739,52.36087],[4.87736,52.36086],[4.8772,52.3611],[4.87675,52.36097],[4.87689,52.36077],[4.87692,52.36077],[4.87697,52.36076],[4.87698,52.36074],[4.87702,52.36074],[4.87704,52.36071],[4.87693,52.36069],[4.87695,52.36066],[4.87663,52.36058],[4.87662,52.36062],[4.87659,52.36063],[4.87656,52.36068],[4.87657,52.3607],[4.8765,52.3608],[4.87626,52.36074],[4.87618,52.36081],[4.87587,52.36072],[4.87583,52.36077],[4.8756,52.36082],[4.87553,52.36075],[4.87547,52.36071],[4.87539,52.36068],[4.87532,52.36067],[4.87525,52.36068],[4.87503,52.36078],[4.87461,52.36091],[4.8744,52.36093],[4.87425,52.36093],[4.87416,52.36096],[4.87408,52.36098],[4.87402,52.36102],[4.87394,52.361],[4.87386,52.36098],[4.87383,52.36086],[4.87379,52.36081],[4.87373,52.36078],[4.87361,52.36075],[4.87352,52.36074],[4.87329,52.36075],[4.87302,52.36065],[4.87246,52.36048],[4.87218,52.36041],[4.87192,52.36036],[4.87185,52.36035],[4.87154,52.36036],[4.87139,52.36057],[4.87128,52.36054],[4.87148,52.36025],[4.8713,52.3602],[4.87125,52.36028],[4.87006,52.35998],[4.86996,52.36012],[4.86865,52.35977],[4.86815,52.35964],[4.86688,52.35935],[4.86591,52.35912],[4.86591,52.35894],[4.8658,52.35882],[4.86554,52.35885]]]}},{"type":"Feature","properties":{"name":"Cornelis Schuytbuurt","wijk":"Museumkwartier","stadsdeel":"Zuid","pop":2960},"geometry":{"type":"Polygon","coordinates":[[[4.86714,52.3561],[4.8672,52.35602],[4.8673,52.35603],[4.8674,52.35602],[4.8675,52.35598],[4.86759,52.35592],[4.86764,52.35585],[4.86798,52.35527],[4.86816,52.35532],[4.86892,52.35437],[4.86904,52.35416],[4.8698,52.35318],[4.86994,52.35309],[4.87022,52.3532],[4.87625,52.3548],[4.87387,52.35814],[4.87369,52.35809],[4.87333,52.35796],[4.87313,52.35792],[4.87274,52.35786],[4.87253,52.35781],[4.87234,52.35773],[4.87223,52.35765],[4.87207,52.35768],[4.872,52.35772],[4.87169,52.35763],[4.87171,52.3576],[4.87171,52.35758],[4.87162,52.35749],[4.87157,52.35749],[4.87143,52.35749],[4.87125,52.35746],[4.87099,52.35738],[4.87059,52.35723],[4.87034,52.35716],[4.87025,52.35725],[4.86996,52.35715],[4.87003,52.35709],[4.86975,52.35703],[4.86932,52.35692],[4.86905,52.35683],[4.86874,52.35669],[4.86839,52.35655],[4.8682,52.3565],[4.86787,52.35642],[4.86779,52.35643],[4.86775,52.35645],[4.86774,52.35647],[4.86757,52.35643],[4.86755,52.35638],[4.8675,52.35634],[4.86719,52.35627],[4.86714,52.3561]]]}},{"type":"Feature","properties":{"name":"Concertgebouwbuurt","wijk":"Museumkwartier","stadsdeel":"Zuid","pop":1865},"geometry":{"type":"Polygon","coordinates":[[[4.87387,52.35814],[4.87625,52.3548],[4.87822,52.35533],[4.87834,52.35538],[4.87844,52.35543],[4.87902,52.35582],[4.87918,52.3559],[4.87934,52.35596],[4.87999,52.35614],[4.87982,52.35641],[4.87857,52.35815],[4.87715,52.3601],[4.87696,52.36007],[4.87667,52.35993],[4.87646,52.35985],[4.8758,52.35966],[4.87598,52.3594],[4.87525,52.35921],[4.87524,52.35923],[4.87508,52.35918],[4.87528,52.3589],[4.87533,52.35888],[4.87532,52.35888],[4.87538,52.35878],[4.875,52.35868],[4.87515,52.35847],[4.87387,52.35814]]]}},{"type":"Feature","properties":{"name":"P.C. Hooftbuurt","wijk":"Museumkwartier","stadsdeel":"Zuid","pop":770},"geometry":{"type":"Polygon","coordinates":[[[4.87715,52.3601],[4.87857,52.35815],[4.88336,52.35943],[4.88341,52.35945],[4.88348,52.3595],[4.88354,52.35955],[4.88356,52.35962],[4.88356,52.35968],[4.88327,52.36015],[4.88323,52.36029],[4.88427,52.36057],[4.88449,52.36064],[4.88465,52.36073],[4.88539,52.36124],[4.8844,52.36173],[4.88424,52.36179],[4.88405,52.36185],[4.88385,52.36189],[4.88364,52.36191],[4.88263,52.36193],[4.88251,52.36194],[4.8824,52.36196],[4.88232,52.36158],[4.8824,52.36148],[4.88049,52.36097],[4.88038,52.36092],[4.87792,52.36028],[4.87715,52.3601]]]}},{"type":"Feature","properties":{"name":"Museumplein","wijk":"Museumkwartier","stadsdeel":"Zuid","pop":10},"geometry":{"type":"Polygon","coordinates":[[[4.87857,52.35815],[4.87982,52.35641],[4.87999,52.35614],[4.88034,52.35623],[4.88042,52.35624],[4.88051,52.35624],[4.88061,52.35623],[4.88137,52.3561],[4.88265,52.35692],[4.88351,52.35802],[4.88389,52.35793],[4.88438,52.35784],[4.8848,52.35898],[4.88672,52.35873],[4.88679,52.3596],[4.88696,52.35992],[4.88739,52.36023],[4.8863,52.36078],[4.88539,52.36124],[4.88465,52.36073],[4.88449,52.36064],[4.88427,52.36057],[4.88323,52.36029],[4.88327,52.36015],[4.88356,52.35968],[4.88356,52.35962],[4.88354,52.35955],[4.88348,52.3595],[4.88341,52.35945],[4.88336,52.35943],[4.87857,52.35815]]]}},{"type":"Feature","properties":{"name":"Banpleinbuurt","wijk":"Museumkwartier","stadsdeel":"Zuid","pop":765},"geometry":{"type":"Polygon","coordinates":[[[4.86994,52.35309],[4.87008,52.353],[4.87041,52.35254],[4.87057,52.35207],[4.87086,52.35212],[4.87192,52.35222],[4.873,52.35221],[4.87355,52.35217],[4.87749,52.35147],[4.87793,52.3524],[4.87625,52.3548],[4.87022,52.3532],[4.86994,52.35309]]]}},{"type":"Feature","properties":{"name":"Hondecoeterbuurt","wijk":"Museumkwartier","stadsdeel":"Zuid","pop":2060},"geometry":{"type":"Polygon","coordinates":[[[4.87625,52.3548],[4.87793,52.3524],[4.87749,52.35147],[4.87905,52.35119],[4.8791,52.35131],[4.87915,52.35136],[4.87923,52.35144],[4.87934,52.35151],[4.88214,52.35269],[4.88229,52.35277],[4.88246,52.35289],[4.88234,52.35294],[4.88226,52.35299],[4.88215,52.35309],[4.88172,52.35369],[4.88039,52.35552],[4.87999,52.35614],[4.87934,52.35596],[4.87918,52.3559],[4.87902,52.35582],[4.87844,52.35543],[4.87834,52.35538],[4.87822,52.35533],[4.87625,52.3548]]]}},{"type":"Feature","properties":{"name":"Johannes Vermeerbuurt","wijk":"Museumkwartier","stadsdeel":"Zuid","pop":1495},"geometry":{"type":"Polygon","coordinates":[[[4.87999,52.35614],[4.88039,52.35552],[4.88172,52.35369],[4.88282,52.35389],[4.88428,52.35419],[4.88438,52.35425],[4.88628,52.35459],[4.88648,52.35461],[4.88676,52.35462],[4.8867,52.35529],[4.88658,52.35685],[4.8866,52.35727],[4.88672,52.35873],[4.8848,52.35898],[4.88438,52.35784],[4.88389,52.35793],[4.88351,52.35802],[4.88265,52.35692],[4.88137,52.3561],[4.88061,52.35623],[4.88051,52.35624],[4.88042,52.35624],[4.88034,52.35623],[4.87999,52.35614]]]}},{"type":"Feature","properties":{"name":"Duivelseiland","wijk":"Museumkwartier","stadsdeel":"Zuid","pop":1380},"geometry":{"type":"Polygon","coordinates":[[[4.88172,52.35369],[4.88215,52.35309],[4.88226,52.35299],[4.88234,52.35294],[4.88246,52.35289],[4.88336,52.35257],[4.88375,52.35247],[4.88406,52.35241],[4.88427,52.35238],[4.8846,52.35235],[4.88607,52.35225],[4.88649,52.35224],[4.8865,52.35277],[4.88652,52.35289],[4.88657,52.35303],[4.88662,52.35315],[4.88677,52.35338],[4.88677,52.35355],[4.88679,52.35394],[4.88678,52.35441],[4.88676,52.35462],[4.88648,52.35461],[4.88628,52.35459],[4.88438,52.35425],[4.88428,52.35419],[4.88282,52.35389],[4.88172,52.35369]]]}},{"type":"Feature","properties":{"name":"Harmoniehofbuurt","wijk":"Museumkwartier","stadsdeel":"Zuid","pop":1335},"geometry":{"type":"Polygon","coordinates":[[[4.87905,52.35119],[4.88368,52.35037],[4.88478,52.34956],[4.88628,52.34847],[4.88653,52.35066],[4.88649,52.35224],[4.88607,52.35225],[4.8846,52.35235],[4.88427,52.35238],[4.88406,52.35241],[4.88375,52.35247],[4.88336,52.35257],[4.88246,52.35289],[4.88229,52.35277],[4.88214,52.35269],[4.87934,52.35151],[4.87923,52.35144],[4.87915,52.35136],[4.8791,52.35131],[4.87905,52.35119]]]}},{"type":"Feature","properties":{"name":"Frans Halsbuurt","wijk":"Oude Pijp","stadsdeel":"Zuid","pop":2580},"geometry":{"type":"Polygon","coordinates":[[[4.8866,52.35727],[4.88658,52.35685],[4.8867,52.35529],[4.88907,52.35516],[4.89042,52.35544],[4.89046,52.35558],[4.89084,52.35795],[4.89088,52.35837],[4.89065,52.3584],[4.89044,52.35843],[4.89022,52.35848],[4.89001,52.35853],[4.88981,52.35859],[4.8896,52.35867],[4.8894,52.35875],[4.88925,52.35883],[4.88893,52.35902],[4.88864,52.35923],[4.88841,52.35944],[4.88829,52.35958],[4.88817,52.3597],[4.88795,52.3599],[4.88768,52.36007],[4.88739,52.36023],[4.88696,52.35992],[4.88679,52.3596],[4.88672,52.35873],[4.8866,52.35727]]]}},{"type":"Feature","properties":{"name":"Gerard Doubuurt","wijk":"Oude Pijp","stadsdeel":"Zuid","pop":2035},"geometry":{"type":"Polygon","coordinates":[[[4.89042,52.35544],[4.89545,52.35647],[4.89851,52.35736],[4.89826,52.35795],[4.89804,52.35793],[4.89618,52.35805],[4.89088,52.35837],[4.89084,52.35795],[4.89046,52.35558],[4.89042,52.35544]]]}},{"type":"Feature","properties":{"name":"Hercules Seghersbuurt","wijk":"Oude Pijp","stadsdeel":"Zuid","pop":2535},"geometry":{"type":"Polygon","coordinates":[[[4.88678,52.35441],[4.88679,52.35394],[4.88677,52.35355],[4.88677,52.35338],[4.88662,52.35315],[4.88657,52.35303],[4.88652,52.35289],[4.8865,52.35277],[4.88649,52.35224],[4.8868,52.35223],[4.88707,52.35225],[4.89114,52.35279],[4.89069,52.35399],[4.89033,52.35484],[4.89032,52.35494],[4.89032,52.35503],[4.89036,52.35527],[4.89042,52.35544],[4.88907,52.35516],[4.8867,52.35529],[4.88676,52.35462],[4.88678,52.35441]]]}},{"type":"Feature","properties":{"name":"Sarphatiparkbuurt","wijk":"Oude Pijp","stadsdeel":"Zuid","pop":5090},"geometry":{"type":"Polygon","coordinates":[[[4.89036,52.35527],[4.89032,52.35503],[4.89032,52.35494],[4.89033,52.35484],[4.89069,52.35399],[4.89114,52.35279],[4.89456,52.35325],[4.89909,52.35415],[4.90124,52.35483],[4.8998,52.35666],[4.89933,52.3577],[4.89925,52.3581],[4.89901,52.35805],[4.89876,52.35801],[4.89851,52.35797],[4.89826,52.35795],[4.89851,52.35736],[4.89545,52.35647],[4.89042,52.35544],[4.89036,52.35527]]]}},{"type":"Feature","properties":{"name":"Hemonybuurt","wijk":"Oude Pijp","stadsdeel":"Zuid","pop":2625},"geometry":{"type":"Polygon","coordinates":[[[4.89925,52.3581],[4.89933,52.3577],[4.8998,52.35666],[4.90124,52.35483],[4.90481,52.35595],[4.905,52.35599],[4.90606,52.35617],[4.90489,52.35875],[4.90463,52.35921],[4.904,52.35905],[4.90168,52.3586],[4.89925,52.3581]]]}},{"type":"Feature","properties":{"name":"Cornelis Troostbuurt","wijk":"Nieuwe Pijp","stadsdeel":"Zuid","pop":3610},"geometry":{"type":"Polygon","coordinates":[[[4.88628,52.34847],[4.89128,52.34823],[4.89159,52.35053],[4.8916,52.35061],[4.89158,52.35075],[4.89136,52.3514],[4.89136,52.35148],[4.8914,52.35199],[4.89138,52.35214],[4.8912,52.35258],[4.89114,52.35279],[4.88707,52.35225],[4.8868,52.35223],[4.88649,52.35224],[4.88653,52.35066],[4.88628,52.34847]]]}},{"type":"Feature","properties":{"name":"Lizzy Ansinghbuurt","wijk":"Nieuwe Pijp","stadsdeel":"Zuid","pop":2385},"geometry":{"type":"Polygon","coordinates":[[[4.89114,52.35279],[4.8912,52.35258],[4.89138,52.35214],[4.8914,52.35199],[4.89136,52.35148],[4.89136,52.3514],[4.89158,52.35075],[4.8916,52.35061],[4.89159,52.35053],[4.89128,52.34823],[4.89526,52.34801],[4.8953,52.34827],[4.89464,52.35003],[4.89454,52.35044],[4.89456,52.35057],[4.89475,52.35132],[4.89477,52.35143],[4.8946,52.35189],[4.89491,52.35194],[4.89484,52.35263],[4.89479,52.35289],[4.89456,52.35325],[4.89114,52.35279]]]}},{"type":"Feature","properties":{"name":"Van der Helstpleinbuurt","wijk":"Nieuwe Pijp","stadsdeel":"Zuid","pop":3920},"geometry":{"type":"Polygon","coordinates":[[[4.89456,52.35325],[4.89479,52.35289],[4.89484,52.35263],[4.89491,52.35194],[4.8946,52.35189],[4.89477,52.35143],[4.89475,52.35132],[4.89759,52.35172],[4.89768,52.35178],[4.89809,52.35184],[4.89896,52.3516],[4.90303,52.35217],[4.90282,52.35278],[4.90266,52.35307],[4.90255,52.35326],[4.902,52.35392],[4.90163,52.35433],[4.90124,52.35483],[4.89909,52.35415],[4.89456,52.35325]]]}},{"type":"Feature","properties":{"name":"Willibrordusbuurt","wijk":"Nieuwe Pijp","stadsdeel":"Zuid","pop":2650},"geometry":{"type":"Polygon","coordinates":[[[4.90124,52.35483],[4.90163,52.35433],[4.902,52.35392],[4.90255,52.35326],[4.90266,52.35307],[4.90282,52.35278],[4.90303,52.35217],[4.90418,52.35237],[4.90521,52.35261],[4.90836,52.35339],[4.90655,52.35538],[4.90606,52.35617],[4.905,52.35599],[4.90481,52.35595],[4.90124,52.35483]]]}},{"type":"Feature","properties":{"name":"Burgemeester Tellegenbuurt-West","wijk":"Zuid Pijp","stadsdeel":"Zuid","pop":2155},"geometry":{"type":"Polygon","coordinates":[[[4.89456,52.35057],[4.89454,52.35044],[4.89464,52.35003],[4.8953,52.34827],[4.89526,52.34801],[4.89623,52.34797],[4.8998,52.34846],[4.89927,52.34992],[4.89822,52.35013],[4.89794,52.35089],[4.89785,52.35101],[4.89759,52.35172],[4.89475,52.35132],[4.89456,52.35057]]]}},{"type":"Feature","properties":{"name":"Burgemeester Tellegenbuurt-Oost","wijk":"Zuid Pijp","stadsdeel":"Zuid","pop":2700},"geometry":{"type":"Polygon","coordinates":[[[4.89759,52.35172],[4.89785,52.35101],[4.89794,52.35089],[4.89822,52.35013],[4.89927,52.34992],[4.8998,52.34846],[4.90419,52.34907],[4.90303,52.35217],[4.89896,52.3516],[4.89809,52.35184],[4.89768,52.35178],[4.89759,52.35172]]]}},{"type":"Feature","properties":{"name":"Diamantbuurt","wijk":"Zuid Pijp","stadsdeel":"Zuid","pop":3065},"geometry":{"type":"Polygon","coordinates":[[[4.90303,52.35217],[4.90419,52.34907],[4.90534,52.34923],[4.91106,52.35003],[4.91025,52.35137],[4.90836,52.35339],[4.90521,52.35261],[4.90418,52.35237],[4.90303,52.35217]]]}},{"type":"Feature","properties":{"name":"Bertelmanpleinbuurt","wijk":"Stadionbuurt","stadsdeel":"Zuid","pop":1030},"geometry":{"type":"Polygon","coordinates":[[[4.85741,52.34983],[4.85746,52.34974],[4.85753,52.34795],[4.85757,52.34742],[4.85886,52.34763],[4.86013,52.34874],[4.86111,52.3496],[4.86158,52.34973],[4.86092,52.35077],[4.85741,52.34983]]]}},{"type":"Feature","properties":{"name":"Olympisch Stadion e.o.","wijk":"Stadionbuurt","stadsdeel":"Zuid","pop":2365},"geometry":{"type":"Polygon","coordinates":[[[4.8535,52.34686],[4.85318,52.34678],[4.85293,52.3467],[4.85281,52.34665],[4.85263,52.34655],[4.85242,52.34642],[4.85222,52.34627],[4.85201,52.34609],[4.85184,52.34592],[4.85172,52.34578],[4.85159,52.3456],[4.85155,52.34551],[4.85149,52.34535],[4.85147,52.34527],[4.85144,52.3447],[4.85152,52.34438],[4.85164,52.34404],[4.85192,52.34363],[4.85202,52.3434],[4.85244,52.34241],[4.85286,52.34165],[4.8573,52.34225],[4.85806,52.34236],[4.85777,52.34318],[4.8587,52.3433],[4.85804,52.34523],[4.85769,52.34518],[4.85768,52.34566],[4.85758,52.34696],[4.85757,52.34742],[4.8535,52.34686]]]}},{"type":"Feature","properties":{"name":"Marathonbuurt-West","wijk":"Stadionbuurt","stadsdeel":"Zuid","pop":2370},"geometry":{"type":"Polygon","coordinates":[[[4.85757,52.34742],[4.85758,52.34696],[4.85768,52.34566],[4.85769,52.34518],[4.85804,52.34523],[4.86567,52.34626],[4.86558,52.34652],[4.86553,52.34657],[4.86547,52.34661],[4.86013,52.34874],[4.85886,52.34763],[4.85757,52.34742]]]}},{"type":"Feature","properties":{"name":"Marathonbuurt-Oost","wijk":"Stadionbuurt","stadsdeel":"Zuid","pop":1460},"geometry":{"type":"Polygon","coordinates":[[[4.86013,52.34874],[4.86547,52.34661],[4.86553,52.34657],[4.86558,52.34652],[4.86567,52.34626],[4.86709,52.34645],[4.86779,52.34655],[4.86817,52.34656],[4.8674,52.34868],[4.86678,52.35039],[4.86672,52.35054],[4.86656,52.35053],[4.86574,52.35047],[4.86561,52.35045],[4.86549,52.35042],[4.8653,52.35069],[4.86158,52.34973],[4.86111,52.3496],[4.86013,52.34874]]]}},{"type":"Feature","properties":{"name":"Van Tuyllbuurt","wijk":"Stadionbuurt","stadsdeel":"Zuid","pop":4155},"geometry":{"type":"Polygon","coordinates":[[[4.8587,52.3433],[4.85777,52.34318],[4.85806,52.34236],[4.85917,52.34252],[4.85947,52.34255],[4.85968,52.34255],[4.86229,52.34251],[4.86251,52.34252],[4.86266,52.34253],[4.86282,52.34256],[4.86301,52.34261],[4.8648,52.34316],[4.86691,52.34382],[4.8672,52.34387],[4.86798,52.34398],[4.86709,52.34645],[4.86567,52.34626],[4.85804,52.34523],[4.8587,52.3433]]]}},{"type":"Feature","properties":{"name":"IJsbaanpad e.o.","wijk":"Stadionbuurt","stadsdeel":"Zuid","pop":385},"geometry":{"type":"Polygon","coordinates":[[[4.84818,52.34277],[4.84764,52.34219],[4.84742,52.34185],[4.8471,52.34132],[4.84687,52.34083],[4.84683,52.34064],[4.84679,52.3403],[4.84678,52.33996],[4.84679,52.33973],[4.8468,52.3395],[4.84697,52.33815],[4.84813,52.33823],[4.84814,52.33829],[4.84818,52.33835],[4.84822,52.33838],[4.84838,52.33845],[4.84851,52.33847],[4.85078,52.33865],[4.85317,52.33884],[4.85326,52.33858],[4.85335,52.33859],[4.8533,52.33873],[4.85499,52.33879],[4.85709,52.3389],[4.85712,52.33892],[4.85716,52.33909],[4.85716,52.33916],[4.85714,52.33957],[4.85716,52.33988],[4.8572,52.34016],[4.85733,52.34085],[4.85741,52.34122],[4.85746,52.34154],[4.85743,52.34177],[4.85733,52.3421],[4.85734,52.34214],[4.8573,52.34225],[4.85286,52.34165],[4.85244,52.34241],[4.85202,52.3434],[4.85112,52.34325],[4.8501,52.34302],[4.84979,52.34292],[4.84818,52.34277]]]}},{"type":"Feature","properties":{"name":"Hiltonbuurt","wijk":"Apollobuurt","stadsdeel":"Zuid","pop":75},"geometry":{"type":"Polygon","coordinates":[[[4.8653,52.35069],[4.86549,52.35042],[4.86561,52.35045],[4.86574,52.35047],[4.86656,52.35053],[4.86672,52.35054],[4.86678,52.35039],[4.87718,52.35079],[4.87736,52.35078],[4.87873,52.35053],[4.87905,52.35119],[4.87749,52.35147],[4.87355,52.35217],[4.873,52.35221],[4.87192,52.35222],[4.87086,52.35212],[4.87057,52.35207],[4.87039,52.35204],[4.86608,52.3509],[4.8653,52.35069]]]}},{"type":"Feature","properties":{"name":"Minervabuurt-Noord","wijk":"Apollobuurt","stadsdeel":"Zuid","pop":1450},"geometry":{"type":"Polygon","coordinates":[[[4.86678,52.35039],[4.8674,52.34868],[4.87725,52.34905],[4.87732,52.34915],[4.87738,52.34921],[4.87854,52.35026],[4.87866,52.3504],[4.87873,52.35053],[4.87736,52.35078],[4.87718,52.35079],[4.86678,52.35039]]]}},{"type":"Feature","properties":{"name":"Minervabuurt-Midden","wijk":"Apollobuurt","stadsdeel":"Zuid","pop":2510},"geometry":{"type":"Polygon","coordinates":[[[4.8674,52.34868],[4.86817,52.34656],[4.87688,52.3469],[4.87718,52.34889],[4.87721,52.34897],[4.87725,52.34905],[4.8674,52.34868]]]}},{"type":"Feature","properties":{"name":"Minervabuurt-Zuid","wijk":"Apollobuurt","stadsdeel":"Zuid","pop":2620},"geometry":{"type":"Polygon","coordinates":[[[4.86709,52.34645],[4.86798,52.34398],[4.871,52.34439],[4.87118,52.34441],[4.8766,52.34462],[4.87658,52.34495],[4.87688,52.3469],[4.86817,52.34656],[4.86779,52.34655],[4.86709,52.34645]]]}},{"type":"Feature","properties":{"name":"Beethovenbuurt","wijk":"Apollobuurt","stadsdeel":"Zuid","pop":1365},"geometry":{"type":"Polygon","coordinates":[[[4.87688,52.3469],[4.87965,52.347],[4.88478,52.34956],[4.88368,52.35037],[4.87905,52.35119],[4.87873,52.35053],[4.87866,52.3504],[4.87854,52.35026],[4.87738,52.34921],[4.87732,52.34915],[4.87725,52.34905],[4.87721,52.34897],[4.87718,52.34889],[4.87688,52.3469]]]}},{"type":"Feature","properties":{"name":"Diepenbrockbuurt","wijk":"Apollobuurt","stadsdeel":"Zuid","pop":800},"geometry":{"type":"Polygon","coordinates":[[[4.87658,52.34495],[4.8766,52.34462],[4.8784,52.34468],[4.87859,52.34468],[4.88017,52.34548],[4.88126,52.34602],[4.88131,52.34597],[4.88132,52.34596],[4.88133,52.34596],[4.8814,52.34591],[4.88105,52.34574],[4.88108,52.34572],[4.88108,52.34567],[4.8811,52.34564],[4.88114,52.34562],[4.88121,52.34562],[4.88126,52.34558],[4.88136,52.34563],[4.88141,52.3456],[4.88149,52.34564],[4.88167,52.3455],[4.88166,52.34543],[4.88161,52.34543],[4.88158,52.34541],[4.88157,52.34529],[4.88158,52.34527],[4.88189,52.34503],[4.88193,52.34502],[4.88226,52.345],[4.88244,52.34509],[4.88258,52.34498],[4.88243,52.3449],[4.88242,52.34489],[4.88239,52.3448],[4.88236,52.34478],[4.88245,52.3447],[4.88254,52.34463],[4.88279,52.3445],[4.88295,52.34444],[4.88304,52.3444],[4.88321,52.34437],[4.88354,52.34434],[4.88361,52.34452],[4.88376,52.34449],[4.88402,52.34445],[4.88445,52.34441],[4.88473,52.34439],[4.88573,52.34438],[4.88574,52.34451],[4.88628,52.34847],[4.88478,52.34956],[4.87965,52.347],[4.87688,52.3469],[4.87658,52.34495]]]}},{"type":"Feature","properties":{"name":"Wielingenbuurt","wijk":"Scheldebuurt","stadsdeel":"Zuid","pop":2900},"geometry":{"type":"Polygon","coordinates":[[[4.88574,52.34451],[4.89068,52.34425],[4.89118,52.34749],[4.89128,52.34823],[4.88628,52.34847],[4.88574,52.34451]]]}},{"type":"Feature","properties":{"name":"Scheldebuurt-West","wijk":"Scheldebuurt","stadsdeel":"Zuid","pop":4305},"geometry":{"type":"Polygon","coordinates":[[[4.89068,52.34425],[4.89078,52.34403],[4.89089,52.34385],[4.89098,52.34375],[4.89223,52.34246],[4.8923,52.34238],[4.89235,52.3423],[4.89241,52.34215],[4.89242,52.34198],[4.89242,52.34184],[4.89239,52.3417],[4.89229,52.34084],[4.89443,52.34075],[4.89671,52.34065],[4.89743,52.34061],[4.89761,52.3419],[4.89759,52.34194],[4.89756,52.34199],[4.89719,52.34238],[4.89556,52.34407],[4.8955,52.34417],[4.89497,52.34557],[4.89495,52.34572],[4.89512,52.34694],[4.89526,52.34801],[4.89128,52.34823],[4.89118,52.34749],[4.89068,52.34425]]]}},{"type":"Feature","properties":{"name":"Scheldebuurt-Midden","wijk":"Scheldebuurt","stadsdeel":"Zuid","pop":3150},"geometry":{"type":"Polygon","coordinates":[[[4.89495,52.34572],[4.89497,52.34557],[4.8955,52.34417],[4.89556,52.34407],[4.89719,52.34238],[4.89903,52.34301],[4.89936,52.343],[4.89957,52.34293],[4.90104,52.34287],[4.90126,52.3429],[4.90207,52.34287],[4.9021,52.34319],[4.90104,52.3443],[4.90062,52.34475],[4.89982,52.34553],[4.89997,52.34641],[4.89999,52.3467],[4.89512,52.34694],[4.89495,52.34572]]]}},{"type":"Feature","properties":{"name":"Scheldebuurt-Oost","wijk":"Scheldebuurt","stadsdeel":"Zuid","pop":2390},"geometry":{"type":"Polygon","coordinates":[[[4.89997,52.34641],[4.89982,52.34553],[4.90062,52.34475],[4.90104,52.3443],[4.9021,52.34319],[4.90207,52.34287],[4.90446,52.34276],[4.90581,52.34271],[4.90628,52.34277],[4.90655,52.34279],[4.90524,52.34629],[4.90393,52.34611],[4.90278,52.34656],[4.89999,52.3467],[4.89997,52.34641]]]}},{"type":"Feature","properties":{"name":"Veluwebuurt","wijk":"Scheldebuurt","stadsdeel":"Zuid","pop":1510},"geometry":{"type":"Polygon","coordinates":[[[4.89443,52.34075],[4.89416,52.3384],[4.89914,52.33817],[4.90147,52.33806],[4.90176,52.34038],[4.89743,52.34061],[4.89671,52.34065],[4.89443,52.34075]]]}},{"type":"Feature","properties":{"name":"Kop Zuidas","wijk":"Scheldebuurt","stadsdeel":"Zuid","pop":745},"geometry":{"type":"Polygon","coordinates":[[[4.89013,52.33618],[4.89156,52.33548],[4.89191,52.33529],[4.89246,52.33497],[4.89258,52.33488],[4.89266,52.33479],[4.89271,52.3347],[4.89275,52.33458],[4.89914,52.33817],[4.89416,52.3384],[4.89443,52.34075],[4.89229,52.34084],[4.89193,52.33777],[4.89189,52.33762],[4.89177,52.33745],[4.89164,52.33732],[4.8903,52.33634],[4.89024,52.33629],[4.89013,52.33618]]]}},{"type":"Feature","properties":{"name":"IJselbuurt-West","wijk":"IJselbuurt","stadsdeel":"Zuid","pop":2340},"geometry":{"type":"Polygon","coordinates":[[[4.89512,52.34694],[4.89999,52.3467],[4.90278,52.34656],[4.90393,52.34611],[4.90524,52.34629],[4.90419,52.34907],[4.8998,52.34846],[4.89623,52.34797],[4.89526,52.34801],[4.89512,52.34694]]]}},{"type":"Feature","properties":{"name":"IJselbuurt-Oost","wijk":"IJselbuurt","stadsdeel":"Zuid","pop":2885},"geometry":{"type":"Polygon","coordinates":[[[4.90419,52.34907],[4.90524,52.34629],[4.91271,52.34734],[4.91223,52.34812],[4.91106,52.35003],[4.90534,52.34923],[4.90419,52.34907]]]}},{"type":"Feature","properties":{"name":"Kromme Mijdrechtbuurt","wijk":"Rijnbuurt","stadsdeel":"Zuid","pop":2410},"geometry":{"type":"Polygon","coordinates":[[[4.90524,52.34629],[4.90655,52.34279],[4.90878,52.34311],[4.90835,52.34427],[4.90868,52.34432],[4.91273,52.34373],[4.91414,52.34353],[4.91386,52.34388],[4.91344,52.3447],[4.91329,52.34515],[4.91319,52.34561],[4.91316,52.34576],[4.91271,52.34734],[4.90524,52.34629]]]}},{"type":"Feature","properties":{"name":"Rijnbuurt-West","wijk":"Rijnbuurt","stadsdeel":"Zuid","pop":1660},"geometry":{"type":"Polygon","coordinates":[[[4.89719,52.34238],[4.89756,52.34199],[4.89759,52.34194],[4.89761,52.3419],[4.89743,52.34061],[4.90176,52.34038],[4.90187,52.3413],[4.90207,52.34287],[4.90126,52.3429],[4.90104,52.34287],[4.89957,52.34293],[4.89936,52.343],[4.89903,52.34301],[4.89719,52.34238]]]}},{"type":"Feature","properties":{"name":"Rijnbuurt-Midden","wijk":"Rijnbuurt","stadsdeel":"Zuid","pop":2190},"geometry":{"type":"Polygon","coordinates":[[[4.89914,52.33817],[4.90036,52.33761],[4.90143,52.3372],[4.90156,52.33717],[4.90171,52.33714],[4.90193,52.33714],[4.90222,52.33713],[4.90251,52.33708],[4.90278,52.33702],[4.90323,52.33687],[4.90364,52.33678],[4.90386,52.33672],[4.90501,52.33633],[4.90538,52.33622],[4.90558,52.33617],[4.90598,52.33609],[4.9068,52.33596],[4.90686,52.33616],[4.9069,52.33641],[4.90719,52.33762],[4.90724,52.33772],[4.90731,52.33782],[4.90741,52.33792],[4.90748,52.33796],[4.90775,52.33812],[4.90796,52.33822],[4.90927,52.33871],[4.90942,52.33877],[4.90821,52.33983],[4.90807,52.33993],[4.90788,52.34009],[4.90766,52.3403],[4.90748,52.34053],[4.90733,52.34077],[4.90725,52.34096],[4.90655,52.34279],[4.90628,52.34277],[4.90581,52.34271],[4.90446,52.34276],[4.90207,52.34287],[4.90187,52.3413],[4.90176,52.34038],[4.90147,52.33806],[4.89914,52.33817]]]}},{"type":"Feature","properties":{"name":"Rijnbuurt-Oost","wijk":"Rijnbuurt","stadsdeel":"Zuid","pop":2685},"geometry":{"type":"Polygon","coordinates":[[[4.90655,52.34279],[4.90725,52.34096],[4.90733,52.34077],[4.90748,52.34053],[4.90766,52.3403],[4.90788,52.34009],[4.90807,52.33993],[4.90821,52.33983],[4.90942,52.33877],[4.91007,52.33904],[4.91072,52.33921],[4.91118,52.33931],[4.9118,52.33946],[4.91202,52.33952],[4.91262,52.33973],[4.91319,52.34003],[4.9136,52.34028],[4.91405,52.34058],[4.91438,52.34094],[4.91468,52.34134],[4.91487,52.3416],[4.91497,52.34186],[4.91499,52.34215],[4.91495,52.34243],[4.91486,52.34264],[4.91414,52.34353],[4.91273,52.34373],[4.90868,52.34432],[4.90835,52.34427],[4.90878,52.34311],[4.90655,52.34279]]]}},{"type":"Feature","properties":{"name":"Zorgvlied","wijk":"Rijnbuurt","stadsdeel":"Zuid","pop":45},"geometry":{"type":"Polygon","coordinates":[[[4.89275,52.33458],[4.89274,52.33446],[4.89267,52.33427],[4.89302,52.33388],[4.89305,52.33386],[4.89309,52.33386],[4.89313,52.33386],[4.89342,52.33397],[4.89356,52.33401],[4.8937,52.33404],[4.89385,52.33406],[4.89417,52.33407],[4.8943,52.33407],[4.89442,52.33405],[4.8946,52.33403],[4.89486,52.33396],[4.89514,52.33386],[4.89614,52.33339],[4.89621,52.33335],[4.89625,52.33334],[4.89638,52.33319],[4.89672,52.33299],[4.89678,52.33299],[4.89685,52.33303],[4.89742,52.33345],[4.89876,52.33279],[4.89884,52.33288],[4.89898,52.33298],[4.89912,52.33307],[4.8993,52.33315],[4.89947,52.33322],[4.89964,52.33326],[4.89983,52.33331],[4.9002,52.33338],[4.9006,52.33342],[4.90116,52.33344],[4.9022,52.33337],[4.90248,52.33337],[4.90285,52.33338],[4.90355,52.33343],[4.90394,52.33348],[4.90426,52.33357],[4.90455,52.3337],[4.90478,52.33385],[4.90526,52.33423],[4.90555,52.33449],[4.90578,52.33472],[4.90617,52.33512],[4.90635,52.33533],[4.90649,52.33547],[4.90663,52.33565],[4.90675,52.33586],[4.9068,52.33596],[4.90598,52.33609],[4.90558,52.33617],[4.90538,52.33622],[4.90501,52.33633],[4.90386,52.33672],[4.90364,52.33678],[4.90323,52.33687],[4.90278,52.33702],[4.90251,52.33708],[4.90222,52.33713],[4.90193,52.33714],[4.90171,52.33714],[4.90156,52.33717],[4.90143,52.3372],[4.90036,52.33761],[4.89914,52.33817],[4.89275,52.33458]]]}},{"type":"Feature","properties":{"name":"Prinses Irenebuurt","wijk":"Prinses Irenebuurt e.o.","stadsdeel":"Zuid","pop":1400},"geometry":{"type":"Polygon","coordinates":[[[4.8648,52.34316],[4.86498,52.3414],[4.87605,52.34181],[4.87715,52.34182],[4.87832,52.34179],[4.87817,52.34359],[4.87848,52.34401],[4.8784,52.34468],[4.8766,52.34462],[4.87118,52.34441],[4.871,52.34439],[4.86798,52.34398],[4.8672,52.34387],[4.86691,52.34382],[4.8648,52.34316]]]}},{"type":"Feature","properties":{"name":"Beatrixpark","wijk":"Prinses Irenebuurt e.o.","stadsdeel":"Zuid","pop":0},"geometry":{"type":"Polygon","coordinates":[[[4.87848,52.34401],[4.87817,52.34359],[4.87832,52.34179],[4.87904,52.34178],[4.8854,52.34201],[4.88573,52.34438],[4.88473,52.34439],[4.88445,52.34441],[4.88402,52.34445],[4.88376,52.34449],[4.88361,52.34452],[4.88354,52.34434],[4.88321,52.34437],[4.88304,52.3444],[4.88295,52.34444],[4.88279,52.3445],[4.88254,52.34463],[4.88245,52.3447],[4.88236,52.34478],[4.88239,52.3448],[4.88242,52.34489],[4.88243,52.3449],[4.88258,52.34498],[4.88244,52.34509],[4.88226,52.345],[4.88193,52.34502],[4.88189,52.34503],[4.88158,52.34527],[4.88157,52.34529],[4.88158,52.34541],[4.88161,52.34543],[4.88166,52.34543],[4.88167,52.3455],[4.88149,52.34564],[4.88141,52.3456],[4.88136,52.34563],[4.88126,52.34558],[4.88121,52.34562],[4.88114,52.34562],[4.8811,52.34564],[4.88108,52.34567],[4.88108,52.34572],[4.88105,52.34574],[4.8814,52.34591],[4.88133,52.34596],[4.88132,52.34596],[4.88131,52.34597],[4.88126,52.34602],[4.88017,52.34548],[4.87859,52.34468],[4.8784,52.34468],[4.87848,52.34401]]]}},{"type":"Feature","properties":{"name":"Zuidas-Noord","wijk":"Zuidas","stadsdeel":"Zuid","pop":545},"geometry":{"type":"Polygon","coordinates":[[[4.85709,52.3389],[4.8571,52.33883],[4.85758,52.33885],[4.85762,52.33786],[4.8576,52.337],[4.85821,52.33699],[4.85858,52.33695],[4.85914,52.33691],[4.85985,52.33683],[4.85999,52.33683],[4.86031,52.33683],[4.86047,52.33685],[4.8606,52.33688],[4.86077,52.33694],[4.86095,52.33703],[4.86103,52.33708],[4.86121,52.33721],[4.86132,52.33727],[4.86163,52.33747],[4.86174,52.33754],[4.86197,52.33766],[4.86208,52.3377],[4.86226,52.33775],[4.86239,52.33778],[4.86267,52.33781],[4.86326,52.33785],[4.86461,52.33791],[4.86601,52.33797],[4.8667,52.33801],[4.86693,52.33803],[4.86869,52.33811],[4.872,52.33828],[4.87344,52.33834],[4.87522,52.33837],[4.87665,52.33837],[4.87928,52.33837],[4.88062,52.33837],[4.88192,52.33832],[4.88312,52.33827],[4.88396,52.3382],[4.88423,52.33817],[4.88463,52.33812],[4.88507,52.34124],[4.8853,52.34123],[4.8854,52.34201],[4.87904,52.34178],[4.87832,52.34179],[4.87715,52.34182],[4.87605,52.34181],[4.86498,52.3414],[4.8648,52.34316],[4.86301,52.34261],[4.86282,52.34256],[4.86266,52.34253],[4.86251,52.34252],[4.86229,52.34251],[4.85968,52.34255],[4.85947,52.34255],[4.85917,52.34252],[4.85806,52.34236],[4.8573,52.34225],[4.85734,52.34214],[4.85733,52.3421],[4.85743,52.34177],[4.85746,52.34154],[4.85741,52.34122],[4.85733,52.34085],[4.8572,52.34016],[4.85716,52.33988],[4.85714,52.33957],[4.85716,52.33916],[4.85716,52.33909],[4.85712,52.33892],[4.85709,52.3389]]]}},{"type":"Feature","properties":{"name":"RAI","wijk":"Zuidas","stadsdeel":"Zuid","pop":0},"geometry":{"type":"Polygon","coordinates":[[[4.88463,52.33812],[4.88518,52.33803],[4.88581,52.3379],[4.88607,52.33784],[4.88663,52.33769],[4.88758,52.33738],[4.88789,52.33726],[4.8883,52.33708],[4.89013,52.33618],[4.89024,52.33629],[4.8903,52.33634],[4.89164,52.33732],[4.89177,52.33745],[4.89189,52.33762],[4.89193,52.33777],[4.89229,52.34084],[4.89239,52.3417],[4.89242,52.34184],[4.89242,52.34198],[4.89241,52.34215],[4.89235,52.3423],[4.8923,52.34238],[4.89223,52.34246],[4.89098,52.34375],[4.89089,52.34385],[4.89078,52.34403],[4.89068,52.34425],[4.88574,52.34451],[4.88573,52.34438],[4.8854,52.34201],[4.8853,52.34123],[4.88507,52.34124],[4.88463,52.33812]]]}},{"type":"Feature","properties":{"name":"VU-kwartier","wijk":"Zuidas","stadsdeel":"Zuid","pop":180},"geometry":{"type":"Polygon","coordinates":[[[4.85756,52.33538],[4.85742,52.33427],[4.85743,52.33361],[4.85745,52.3323],[4.86182,52.33231],[4.86182,52.33208],[4.86885,52.3321],[4.86883,52.33499],[4.86869,52.33811],[4.86693,52.33803],[4.8667,52.33801],[4.86601,52.33797],[4.86461,52.33791],[4.86326,52.33785],[4.86267,52.33781],[4.86239,52.33778],[4.86226,52.33775],[4.86208,52.3377],[4.86197,52.33766],[4.86174,52.33754],[4.86163,52.33747],[4.86132,52.33727],[4.86121,52.33721],[4.86103,52.33708],[4.86095,52.33703],[4.86077,52.33694],[4.8606,52.33688],[4.86047,52.33685],[4.86031,52.33683],[4.85999,52.33683],[4.85985,52.33683],[4.85914,52.33691],[4.85858,52.33695],[4.85821,52.33699],[4.8576,52.337],[4.85756,52.33538]]]}},{"type":"Feature","properties":{"name":"Zuidas-Zuid","wijk":"Zuidas","stadsdeel":"Zuid","pop":2725},"geometry":{"type":"Polygon","coordinates":[[[4.86869,52.33811],[4.86883,52.33499],[4.87691,52.33501],[4.87811,52.33503],[4.87865,52.33509],[4.87711,52.33699],[4.87702,52.33712],[4.87694,52.33726],[4.87681,52.33753],[4.87671,52.3378],[4.87666,52.33809],[4.87665,52.33837],[4.87522,52.33837],[4.87344,52.33834],[4.872,52.33828],[4.86869,52.33811]]]}},{"type":"Feature","properties":{"name":"Vivaldi","wijk":"Zuidas","stadsdeel":"Zuid","pop":1775},"geometry":{"type":"Polygon","coordinates":[[[4.87665,52.33837],[4.87666,52.33809],[4.87671,52.3378],[4.87681,52.33753],[4.87694,52.33726],[4.87702,52.33712],[4.87711,52.33699],[4.87865,52.33509],[4.87927,52.33516],[4.87951,52.33518],[4.87984,52.33519],[4.88016,52.33518],[4.88041,52.33516],[4.88423,52.33472],[4.8845,52.3347],[4.88999,52.33469],[4.88999,52.33586],[4.89003,52.33599],[4.89006,52.33607],[4.89013,52.33618],[4.8883,52.33708],[4.88789,52.33726],[4.88758,52.33738],[4.88663,52.33769],[4.88607,52.33784],[4.88581,52.3379],[4.88518,52.33803],[4.88463,52.33812],[4.88423,52.33817],[4.88396,52.3382],[4.88312,52.33827],[4.88192,52.33832],[4.88062,52.33837],[4.87928,52.33837],[4.87665,52.33837]]]}},{"type":"Feature","properties":{"name":"Amsterdamse Bos","wijk":"Buitenveldert-West","stadsdeel":"Zuid","pop":65},"geometry":{"type":"Polygon","coordinates":[[[4.81713,52.32693],[4.81772,52.32644],[4.81814,52.32597],[4.81843,52.32556],[4.81929,52.32557],[4.81947,52.32557],[4.8195,52.32558],[4.81965,52.32571],[4.8197,52.32573],[4.81975,52.32575],[4.81989,52.32576],[4.82029,52.32576],[4.82097,52.32575],[4.82191,52.32574],[4.82396,52.32571],[4.82449,52.32571],[4.82518,52.32573],[4.82552,52.32581],[4.8258,52.32588],[4.82601,52.32592],[4.82607,52.32593],[4.82742,52.32607],[4.82853,52.32618],[4.82894,52.32622],[4.83022,52.32636],[4.83097,52.32643],[4.83225,52.32656],[4.8339,52.32673],[4.83467,52.32682],[4.83575,52.32694],[4.83926,52.32735],[4.83941,52.32736],[4.83942,52.32755],[4.83964,52.32756],[4.83963,52.32811],[4.83948,52.32915],[4.84042,52.32955],[4.84048,52.32958],[4.84052,52.32959],[4.84063,52.32961],[4.84105,52.32969],[4.84148,52.32977],[4.84199,52.32986],[4.84316,52.33007],[4.84352,52.33013],[4.84397,52.33022],[4.8445,52.33],[4.84524,52.32968],[4.84637,52.32986],[4.84736,52.33002],[4.84757,52.33005],[4.84764,52.33008],[4.84768,52.33017],[4.84796,52.33055],[4.84799,52.33057],[4.84801,52.33057],[4.84843,52.33056],[4.84945,52.33052],[4.85161,52.33044],[4.85495,52.33034],[4.85548,52.33033],[4.85593,52.33032],[4.85595,52.33026],[4.85619,52.33029],[4.85503,52.33362],[4.85471,52.33362],[4.85465,52.33373],[4.85455,52.33382],[4.85393,52.33415],[4.85408,52.33434],[4.85408,52.33439],[4.85405,52.33443],[4.854,52.33448],[4.85345,52.33471],[4.85327,52.33484],[4.85313,52.33499],[4.85301,52.33518],[4.85293,52.33528],[4.85277,52.33544],[4.85244,52.33588],[4.85215,52.3362],[4.852,52.33634],[4.85181,52.3365],[4.85148,52.33675],[4.85126,52.33688],[4.85117,52.33697],[4.85104,52.33714],[4.85078,52.33865],[4.84851,52.33847],[4.84838,52.33845],[4.84822,52.33838],[4.84818,52.33835],[4.84814,52.33829],[4.84813,52.33823],[4.84697,52.33815],[4.84703,52.33769],[4.84714,52.3369],[4.84709,52.33628],[4.84622,52.33413],[4.83834,52.33149],[4.83556,52.33101],[4.82213,52.33082],[4.81733,52.32708],[4.81713,52.32693]]]}},{"type":"Feature","properties":{"name":"Zuiderhof","wijk":"Buitenveldert-West","stadsdeel":"Zuid","pop":35},"geometry":{"type":"Polygon","coordinates":[[[4.85078,52.33865],[4.85104,52.33714],[4.85117,52.33697],[4.85126,52.33688],[4.85148,52.33675],[4.85181,52.3365],[4.852,52.33634],[4.85215,52.3362],[4.85244,52.33588],[4.85277,52.33544],[4.85293,52.33528],[4.85301,52.33518],[4.85313,52.33499],[4.85327,52.33484],[4.85345,52.33471],[4.854,52.33448],[4.85405,52.33443],[4.85408,52.33439],[4.85408,52.33434],[4.85393,52.33415],[4.85455,52.33382],[4.85465,52.33373],[4.85471,52.33362],[4.85503,52.33362],[4.85743,52.33361],[4.85742,52.33427],[4.85756,52.33538],[4.8576,52.337],[4.85762,52.33786],[4.85758,52.33885],[4.8571,52.33883],[4.85709,52.3389],[4.85499,52.33879],[4.8533,52.33873],[4.85335,52.33859],[4.85326,52.33858],[4.85317,52.33884],[4.85078,52.33865]]]}},{"type":"Feature","properties":{"name":"Buitenveldert-West-Midden","wijk":"Buitenveldert-West","stadsdeel":"Zuid","pop":1030},"geometry":{"type":"Polygon","coordinates":[[[4.85503,52.33362],[4.85619,52.33029],[4.85647,52.33031],[4.85676,52.33033],[4.8587,52.33033],[4.85906,52.33031],[4.85983,52.33021],[4.86004,52.3302],[4.86029,52.3302],[4.86052,52.3302],[4.86064,52.33022],[4.86076,52.33024],[4.86099,52.3303],[4.86119,52.33033],[4.86182,52.33033],[4.86183,52.32913],[4.86886,52.32914],[4.86885,52.3321],[4.86182,52.33208],[4.86182,52.33231],[4.85745,52.3323],[4.85743,52.33361],[4.85503,52.33362]]]}},{"type":"Feature","properties":{"name":"Gelderlandpleinbuurt","wijk":"Buitenveldert-West","stadsdeel":"Zuid","pop":4715},"geometry":{"type":"Polygon","coordinates":[[[4.86883,52.33499],[4.86885,52.3321],[4.86886,52.32914],[4.87599,52.32916],[4.87599,52.32923],[4.87727,52.32924],[4.87727,52.32933],[4.87868,52.32933],[4.87868,52.32938],[4.87948,52.32938],[4.87945,52.33167],[4.87946,52.33312],[4.87946,52.33361],[4.87945,52.33371],[4.8794,52.33393],[4.87936,52.33406],[4.87924,52.3343],[4.87917,52.33443],[4.87865,52.33509],[4.87811,52.33503],[4.87691,52.33501],[4.86883,52.33499]]]}},{"type":"Feature","properties":{"name":"Buitenveldert-Zuidwest","wijk":"Buitenveldert-West","stadsdeel":"Zuid","pop":4250},"geometry":{"type":"Polygon","coordinates":[[[4.85595,52.33026],[4.856,52.33008],[4.85613,52.32968],[4.8562,52.32968],[4.85633,52.32932],[4.85638,52.32917],[4.85641,52.32896],[4.85643,52.32885],[4.85646,52.32803],[4.85645,52.32781],[4.85634,52.32176],[4.85657,52.32177],[4.85657,52.32156],[4.85675,52.32156],[4.85676,52.32142],[4.85762,52.32143],[4.85763,52.32164],[4.85765,52.32169],[4.85769,52.32172],[4.85779,52.32173],[4.85787,52.32174],[4.85916,52.32177],[4.86107,52.3218],[4.86107,52.3218],[4.86262,52.32183],[4.86915,52.32194],[4.86888,52.32732],[4.86886,52.32914],[4.86183,52.32913],[4.86182,52.33033],[4.86119,52.33033],[4.86099,52.3303],[4.86076,52.33024],[4.86064,52.33022],[4.86052,52.3302],[4.86029,52.3302],[4.86004,52.3302],[4.85983,52.33021],[4.85906,52.33031],[4.8587,52.33033],[4.85676,52.33033],[4.85647,52.33031],[4.85619,52.33029],[4.85595,52.33026]]]}},{"type":"Feature","properties":{"name":"Buitenveldert-Zuid-Midden","wijk":"Buitenveldert-West","stadsdeel":"Zuid","pop":3945},"geometry":{"type":"Polygon","coordinates":[[[4.86886,52.32914],[4.86888,52.32732],[4.86915,52.32194],[4.87811,52.32209],[4.87795,52.32479],[4.87962,52.32482],[4.87947,52.32822],[4.87948,52.32938],[4.87868,52.32938],[4.87868,52.32933],[4.87727,52.32933],[4.87727,52.32924],[4.87599,52.32923],[4.87599,52.32916],[4.86886,52.32914]]]}},{"type":"Feature","properties":{"name":"De Klenckebuurt","wijk":"Buitenveldert-Oost","stadsdeel":"Zuid","pop":795},"geometry":{"type":"Polygon","coordinates":[[[4.87865,52.33509],[4.87917,52.33443],[4.87924,52.3343],[4.87936,52.33406],[4.8794,52.33393],[4.87945,52.33371],[4.87946,52.33361],[4.87946,52.33312],[4.88998,52.33314],[4.88999,52.33469],[4.8845,52.3347],[4.88423,52.33472],[4.88041,52.33516],[4.88016,52.33518],[4.87984,52.33519],[4.87951,52.33518],[4.87927,52.33516],[4.87865,52.33509]]]}},{"type":"Feature","properties":{"name":"Buitenveldert-Oost-Midden","wijk":"Buitenveldert-Oost","stadsdeel":"Zuid","pop":3435},"geometry":{"type":"Polygon","coordinates":[[[4.87946,52.33312],[4.87945,52.33167],[4.87948,52.32938],[4.88999,52.3294],[4.88998,52.33314],[4.87946,52.33312]]]}},{"type":"Feature","properties":{"name":"Buitenveldert-Zuidoost","wijk":"Buitenveldert-Oost","stadsdeel":"Zuid","pop":4065},"geometry":{"type":"Polygon","coordinates":[[[4.87947,52.32822],[4.87962,52.32482],[4.87795,52.32479],[4.87811,52.32209],[4.88236,52.32217],[4.88995,52.32232],[4.89301,52.32237],[4.89255,52.32307],[4.892,52.3238],[4.89133,52.32451],[4.89126,52.32461],[4.8912,52.32473],[4.89117,52.32486],[4.89117,52.32498],[4.89013,52.32496],[4.88999,52.32853],[4.88999,52.3294],[4.87948,52.32938],[4.87947,52.32822]]]}},{"type":"Feature","properties":{"name":"Amstelpark","wijk":"Buitenveldert-Oost","stadsdeel":"Zuid","pop":15},"geometry":{"type":"Polygon","coordinates":[[[4.89013,52.33618],[4.89006,52.33607],[4.89003,52.33599],[4.88999,52.33586],[4.88999,52.33469],[4.88998,52.33314],[4.88999,52.3294],[4.88999,52.32853],[4.89013,52.32496],[4.89117,52.32498],[4.89117,52.32486],[4.8912,52.32473],[4.89126,52.32461],[4.89133,52.32451],[4.892,52.3238],[4.89255,52.32307],[4.89301,52.32237],[4.89345,52.32238],[4.89364,52.32239],[4.89457,52.32242],[4.89482,52.32243],[4.89492,52.32242],[4.89513,52.32241],[4.89543,52.32241],[4.8963,52.32242],[4.89609,52.32256],[4.89591,52.3227],[4.89576,52.32287],[4.89547,52.32332],[4.89538,52.3235],[4.89526,52.32383],[4.89523,52.32408],[4.89525,52.3242],[4.89531,52.32434],[4.89584,52.3252],[4.89644,52.3263],[4.89656,52.32652],[4.89668,52.32685],[4.89686,52.32727],[4.897,52.32756],[4.89714,52.32778],[4.89732,52.32802],[4.89784,52.32857],[4.89825,52.32897],[4.89877,52.32956],[4.89891,52.32977],[4.89903,52.33],[4.89908,52.3302],[4.89907,52.33044],[4.89901,52.33071],[4.89888,52.33111],[4.89849,52.33196],[4.89848,52.33208],[4.89848,52.33228],[4.89853,52.33247],[4.89862,52.33263],[4.89876,52.33279],[4.89742,52.33345],[4.89685,52.33303],[4.89678,52.33299],[4.89672,52.33299],[4.89638,52.33319],[4.89625,52.33334],[4.89621,52.33335],[4.89614,52.33339],[4.89514,52.33386],[4.89486,52.33396],[4.8946,52.33403],[4.89442,52.33405],[4.8943,52.33407],[4.89417,52.33407],[4.89385,52.33406],[4.8937,52.33404],[4.89356,52.33401],[4.89342,52.33397],[4.89313,52.33386],[4.89309,52.33386],[4.89305,52.33386],[4.89302,52.33388],[4.89267,52.33427],[4.89274,52.33446],[4.89275,52.33458],[4.89271,52.3347],[4.89266,52.33479],[4.89258,52.33488],[4.89246,52.33497],[4.89191,52.33529],[4.89156,52.33548],[4.89013,52.33618]]]}},{"type":"Feature","properties":{"name":"Java-eiland","wijk":"Oostelijk Havengebied","stadsdeel":"Oost","pop":3315},"geometry":{"type":"Polygon","coordinates":[[[4.911,52.37993],[4.91755,52.37861],[4.91986,52.37852],[4.92905,52.37692],[4.93871,52.37525],[4.93748,52.37636],[4.93742,52.37643],[4.93737,52.37654],[4.9373,52.37696],[4.93699,52.37777],[4.93735,52.38241],[4.93109,52.38214],[4.92246,52.3811],[4.91986,52.38081],[4.9175,52.38055],[4.911,52.37993]]]}},{"type":"Feature","properties":{"name":"KNSM-eiland","wijk":"Oostelijk Havengebied","stadsdeel":"Oost","pop":2315},"geometry":{"type":"Polygon","coordinates":[[[4.93699,52.37777],[4.9373,52.37696],[4.93737,52.37654],[4.93742,52.37643],[4.93748,52.37636],[4.93871,52.37525],[4.93994,52.37503],[4.95499,52.37648],[4.95243,52.38257],[4.94959,52.3825],[4.94319,52.38251],[4.93983,52.38251],[4.93735,52.38241],[4.93699,52.37777]]]}},{"type":"Feature","properties":{"name":"Oostelijke Handelskade","wijk":"Oostelijk Havengebied","stadsdeel":"Oost","pop":1445},"geometry":{"type":"Polygon","coordinates":[[[4.91059,52.37991],[4.91116,52.37764],[4.91198,52.37758],[4.91209,52.37718],[4.91204,52.37711],[4.91191,52.3771],[4.91198,52.3768],[4.91208,52.37681],[4.91209,52.37679],[4.91212,52.37678],[4.9124,52.37679],[4.91273,52.3768],[4.9133,52.37679],[4.91356,52.37677],[4.91412,52.37672],[4.91451,52.37666],[4.9205,52.37569],[4.92125,52.37558],[4.92126,52.37561],[4.92128,52.37561],[4.92129,52.37562],[4.92141,52.37561],[4.92157,52.37558],[4.92154,52.37553],[4.92304,52.3753],[4.92352,52.37521],[4.92405,52.37508],[4.92426,52.37502],[4.92493,52.3748],[4.9277,52.37391],[4.92905,52.37692],[4.91986,52.37852],[4.91755,52.37861],[4.911,52.37993],[4.91059,52.37991]]]}},{"type":"Feature","properties":{"name":"Rietlanden","wijk":"Oostelijk Havengebied","stadsdeel":"Oost","pop":2425},"geometry":{"type":"Polygon","coordinates":[[[4.9277,52.37391],[4.92791,52.37385],[4.92855,52.37368],[4.9294,52.37347],[4.92985,52.37335],[4.93019,52.37323],[4.93055,52.37308],[4.93088,52.37292],[4.93118,52.37275],[4.93143,52.37259],[4.93175,52.37235],[4.93197,52.37216],[4.93211,52.37198],[4.93218,52.37196],[4.93226,52.37196],[4.9324,52.37178],[4.93233,52.37175],[4.93232,52.37173],[4.93233,52.3717],[4.93251,52.3715],[4.93263,52.37128],[4.93277,52.3709],[4.93278,52.37073],[4.93282,52.37069],[4.93285,52.37068],[4.9329,52.37068],[4.9329,52.37067],[4.93291,52.37067],[4.93294,52.37055],[4.93358,52.37104],[4.93366,52.37108],[4.9337,52.37109],[4.93849,52.37114],[4.93848,52.37185],[4.93844,52.37351],[4.93997,52.37368],[4.94008,52.37371],[4.94016,52.37377],[4.9402,52.37381],[4.94023,52.37388],[4.94022,52.37396],[4.94019,52.37401],[4.94015,52.37405],[4.93982,52.37428],[4.93952,52.37451],[4.93871,52.37525],[4.92905,52.37692],[4.9277,52.37391]]]}},{"type":"Feature","properties":{"name":"Sporenburg","wijk":"Oostelijk Havengebied","stadsdeel":"Oost","pop":2725},"geometry":{"type":"Polygon","coordinates":[[[4.93952,52.37451],[4.93982,52.37428],[4.94015,52.37405],[4.94019,52.37401],[4.94022,52.37396],[4.94023,52.37388],[4.9402,52.37381],[4.94016,52.37377],[4.94008,52.37371],[4.93997,52.37368],[4.93844,52.37351],[4.93848,52.37185],[4.9484,52.37296],[4.95201,52.37335],[4.95264,52.3734],[4.95326,52.37343],[4.95389,52.37344],[4.95452,52.37343],[4.95514,52.37339],[4.95576,52.37334],[4.95499,52.37648],[4.93994,52.37503],[4.93871,52.37525],[4.93952,52.37451]]]}},{"type":"Feature","properties":{"name":"Borneo","wijk":"Oostelijk Havengebied","stadsdeel":"Oost","pop":2775},"geometry":{"type":"Polygon","coordinates":[[[4.93848,52.37185],[4.93849,52.37114],[4.93852,52.36992],[4.94009,52.36993],[4.94088,52.36995],[4.94558,52.37021],[4.95145,52.37054],[4.95452,52.37343],[4.95389,52.37344],[4.95326,52.37343],[4.95264,52.3734],[4.95201,52.37335],[4.9484,52.37296],[4.93848,52.37185]]]}},{"type":"Feature","properties":{"name":"Entrepot-Noordwest","wijk":"Oostelijk Havengebied","stadsdeel":"Oost","pop":1425},"geometry":{"type":"Polygon","coordinates":[[[4.93297,52.37041],[4.93296,52.37041],[4.9329,52.37037],[4.93292,52.37005],[4.93295,52.3699],[4.9329,52.3694],[4.93283,52.36907],[4.93269,52.3687],[4.93259,52.3685],[4.93209,52.36767],[4.93212,52.36766],[4.93211,52.36764],[4.93213,52.3676],[4.93219,52.36757],[4.93199,52.36724],[4.9342,52.36724],[4.93417,52.36849],[4.93435,52.36852],[4.93454,52.36853],[4.93531,52.36853],[4.93649,52.36855],[4.93855,52.36855],[4.93852,52.36992],[4.93849,52.37114],[4.9337,52.37109],[4.93366,52.37108],[4.93358,52.37104],[4.93294,52.37055],[4.93297,52.37041]]]}},{"type":"Feature","properties":{"name":"Bedrijvengebied Veelaan","wijk":"Oostelijk Havengebied","stadsdeel":"Oost","pop":40},"geometry":{"type":"Polygon","coordinates":[[[4.93855,52.36855],[4.93649,52.36855],[4.93531,52.36853],[4.93454,52.36853],[4.93435,52.36852],[4.93417,52.36849],[4.9342,52.36724],[4.93948,52.36729],[4.93945,52.36856],[4.93855,52.36855]]]}},{"type":"Feature","properties":{"name":"Architectenbuurt","wijk":"Oostelijk Havengebied","stadsdeel":"Oost","pop":1705},"geometry":{"type":"Polygon","coordinates":[[[4.93852,52.36992],[4.93855,52.36855],[4.93945,52.36856],[4.93948,52.36729],[4.94249,52.36731],[4.94613,52.36736],[4.9461,52.36862],[4.94592,52.36864],[4.94581,52.36869],[4.94571,52.36876],[4.94566,52.36884],[4.94558,52.37021],[4.94088,52.36995],[4.94009,52.36993],[4.93852,52.36992]]]}},{"type":"Feature","properties":{"name":"Cruquiusbuurt","wijk":"Oostelijk Havengebied","stadsdeel":"Oost","pop":2160},"geometry":{"type":"Polygon","coordinates":[[[4.94558,52.37021],[4.94566,52.36884],[4.94571,52.36876],[4.94581,52.36869],[4.94592,52.36864],[4.9461,52.36862],[4.94613,52.36736],[4.95188,52.36741],[4.95438,52.36744],[4.95464,52.36747],[4.9549,52.36752],[4.95514,52.36758],[4.95543,52.36767],[4.95561,52.36775],[4.95577,52.36783],[4.95594,52.36795],[4.95657,52.36846],[4.95665,52.36873],[4.9567,52.36899],[4.95671,52.36926],[4.95668,52.36953],[4.95576,52.37334],[4.95514,52.37339],[4.95452,52.37343],[4.95145,52.37054],[4.94558,52.37021]]]}},{"type":"Feature","properties":{"name":"Bedrijvengebied Zeeburgerkade","wijk":"Oostelijk Havengebied","stadsdeel":"Oost","pop":240},"geometry":{"type":"Polygon","coordinates":[[[4.93159,52.36657],[4.9321,52.36657],[4.93237,52.36655],[4.93946,52.36665],[4.94615,52.36668],[4.94999,52.36671],[4.95189,52.367],[4.95188,52.36741],[4.94613,52.36736],[4.94249,52.36731],[4.93948,52.36729],[4.9342,52.36724],[4.93199,52.36724],[4.93159,52.36657]]]}},{"type":"Feature","properties":{"name":"Weesperzijde-Noord","wijk":"Weesperzijde","stadsdeel":"Oost","pop":1955},"geometry":{"type":"Polygon","coordinates":[[[4.90463,52.35921],[4.90489,52.35875],[4.90606,52.35617],[4.90655,52.35538],[4.90756,52.35559],[4.90964,52.35609],[4.91088,52.3564],[4.90833,52.36059],[4.90797,52.3605],[4.90778,52.36043],[4.90765,52.36037],[4.90751,52.3603],[4.90738,52.36022],[4.9071,52.36001],[4.90692,52.35988],[4.90664,52.35972],[4.9065,52.35966],[4.90617,52.35955],[4.90598,52.3595],[4.90516,52.35935],[4.90463,52.35921]]]}},{"type":"Feature","properties":{"name":"Weesperzijde-Midden/Zuid","wijk":"Weesperzijde","stadsdeel":"Oost","pop":3275},"geometry":{"type":"Polygon","coordinates":[[[4.90655,52.35538],[4.90836,52.35339],[4.91025,52.35137],[4.91106,52.35003],[4.91223,52.34812],[4.91541,52.34954],[4.9165,52.35003],[4.91472,52.35109],[4.91385,52.35158],[4.91371,52.35169],[4.9136,52.3518],[4.91133,52.35564],[4.91088,52.3564],[4.90964,52.35609],[4.90756,52.35559],[4.90655,52.35538]]]}},{"type":"Feature","properties":{"name":"Parooldriehoek","wijk":"Weesperzijde","stadsdeel":"Oost","pop":665},"geometry":{"type":"Polygon","coordinates":[[[4.91133,52.35564],[4.9136,52.3518],[4.91371,52.35169],[4.91385,52.35158],[4.91472,52.35109],[4.91463,52.35133],[4.91464,52.35133],[4.91465,52.35135],[4.9146,52.35156],[4.91456,52.35183],[4.91456,52.35215],[4.91459,52.35237],[4.91465,52.35262],[4.91473,52.35283],[4.91494,52.35327],[4.91511,52.35351],[4.9152,52.35363],[4.91546,52.3539],[4.91561,52.35404],[4.9159,52.35425],[4.91575,52.35432],[4.91459,52.35488],[4.91431,52.35516],[4.91387,52.35521],[4.91368,52.35524],[4.91349,52.35527],[4.91313,52.35536],[4.91295,52.35541],[4.91261,52.35553],[4.91229,52.35567],[4.91202,52.35581],[4.91133,52.35564]]]}},{"type":"Feature","properties":{"name":"Oosterparkbuurt-Noordwest","wijk":"Oosterparkbuurt","stadsdeel":"Oost","pop":3780},"geometry":{"type":"Polygon","coordinates":[[[4.90833,52.36059],[4.91088,52.3564],[4.91745,52.35804],[4.91615,52.35994],[4.91581,52.3605],[4.91508,52.36179],[4.91404,52.3615],[4.91285,52.36136],[4.91178,52.36125],[4.91163,52.36122],[4.91149,52.36118],[4.91137,52.36113],[4.91129,52.36108],[4.9112,52.361],[4.91109,52.36093],[4.91084,52.3608],[4.91057,52.3607],[4.91026,52.36062],[4.90996,52.36059],[4.90964,52.36058],[4.90936,52.3606],[4.90904,52.36065],[4.90881,52.36066],[4.90857,52.36064],[4.90833,52.36059]]]}},{"type":"Feature","properties":{"name":"Oosterpark","wijk":"Oosterparkbuurt","stadsdeel":"Oost","pop":130},"geometry":{"type":"Polygon","coordinates":[[[4.91508,52.36179],[4.91581,52.3605],[4.91615,52.35994],[4.91745,52.35804],[4.91777,52.35814],[4.92529,52.36003],[4.92462,52.36094],[4.92413,52.36164],[4.92398,52.36193],[4.92358,52.36278],[4.9235,52.3629],[4.9234,52.36298],[4.92231,52.36376],[4.9222,52.36368],[4.92207,52.36362],[4.92192,52.36356],[4.92177,52.36352],[4.92149,52.36348],[4.92111,52.36343],[4.92039,52.36337],[4.92021,52.36334],[4.92005,52.36329],[4.91988,52.36322],[4.91972,52.36314],[4.91903,52.36255],[4.91887,52.36246],[4.91871,52.36237],[4.91843,52.36227],[4.91813,52.36219],[4.91781,52.36215],[4.91749,52.36213],[4.91641,52.36209],[4.91624,52.36207],[4.91601,52.36203],[4.91578,52.36198],[4.91508,52.36179]]]}},{"type":"Feature","properties":{"name":"Oosterparkbuurt-Zuidwest","wijk":"Oosterparkbuurt","stadsdeel":"Oost","pop":3070},"geometry":{"type":"Polygon","coordinates":[[[4.91088,52.3564],[4.91133,52.35564],[4.91202,52.35581],[4.91229,52.35567],[4.91261,52.35553],[4.91295,52.35541],[4.91313,52.35536],[4.91349,52.35527],[4.91368,52.35524],[4.91387,52.35521],[4.91431,52.35516],[4.91459,52.35488],[4.91575,52.35432],[4.91609,52.35454],[4.91646,52.35474],[4.91685,52.35492],[4.91705,52.355],[4.91747,52.35515],[4.91918,52.35566],[4.91745,52.35804],[4.91088,52.3564]]]}},{"type":"Feature","properties":{"name":"Oosterparkbuurt-Zuidoost","wijk":"Oosterparkbuurt","stadsdeel":"Oost","pop":3700},"geometry":{"type":"Polygon","coordinates":[[[4.91745,52.35804],[4.91918,52.35566],[4.92669,52.35787],[4.92639,52.35829],[4.92543,52.35985],[4.92529,52.36003],[4.91777,52.35814],[4.91745,52.35804]]]}},{"type":"Feature","properties":{"name":"Transvaalbuurt-West","wijk":"Transvaalbuurt","stadsdeel":"Oost","pop":3970},"geometry":{"type":"Polygon","coordinates":[[[4.9159,52.35425],[4.91561,52.35404],[4.91546,52.3539],[4.9152,52.35363],[4.91511,52.35351],[4.91494,52.35327],[4.91473,52.35283],[4.91465,52.35262],[4.91459,52.35237],[4.91456,52.35215],[4.91456,52.35183],[4.9146,52.35156],[4.91465,52.35135],[4.91464,52.35133],[4.91463,52.35133],[4.91472,52.35109],[4.9165,52.35003],[4.92162,52.35233],[4.92017,52.35352],[4.92015,52.35357],[4.92016,52.35362],[4.92028,52.3538],[4.9203,52.35391],[4.9203,52.35397],[4.92025,52.35418],[4.92018,52.35438],[4.9201,52.35452],[4.92002,52.35464],[4.91918,52.35566],[4.91747,52.35515],[4.91705,52.355],[4.91685,52.35492],[4.91646,52.35474],[4.91609,52.35454],[4.91575,52.35432],[4.9159,52.35425]]]}},{"type":"Feature","properties":{"name":"Transvaalbuurt-Oost","wijk":"Transvaalbuurt","stadsdeel":"Oost","pop":4905},"geometry":{"type":"Polygon","coordinates":[[[4.91918,52.35566],[4.92002,52.35464],[4.9201,52.35452],[4.92018,52.35438],[4.92025,52.35418],[4.9203,52.35397],[4.9203,52.35391],[4.92028,52.3538],[4.92016,52.35362],[4.92015,52.35357],[4.92017,52.35352],[4.92162,52.35233],[4.92693,52.35473],[4.92823,52.35534],[4.9282,52.35537],[4.92782,52.35597],[4.92737,52.3567],[4.92695,52.35747],[4.92669,52.35787],[4.91918,52.35566]]]}},{"type":"Feature","properties":{"name":"Dapperbuurt-Noord","wijk":"Dapperbuurt","stadsdeel":"Oost","pop":4250},"geometry":{"type":"Polygon","coordinates":[[[4.92231,52.36376],[4.9234,52.36298],[4.9235,52.3629],[4.92358,52.36278],[4.92398,52.36193],[4.93034,52.36329],[4.93123,52.36338],[4.93122,52.36349],[4.93125,52.36349],[4.93125,52.36352],[4.93127,52.36354],[4.93133,52.36356],[4.93129,52.36385],[4.93127,52.36423],[4.93128,52.36454],[4.93131,52.36461],[4.93126,52.36462],[4.93133,52.36496],[4.93136,52.36496],[4.93145,52.36523],[4.93175,52.36577],[4.93177,52.36581],[4.93178,52.36581],[4.93181,52.3659],[4.93179,52.36592],[4.93172,52.36595],[4.9321,52.36657],[4.93159,52.36657],[4.92751,52.3665],[4.92732,52.36649],[4.92714,52.36646],[4.92699,52.36643],[4.92685,52.36638],[4.92673,52.36633],[4.9266,52.36627],[4.9256,52.36567],[4.92478,52.36525],[4.92231,52.36376]]]}},{"type":"Feature","properties":{"name":"Dapperbuurt-Zuid","wijk":"Dapperbuurt","stadsdeel":"Oost","pop":3740},"geometry":{"type":"Polygon","coordinates":[[[4.92398,52.36193],[4.92413,52.36164],[4.92462,52.36094],[4.92529,52.36003],[4.92543,52.35985],[4.92639,52.35829],[4.92669,52.35787],[4.92717,52.35802],[4.92759,52.35819],[4.92799,52.35837],[4.92846,52.35863],[4.92887,52.3589],[4.92927,52.35921],[4.9296,52.35949],[4.92989,52.35978],[4.9301,52.36004],[4.93028,52.36031],[4.93052,52.36074],[4.93087,52.36145],[4.93098,52.36173],[4.93106,52.36202],[4.9311,52.36224],[4.93114,52.36253],[4.93141,52.36322],[4.93135,52.36322],[4.93132,52.36322],[4.93128,52.36325],[4.93127,52.36328],[4.93124,52.36327],[4.93123,52.36338],[4.93034,52.36329],[4.92398,52.36193]]]}},{"type":"Feature","properties":{"name":"Oostpoort","wijk":"Dapperbuurt","stadsdeel":"Oost","pop":2005},"geometry":{"type":"Polygon","coordinates":[[[4.92669,52.35787],[4.92695,52.35747],[4.92737,52.3567],[4.92782,52.35597],[4.9282,52.35537],[4.92823,52.35534],[4.92988,52.35607],[4.93324,52.35682],[4.93663,52.35753],[4.93702,52.35758],[4.93715,52.35769],[4.93743,52.35774],[4.93731,52.35779],[4.93732,52.35781],[4.93726,52.35784],[4.93675,52.35806],[4.936,52.3584],[4.93534,52.3587],[4.93517,52.3588],[4.93505,52.35879],[4.93502,52.35877],[4.93486,52.35884],[4.93489,52.35887],[4.93488,52.35889],[4.93429,52.35924],[4.93417,52.35932],[4.93391,52.3595],[4.93376,52.35962],[4.93356,52.35977],[4.93334,52.35994],[4.93297,52.3603],[4.93282,52.36048],[4.93273,52.36057],[4.9325,52.36083],[4.93239,52.36085],[4.93234,52.36092],[4.93231,52.36091],[4.93212,52.3612],[4.93203,52.36135],[4.93205,52.36135],[4.93203,52.36137],[4.93204,52.3614],[4.93208,52.36143],[4.93207,52.36146],[4.93187,52.36176],[4.93173,52.36212],[4.9317,52.36214],[4.93166,52.36225],[4.93148,52.3628],[4.93147,52.36289],[4.93141,52.36322],[4.93114,52.36253],[4.9311,52.36224],[4.93106,52.36202],[4.93098,52.36173],[4.93087,52.36145],[4.93052,52.36074],[4.93028,52.36031],[4.9301,52.36004],[4.92989,52.35978],[4.9296,52.35949],[4.92927,52.35921],[4.92887,52.3589],[4.92846,52.35863],[4.92799,52.35837],[4.92759,52.35819],[4.92717,52.35802],[4.92669,52.35787]]]}},{"type":"Feature","properties":{"name":"Timorpleinbuurt-Noord","wijk":"Indische Buurt-West","stadsdeel":"Oost","pop":3920},"geometry":{"type":"Polygon","coordinates":[[[4.93172,52.36595],[4.93179,52.36592],[4.93181,52.3659],[4.93178,52.36581],[4.93177,52.36581],[4.93175,52.36577],[4.93145,52.36523],[4.93136,52.36496],[4.93133,52.36496],[4.93126,52.36462],[4.93131,52.36461],[4.93128,52.36454],[4.93127,52.36423],[4.93129,52.36385],[4.93133,52.36356],[4.93127,52.36354],[4.93125,52.36352],[4.93125,52.36349],[4.93122,52.36349],[4.93123,52.36338],[4.93162,52.36342],[4.93229,52.36352],[4.93297,52.3636],[4.93366,52.36367],[4.93435,52.36371],[4.9352,52.36374],[4.93954,52.36378],[4.93946,52.36665],[4.93237,52.36655],[4.9321,52.36657],[4.93172,52.36595]]]}},{"type":"Feature","properties":{"name":"Timorpleinbuurt-Zuid","wijk":"Indische Buurt-West","stadsdeel":"Oost","pop":4490},"geometry":{"type":"Polygon","coordinates":[[[4.93123,52.36338],[4.93124,52.36327],[4.93127,52.36328],[4.93128,52.36325],[4.93132,52.36322],[4.93135,52.36322],[4.93141,52.36322],[4.93147,52.36289],[4.93148,52.3628],[4.93166,52.36225],[4.9317,52.36214],[4.93173,52.36212],[4.93187,52.36176],[4.93207,52.36146],[4.93208,52.36143],[4.93204,52.3614],[4.93203,52.36137],[4.93205,52.36135],[4.93203,52.36135],[4.93212,52.3612],[4.93637,52.36117],[4.93974,52.36165],[4.93961,52.36201],[4.93959,52.36213],[4.93954,52.36378],[4.9352,52.36374],[4.93435,52.36371],[4.93366,52.36367],[4.93297,52.3636],[4.93229,52.36352],[4.93162,52.36342],[4.93123,52.36338]]]}},{"type":"Feature","properties":{"name":"Ambonpleinbuurt","wijk":"Indische Buurt-West","stadsdeel":"Oost","pop":3860},"geometry":{"type":"Polygon","coordinates":[[[4.93212,52.3612],[4.93231,52.36091],[4.93234,52.36092],[4.93239,52.36085],[4.9325,52.36083],[4.93273,52.36057],[4.93282,52.36048],[4.93297,52.3603],[4.93334,52.35994],[4.93356,52.35977],[4.93376,52.35962],[4.93391,52.3595],[4.93417,52.35932],[4.93429,52.35924],[4.93488,52.35889],[4.93489,52.35887],[4.93486,52.35884],[4.93502,52.35877],[4.93505,52.35879],[4.93517,52.3588],[4.93534,52.3587],[4.936,52.3584],[4.93675,52.35806],[4.93726,52.35784],[4.93732,52.35781],[4.93731,52.35779],[4.93743,52.35774],[4.9378,52.35779],[4.94046,52.35838],[4.94071,52.35841],[4.94095,52.35841],[4.93974,52.36165],[4.93637,52.36117],[4.93212,52.3612]]]}},{"type":"Feature","properties":{"name":"Makassarpleinbuurt","wijk":"Indische Buurt-Oost","stadsdeel":"Oost","pop":5610},"geometry":{"type":"Polygon","coordinates":[[[4.93946,52.36665],[4.93954,52.36378],[4.93959,52.36213],[4.93961,52.36201],[4.93974,52.36165],[4.94592,52.36251],[4.9464,52.36258],[4.94652,52.36261],[4.9467,52.36268],[4.94679,52.36274],[4.94686,52.3628],[4.94694,52.36292],[4.94756,52.36458],[4.94762,52.36469],[4.94771,52.36481],[4.94778,52.36488],[4.94788,52.36497],[4.94799,52.36505],[4.9481,52.36512],[4.94821,52.36517],[4.94835,52.36522],[4.9485,52.36526],[4.94792,52.3659],[4.9478,52.36599],[4.94763,52.36608],[4.94742,52.36614],[4.94719,52.36617],[4.94616,52.36618],[4.94615,52.36668],[4.93946,52.36665]]]}},{"type":"Feature","properties":{"name":"Zeeburgerdijk-Oost","wijk":"Indische Buurt-Oost","stadsdeel":"Oost","pop":430},"geometry":{"type":"Polygon","coordinates":[[[4.94615,52.36668],[4.94616,52.36618],[4.94719,52.36617],[4.94742,52.36614],[4.94763,52.36608],[4.9478,52.36599],[4.94792,52.3659],[4.9485,52.36526],[4.94874,52.36531],[4.94894,52.36533],[4.9507,52.36535],[4.95124,52.36538],[4.95177,52.36541],[4.95731,52.3659],[4.95698,52.36727],[4.95657,52.36846],[4.95594,52.36795],[4.95577,52.36783],[4.95561,52.36775],[4.95543,52.36767],[4.95514,52.36758],[4.9549,52.36752],[4.95464,52.36747],[4.95438,52.36744],[4.95188,52.36741],[4.95189,52.367],[4.94999,52.36671],[4.94615,52.36668]]]}},{"type":"Feature","properties":{"name":"Sumatraplantsoenbuurt","wijk":"Indische Buurt-Oost","stadsdeel":"Oost","pop":3755},"geometry":{"type":"Polygon","coordinates":[[[4.93974,52.36165],[4.94095,52.35841],[4.94115,52.35841],[4.94468,52.35826],[4.94592,52.36251],[4.93974,52.36165]]]}},{"type":"Feature","properties":{"name":"Flevopark","wijk":"Indische Buurt-Oost","stadsdeel":"Oost","pop":20},"geometry":{"type":"Polygon","coordinates":[[[4.94468,52.35826],[4.95294,52.35791],[4.9565,52.35779],[4.95709,52.35777],[4.95854,52.35779],[4.95874,52.35783],[4.95893,52.35787],[4.95909,52.35794],[4.95919,52.35801],[4.95945,52.35823],[4.96131,52.35913],[4.95752,52.36499],[4.95731,52.3659],[4.95177,52.36541],[4.95124,52.36538],[4.9507,52.36535],[4.94894,52.36533],[4.94874,52.36531],[4.9485,52.36526],[4.94835,52.36522],[4.94821,52.36517],[4.9481,52.36512],[4.94799,52.36505],[4.94788,52.36497],[4.94778,52.36488],[4.94771,52.36481],[4.94762,52.36469],[4.94756,52.36458],[4.94694,52.36292],[4.94686,52.3628],[4.94679,52.36274],[4.9467,52.36268],[4.94652,52.36261],[4.9464,52.36258],[4.94592,52.36251],[4.94468,52.35826]]]}},{"type":"Feature","properties":{"name":"Sluisbuurt","wijk":"Zeeburgereiland/Bovendiep","stadsdeel":"Oost","pop":15},"geometry":{"type":"Polygon","coordinates":[[[4.95243,52.38257],[4.95499,52.37648],[4.95576,52.37334],[4.95648,52.37324],[4.95719,52.37312],[4.96235,52.37205],[4.96233,52.37253],[4.96236,52.37334],[4.96238,52.37364],[4.96242,52.37385],[4.96249,52.37414],[4.96263,52.37454],[4.96283,52.37492],[4.96303,52.37523],[4.96323,52.37551],[4.96345,52.37576],[4.9637,52.37601],[4.96397,52.37625],[4.96418,52.37642],[4.96662,52.37823],[4.96372,52.37977],[4.96158,52.38122],[4.96061,52.38166],[4.95966,52.3821],[4.95841,52.38247],[4.95671,52.38265],[4.95425,52.38262],[4.95243,52.38257]]]}},{"type":"Feature","properties":{"name":"Sportheldenbuurt","wijk":"Zeeburgereiland/Bovendiep","stadsdeel":"Oost","pop":4595},"geometry":{"type":"Polygon","coordinates":[[[4.96418,52.37642],[4.96397,52.37625],[4.9637,52.37601],[4.96345,52.37576],[4.96323,52.37551],[4.96303,52.37523],[4.96283,52.37492],[4.96263,52.37454],[4.96249,52.37414],[4.96242,52.37385],[4.96238,52.37364],[4.96236,52.37334],[4.96233,52.37253],[4.96235,52.37205],[4.96323,52.37187],[4.96383,52.37172],[4.96441,52.37154],[4.96496,52.37134],[4.96523,52.37122],[4.96562,52.37105],[4.96798,52.3698],[4.97409,52.37426],[4.97033,52.37626],[4.96662,52.37823],[4.96418,52.37642]]]}},{"type":"Feature","properties":{"name":"Oostpunt Zeeburgereiland","wijk":"Zeeburgereiland/Bovendiep","stadsdeel":"Oost","pop":45},"geometry":{"type":"Polygon","coordinates":[[[4.96798,52.3698],[4.96955,52.36897],[4.97578,52.3656],[4.97664,52.36514],[4.9842,52.36973],[4.98212,52.37039],[4.97974,52.37133],[4.97737,52.37252],[4.97409,52.37426],[4.96798,52.3698]]]}},{"type":"Feature","properties":{"name":"Baaibuurt-West","wijk":"Zeeburgereiland/Bovendiep","stadsdeel":"Oost","pop":265},"geometry":{"type":"Polygon","coordinates":[[[4.95576,52.37334],[4.95668,52.36953],[4.95671,52.36926],[4.9567,52.36899],[4.95665,52.36873],[4.95657,52.36846],[4.95698,52.36727],[4.95731,52.3659],[4.95849,52.366],[4.95898,52.36605],[4.95941,52.36612],[4.95974,52.36618],[4.96015,52.36631],[4.96059,52.36648],[4.9612,52.3668],[4.96135,52.36692],[4.96153,52.36705],[4.96176,52.36727],[4.96189,52.36742],[4.96201,52.36757],[4.96211,52.36773],[4.96219,52.36789],[4.96225,52.36806],[4.9623,52.36823],[4.96234,52.36849],[4.96238,52.36949],[4.96238,52.37004],[4.96236,52.37043],[4.96238,52.37071],[4.96235,52.37205],[4.95719,52.37312],[4.95648,52.37324],[4.95576,52.37334]]]}},{"type":"Feature","properties":{"name":"Baaibuurt-Oost","wijk":"Zeeburgereiland/Bovendiep","stadsdeel":"Oost","pop":685},"geometry":{"type":"Polygon","coordinates":[[[4.96135,52.36692],[4.97203,52.36261],[4.97664,52.36514],[4.97578,52.3656],[4.96955,52.36897],[4.96798,52.3698],[4.96562,52.37105],[4.96523,52.37122],[4.96496,52.37134],[4.96441,52.37154],[4.96383,52.37172],[4.96323,52.37187],[4.96235,52.37205],[4.96238,52.37071],[4.96236,52.37043],[4.96238,52.37004],[4.96238,52.36949],[4.96234,52.36849],[4.9623,52.36823],[4.96225,52.36806],[4.96219,52.36789],[4.96211,52.36773],[4.96201,52.36757],[4.96189,52.36742],[4.96176,52.36727],[4.96153,52.36705],[4.96135,52.36692]]]}},{"type":"Feature","properties":{"name":"Bovendiep/Diemerpark","wijk":"Zeeburgereiland/Bovendiep","stadsdeel":"Oost","pop":65},"geometry":{"type":"Polygon","coordinates":[[[4.95731,52.3659],[4.95752,52.36499],[4.96131,52.35913],[4.9623,52.35839],[4.96454,52.35747],[4.96681,52.35692],[4.96972,52.35636],[4.9696,52.3561],[4.97019,52.35599],[4.97022,52.35605],[4.97043,52.35601],[4.9704,52.35596],[4.97111,52.35582],[4.97151,52.35573],[4.97218,52.35555],[4.97248,52.35546],[4.9728,52.35535],[4.97319,52.35522],[4.97346,52.35511],[4.97388,52.35495],[4.97416,52.35483],[4.97449,52.35467],[4.97481,52.35451],[4.97553,52.35412],[4.97603,52.35385],[4.97707,52.3533],[4.98274,52.35028],[4.99162,52.34556],[4.99373,52.34442],[4.99382,52.34439],[4.99394,52.34435],[4.99402,52.34432],[4.99413,52.34426],[4.99533,52.34362],[4.99805,52.34216],[4.99827,52.34205],[4.99907,52.34168],[4.99932,52.34154],[4.99955,52.34172],[4.99962,52.34177],[4.99972,52.34184],[4.99983,52.3419],[4.99991,52.34193],[5.00017,52.34204],[5.00031,52.34209],[5.00051,52.34215],[5.00062,52.34218],[5.00077,52.34222],[5.00136,52.34232],[5.00155,52.34235],[5.00183,52.34239],[5.00212,52.34243],[5.00251,52.34246],[5.00378,52.34255],[5.004,52.34257],[5.00417,52.34258],[5.00433,52.34258],[5.00445,52.34258],[5.00461,52.34257],[5.00472,52.34256],[5.00508,52.34252],[5.00532,52.34249],[5.00548,52.34246],[5.00571,52.34242],[5.00613,52.34232],[5.00668,52.34219],[5.00696,52.34213],[5.00719,52.34209],[5.0075,52.34202],[5.00772,52.34197],[5.00802,52.34189],[5.00817,52.34186],[5.00825,52.34185],[5.00833,52.34184],[5.00841,52.34184],[5.00853,52.34184],[5.00862,52.34184],[5.00874,52.34184],[5.0089,52.34186],[5.00902,52.34188],[5.00917,52.34191],[5.00931,52.34194],[5.00944,52.34198],[5.00953,52.342],[5.0097,52.34207],[5.01022,52.34228],[5.01052,52.34242],[5.01067,52.34249],[5.01106,52.3427],[5.01129,52.34283],[5.0115,52.34297],[5.01166,52.34308],[5.0118,52.34319],[5.01197,52.34334],[5.01203,52.34339],[5.01211,52.34348],[5.01219,52.3436],[5.01225,52.34369],[5.01226,52.34371],[5.01222,52.34372],[5.01228,52.34385],[5.01231,52.34384],[5.01236,52.34398],[5.01238,52.34431],[5.01285,52.34484],[5.00904,52.34428],[5.00872,52.34422],[5.00841,52.34413],[5.0079,52.34399],[5.00773,52.34396],[5.00756,52.34394],[5.00559,52.34381],[5.00538,52.34382],[5.00517,52.34385],[5.00497,52.3439],[5.00478,52.34396],[5.00401,52.34429],[5.00387,52.34434],[5.00374,52.34437],[5.00279,52.34453],[5.00265,52.34456],[5.00254,52.34459],[4.99964,52.34573],[4.99956,52.34578],[4.99932,52.34591],[4.99904,52.3461],[4.99884,52.34626],[4.9986,52.34647],[4.99836,52.34676],[4.9982,52.34704],[4.99808,52.34732],[4.99798,52.3476],[4.99794,52.3478],[4.9979,52.34799],[4.99788,52.34828],[4.9979,52.34867],[4.99803,52.34964],[4.99649,52.35021],[4.99596,52.35035],[4.99545,52.35053],[4.99497,52.35073],[4.99451,52.35095],[4.99157,52.35268],[4.98782,52.35499],[4.98689,52.35549],[4.98671,52.3556],[4.98656,52.35573],[4.98643,52.35586],[4.98635,52.35601],[4.98631,52.35611],[4.98628,52.35627],[4.98622,52.3576],[4.98618,52.35776],[4.98613,52.35787],[4.98607,52.35797],[4.98599,52.35807],[4.9859,52.35817],[4.98574,52.3583],[4.98562,52.35838],[4.98549,52.35846],[4.98453,52.35893],[4.98093,52.35815],[4.98077,52.35813],[4.98056,52.35811],[4.98034,52.35811],[4.98012,52.35813],[4.97996,52.35816],[4.9771,52.35859],[4.97693,52.35862],[4.97673,52.35867],[4.97646,52.35876],[4.97609,52.35892],[4.97593,52.35902],[4.97578,52.35912],[4.97568,52.35921],[4.9756,52.35931],[4.97479,52.36052],[4.97468,52.36065],[4.97441,52.36082],[4.97203,52.36261],[4.96135,52.36692],[4.9612,52.3668],[4.96059,52.36648],[4.96015,52.36631],[4.95974,52.36618],[4.95941,52.36612],[4.95898,52.36605],[4.95849,52.366],[4.95731,52.3659]]]}},{"type":"Feature","properties":{"name":"Steigereiland-Zuid","wijk":"IJburg-West","stadsdeel":"Oost","pop":2625},"geometry":{"type":"Polygon","coordinates":[[[4.97203,52.36261],[4.97441,52.36082],[4.97468,52.36065],[4.97479,52.36052],[4.9756,52.35931],[4.97568,52.35921],[4.97578,52.35912],[4.97593,52.35902],[4.97609,52.35892],[4.97646,52.35876],[4.97673,52.35867],[4.97693,52.35862],[4.9771,52.35859],[4.97996,52.35816],[4.98012,52.35813],[4.98034,52.35811],[4.98056,52.35811],[4.98077,52.35813],[4.98093,52.35815],[4.98453,52.35893],[4.98642,52.35997],[4.98566,52.36039],[4.97962,52.3636],[4.97906,52.36389],[4.97772,52.36456],[4.97664,52.36514],[4.97203,52.36261]]]}},{"type":"Feature","properties":{"name":"Steigereiland-Noord","wijk":"IJburg-West","stadsdeel":"Oost","pop":2200},"geometry":{"type":"Polygon","coordinates":[[[4.97664,52.36514],[4.97772,52.36456],[4.97906,52.36389],[4.97962,52.3636],[4.98566,52.36039],[4.98642,52.35997],[4.98661,52.36007],[4.99786,52.36662],[4.99645,52.36823],[4.99387,52.36824],[4.99141,52.36838],[4.98904,52.36867],[4.98654,52.36913],[4.9842,52.36973],[4.97664,52.36514]]]}},{"type":"Feature","properties":{"name":"Rieteilanden-West","wijk":"IJburg-West","stadsdeel":"Oost","pop":2750},"geometry":{"type":"Polygon","coordinates":[[[4.98453,52.35893],[4.98549,52.35846],[4.98562,52.35838],[4.98574,52.3583],[4.9859,52.35817],[4.98599,52.35807],[4.98607,52.35797],[4.98613,52.35787],[4.98618,52.35776],[4.98622,52.3576],[4.98628,52.35627],[4.98631,52.35611],[4.98635,52.35601],[4.98643,52.35586],[4.98656,52.35573],[4.98671,52.3556],[4.98689,52.35549],[4.98782,52.35499],[4.99157,52.35268],[4.99451,52.35095],[4.99497,52.35073],[4.99545,52.35053],[4.99596,52.35035],[4.99649,52.35021],[4.99803,52.34964],[4.99851,52.35073],[5.00075,52.3523],[4.99188,52.35702],[4.98827,52.35894],[4.98642,52.35997],[4.98453,52.35893]]]}},{"type":"Feature","properties":{"name":"Joris Ivenspleinbuurt","wijk":"IJburg-West","stadsdeel":"Oost","pop":2840},"geometry":{"type":"Polygon","coordinates":[[[4.98642,52.35997],[4.98827,52.35894],[4.99188,52.35702],[4.995,52.35916],[4.99606,52.35862],[5.00156,52.36238],[4.99786,52.36662],[4.98661,52.36007],[4.98642,52.35997]]]}},{"type":"Feature","properties":{"name":"Ed Pelsterparkbuurt","wijk":"IJburg-West","stadsdeel":"Oost","pop":5900},"geometry":{"type":"Polygon","coordinates":[[[4.99188,52.35702],[5.00075,52.3523],[5.00389,52.35451],[5.00536,52.35376],[5.00745,52.35563],[5.00156,52.36238],[4.99606,52.35862],[4.995,52.35916],[4.99188,52.35702]]]}},{"type":"Feature","properties":{"name":"Buiteneiland","wijk":"IJburg-Oost","stadsdeel":"Oost","pop":0},"geometry":{"type":"Polygon","coordinates":[[[4.99645,52.36823],[4.99786,52.36662],[5.00156,52.36238],[5.01902,52.36262],[5.03843,52.36362],[5.03796,52.37131],[5.03768,52.3754],[5.01444,52.36983],[4.99875,52.36836],[4.99645,52.36823]]]}},{"type":"Feature","properties":{"name":"Pampusbuurt-West","wijk":"IJburg-Oost","stadsdeel":"Oost","pop":0},"geometry":{"type":"Polygon","coordinates":[[[5.00156,52.36238],[5.00745,52.35563],[5.01378,52.35675],[5.01571,52.35457],[5.01988,52.3559],[5.01902,52.36262],[5.00156,52.36238]]]}},{"type":"Feature","properties":{"name":"Pampusbuurt-Oost","wijk":"IJburg-Oost","stadsdeel":"Oost","pop":0},"geometry":{"type":"Polygon","coordinates":[[[5.01902,52.36262],[5.01988,52.3559],[5.02495,52.35751],[5.02612,52.3576],[5.03877,52.35873],[5.03852,52.36212],[5.03843,52.36362],[5.01902,52.36262]]]}},{"type":"Feature","properties":{"name":"Centrumeiland","wijk":"IJburg-Oost","stadsdeel":"Oost","pop":620},"geometry":{"type":"Polygon","coordinates":[[[5.00745,52.35563],[5.00943,52.35335],[5.00998,52.35274],[5.01489,52.34717],[5.0159,52.34832],[5.02022,52.34949],[5.01571,52.35457],[5.01378,52.35675],[5.00745,52.35563]]]}},{"type":"Feature","properties":{"name":"Muidenbuurt-West","wijk":"IJburg-Oost","stadsdeel":"Oost","pop":0},"geometry":{"type":"Polygon","coordinates":[[[5.01571,52.35457],[5.02022,52.34949],[5.03088,52.35237],[5.02612,52.3576],[5.02495,52.35751],[5.01988,52.3559],[5.01571,52.35457]]]}},{"type":"Feature","properties":{"name":"Muidenbuurt-Oost","wijk":"IJburg-Oost","stadsdeel":"Oost","pop":null},"geometry":{"type":"Polygon","coordinates":[[[5.02612,52.3576],[5.03088,52.35237],[5.03906,52.35458],[5.03898,52.35584],[5.03877,52.35873],[5.02612,52.3576]]]}},{"type":"Feature","properties":{"name":"Havenkwartier IJburg","wijk":"IJburg-Zuid","stadsdeel":"Oost","pop":1830},"geometry":{"type":"Polygon","coordinates":[[[5.00075,52.3523],[5.00349,52.35084],[5.00998,52.35274],[5.00943,52.35335],[5.00745,52.35563],[5.00536,52.35376],[5.00389,52.35451],[5.00075,52.3523]]]}},{"type":"Feature","properties":{"name":"Theo van Goghparkbuurt","wijk":"IJburg-Zuid","stadsdeel":"Oost","pop":6055},"geometry":{"type":"Polygon","coordinates":[[[4.99803,52.34964],[4.99957,52.34908],[5.00491,52.34668],[5.00534,52.34646],[5.0057,52.34626],[5.00757,52.34511],[5.0077,52.34501],[5.0078,52.34493],[5.0079,52.34482],[5.00841,52.34413],[5.00872,52.34422],[5.00904,52.34428],[5.01285,52.34484],[5.01489,52.34717],[5.00998,52.35274],[5.00349,52.35084],[5.00075,52.3523],[4.99851,52.35073],[4.99803,52.34964]]]}},{"type":"Feature","properties":{"name":"Rieteiland-Oost","wijk":"IJburg-Zuid","stadsdeel":"Oost","pop":330},"geometry":{"type":"Polygon","coordinates":[[[4.99803,52.34964],[4.9979,52.34867],[4.99788,52.34828],[4.9979,52.34799],[4.99794,52.3478],[4.99798,52.3476],[4.99808,52.34732],[4.9982,52.34704],[4.99836,52.34676],[4.9986,52.34647],[4.99884,52.34626],[4.99904,52.3461],[4.99932,52.34591],[4.99956,52.34578],[4.99964,52.34573],[5.00254,52.34459],[5.00265,52.34456],[5.00279,52.34453],[5.00374,52.34437],[5.00387,52.34434],[5.00401,52.34429],[5.00478,52.34396],[5.00497,52.3439],[5.00517,52.34385],[5.00538,52.34382],[5.00559,52.34381],[5.00756,52.34394],[5.00773,52.34396],[5.0079,52.34399],[5.00841,52.34413],[5.0079,52.34482],[5.0078,52.34493],[5.0077,52.34501],[5.00757,52.34511],[5.0057,52.34626],[5.00534,52.34646],[5.00491,52.34668],[4.99957,52.34908],[4.99803,52.34964]]]}},{"type":"Feature","properties":{"name":"Van der Kunbuurt","wijk":"Frankendael","stadsdeel":"Oost","pop":625},"geometry":{"type":"Polygon","coordinates":[[[4.91223,52.34812],[4.91271,52.34734],[4.91316,52.34576],[4.91319,52.34561],[4.91741,52.34651],[4.91661,52.34788],[4.91627,52.34841],[4.91604,52.34874],[4.9158,52.34906],[4.91541,52.34954],[4.91223,52.34812]]]}},{"type":"Feature","properties":{"name":"De Eenhoorn","wijk":"Frankendael","stadsdeel":"Oost","pop":3295},"geometry":{"type":"Polygon","coordinates":[[[4.91541,52.34954],[4.9158,52.34906],[4.91604,52.34874],[4.91627,52.34841],[4.91661,52.34788],[4.92238,52.34869],[4.92268,52.34871],[4.92299,52.34872],[4.92329,52.34871],[4.92374,52.34867],[4.92505,52.35009],[4.92228,52.35181],[4.92187,52.35212],[4.92162,52.35233],[4.9165,52.35003],[4.91541,52.34954]]]}},{"type":"Feature","properties":{"name":"Don Bosco","wijk":"Frankendael","stadsdeel":"Oost","pop":2155},"geometry":{"type":"Polygon","coordinates":[[[4.92162,52.35233],[4.92187,52.35212],[4.92228,52.35181],[4.92505,52.35009],[4.92517,52.35021],[4.92814,52.352],[4.92837,52.35215],[4.92874,52.35242],[4.92906,52.3527],[4.92964,52.35318],[4.93056,52.35375],[4.92968,52.35431],[4.92855,52.35506],[4.92823,52.35534],[4.92693,52.35473],[4.92162,52.35233]]]}},{"type":"Feature","properties":{"name":"Julianapark","wijk":"Frankendael","stadsdeel":"Oost","pop":1050},"geometry":{"type":"Polygon","coordinates":[[[4.91661,52.34788],[4.91741,52.34651],[4.91848,52.34468],[4.91889,52.34378],[4.91923,52.34363],[4.9193,52.34361],[4.91937,52.3436],[4.91944,52.34361],[4.9195,52.34363],[4.91958,52.34366],[4.9194,52.34398],[4.91916,52.3447],[4.91914,52.34486],[4.91917,52.34503],[4.91923,52.34517],[4.91927,52.34524],[4.91954,52.34559],[4.92012,52.34573],[4.92045,52.3458],[4.92077,52.34584],[4.92132,52.34589],[4.92529,52.34593],[4.92557,52.34594],[4.92581,52.34594],[4.92599,52.34597],[4.92625,52.34602],[4.92651,52.34609],[4.92682,52.34621],[4.92749,52.34657],[4.92516,52.34816],[4.9248,52.34835],[4.92449,52.34847],[4.92419,52.34857],[4.92374,52.34867],[4.92329,52.34871],[4.92299,52.34872],[4.92268,52.34871],[4.92238,52.34869],[4.91661,52.34788]]]}},{"type":"Feature","properties":{"name":"Frankendael","wijk":"Frankendael","stadsdeel":"Oost","pop":15},"geometry":{"type":"Polygon","coordinates":[[[4.92374,52.34867],[4.92419,52.34857],[4.92449,52.34847],[4.9248,52.34835],[4.92516,52.34816],[4.92749,52.34657],[4.93486,52.35069],[4.93518,52.35088],[4.93478,52.35114],[4.93324,52.35206],[4.93056,52.35375],[4.92964,52.35318],[4.92906,52.3527],[4.92874,52.35242],[4.92837,52.35215],[4.92814,52.352],[4.92517,52.35021],[4.92505,52.35009],[4.92374,52.34867]]]}},{"type":"Feature","properties":{"name":"Tuindorp Amstelstation","wijk":"Frankendael","stadsdeel":"Oost","pop":830},"geometry":{"type":"Polygon","coordinates":[[[4.92557,52.34594],[4.92529,52.34593],[4.92132,52.34589],[4.92077,52.34584],[4.92045,52.3458],[4.92012,52.34573],[4.91954,52.34559],[4.91927,52.34524],[4.91923,52.34517],[4.91917,52.34503],[4.91914,52.34486],[4.91916,52.3447],[4.9194,52.34398],[4.91958,52.34366],[4.91978,52.34356],[4.91991,52.34343],[4.92008,52.3433],[4.92019,52.34322],[4.92045,52.34309],[4.92047,52.34305],[4.92047,52.34277],[4.92061,52.34275],[4.92075,52.34272],[4.9213,52.3425],[4.92607,52.34536],[4.92558,52.34566],[4.92557,52.34594]]]}},{"type":"Feature","properties":{"name":"De Wetbuurt","wijk":"Frankendael","stadsdeel":"Oost","pop":1820},"geometry":{"type":"Polygon","coordinates":[[[4.9213,52.3425],[4.92714,52.33981],[4.93263,52.34309],[4.92749,52.34657],[4.92682,52.34621],[4.92651,52.34609],[4.92625,52.34602],[4.92599,52.34597],[4.92581,52.34594],[4.92557,52.34594],[4.92558,52.34566],[4.92607,52.34536],[4.9213,52.3425]]]}},{"type":"Feature","properties":{"name":"Tuindorp Frankendael","wijk":"Frankendael","stadsdeel":"Oost","pop":2770},"geometry":{"type":"Polygon","coordinates":[[[4.92749,52.34657],[4.93263,52.34309],[4.93298,52.34328],[4.93332,52.34335],[4.93331,52.34344],[4.93334,52.34354],[4.9334,52.34363],[4.93349,52.34371],[4.94019,52.34778],[4.93987,52.34798],[4.93911,52.34844],[4.9375,52.34943],[4.9355,52.35067],[4.93518,52.35088],[4.93486,52.35069],[4.92749,52.34657]]]}},{"type":"Feature","properties":{"name":"Linnaeusparkbuurt","wijk":"Middenmeer","stadsdeel":"Oost","pop":2650},"geometry":{"type":"Polygon","coordinates":[[[4.92823,52.35534],[4.92855,52.35506],[4.92968,52.35431],[4.93056,52.35375],[4.93324,52.35206],[4.93478,52.35114],[4.93518,52.35088],[4.93721,52.35208],[4.9368,52.35234],[4.93269,52.35495],[4.93635,52.35709],[4.93642,52.35711],[4.93649,52.35713],[4.93658,52.35713],[4.93664,52.35713],[4.93675,52.3571],[4.93705,52.35697],[4.93764,52.35749],[4.93715,52.35769],[4.93702,52.35758],[4.93663,52.35753],[4.93324,52.35682],[4.92988,52.35607],[4.92823,52.35534]]]}},{"type":"Feature","properties":{"name":"Middenmeer-Noord","wijk":"Middenmeer","stadsdeel":"Oost","pop":2860},"geometry":{"type":"Polygon","coordinates":[[[4.93705,52.35697],[4.93675,52.3571],[4.93664,52.35713],[4.93658,52.35713],[4.93649,52.35713],[4.93642,52.35711],[4.93635,52.35709],[4.93269,52.35495],[4.9368,52.35234],[4.94104,52.35484],[4.94072,52.35505],[4.94189,52.35574],[4.93971,52.35666],[4.93858,52.3571],[4.93764,52.35749],[4.93705,52.35697]]]}},{"type":"Feature","properties":{"name":"Middenmeer-Zuid","wijk":"Middenmeer","stadsdeel":"Oost","pop":5070},"geometry":{"type":"Polygon","coordinates":[[[4.93518,52.35088],[4.9355,52.35067],[4.9375,52.34943],[4.93911,52.34844],[4.93987,52.34798],[4.94019,52.34778],[4.94431,52.35024],[4.94635,52.35145],[4.94692,52.35181],[4.94772,52.35226],[4.94861,52.35272],[4.9488,52.35283],[4.9477,52.35331],[4.94758,52.35338],[4.94189,52.35574],[4.94072,52.35505],[4.94104,52.35484],[4.9368,52.35234],[4.93721,52.35208],[4.93518,52.35088]]]}},{"type":"Feature","properties":{"name":"Science Park-Noord","wijk":"Middenmeer","stadsdeel":"Oost","pop":2670},"geometry":{"type":"Polygon","coordinates":[[[4.93715,52.35769],[4.93764,52.35749],[4.93858,52.3571],[4.93971,52.35666],[4.94189,52.35574],[4.94758,52.35338],[4.9477,52.35331],[4.9488,52.35283],[4.95048,52.35384],[4.95142,52.35444],[4.95647,52.35746],[4.9565,52.35779],[4.95294,52.35791],[4.94468,52.35826],[4.94115,52.35841],[4.94095,52.35841],[4.94071,52.35841],[4.94046,52.35838],[4.9378,52.35779],[4.93743,52.35774],[4.93715,52.35769]]]}},{"type":"Feature","properties":{"name":"Science Park-Zuid","wijk":"Middenmeer","stadsdeel":"Oost","pop":310},"geometry":{"type":"Polygon","coordinates":[[[4.9488,52.35283],[4.94962,52.35248],[4.95535,52.35007],[4.96043,52.34794],[4.96137,52.34885],[4.96254,52.35037],[4.96496,52.35328],[4.96583,52.3547],[4.96606,52.35439],[4.96624,52.35416],[4.96626,52.35419],[4.96629,52.35421],[4.96636,52.35424],[4.96653,52.35428],[4.96661,52.35431],[4.96685,52.35439],[4.96742,52.35462],[4.96773,52.35474],[4.96792,52.35481],[4.96808,52.35486],[4.96831,52.35493],[4.96874,52.35509],[4.96888,52.35515],[4.96912,52.35528],[4.96923,52.35533],[4.9694,52.35542],[4.96953,52.3555],[4.9695,52.35558],[4.96932,52.35561],[4.96933,52.35564],[4.96937,52.35564],[4.9696,52.3561],[4.96972,52.35636],[4.96681,52.35692],[4.96454,52.35747],[4.9623,52.35839],[4.96131,52.35913],[4.95945,52.35823],[4.95919,52.35801],[4.95909,52.35794],[4.95893,52.35787],[4.95874,52.35783],[4.95854,52.35779],[4.95709,52.35777],[4.9565,52.35779],[4.95647,52.35746],[4.95142,52.35444],[4.95048,52.35384],[4.9488,52.35283]]]}},{"type":"Feature","properties":{"name":"Sportpark Middenmeer-Zuid","wijk":"Middenmeer","stadsdeel":"Oost","pop":310},"geometry":{"type":"Polygon","coordinates":[[[4.94019,52.34778],[4.94152,52.34693],[4.94297,52.34602],[4.94448,52.34509],[4.94531,52.34455],[4.94564,52.34434],[4.94989,52.34688],[4.95003,52.34699],[4.94985,52.3471],[4.94968,52.34718],[4.94954,52.34723],[4.94904,52.34734],[4.94892,52.34738],[4.94881,52.34743],[4.94853,52.34759],[4.94735,52.34834],[4.94431,52.35024],[4.94019,52.34778]]]}},{"type":"Feature","properties":{"name":"Sportpark Middenmeer-Noord","wijk":"Middenmeer","stadsdeel":"Oost","pop":275},"geometry":{"type":"Polygon","coordinates":[[[4.94431,52.35024],[4.94735,52.34834],[4.94853,52.34759],[4.94881,52.34743],[4.94892,52.34738],[4.94904,52.34734],[4.94954,52.34723],[4.94968,52.34718],[4.94985,52.3471],[4.95003,52.34699],[4.95228,52.34831],[4.95252,52.34837],[4.95325,52.3488],[4.95399,52.34921],[4.95465,52.34962],[4.95517,52.34992],[4.95535,52.35007],[4.94962,52.35248],[4.9488,52.35283],[4.94861,52.35272],[4.94772,52.35226],[4.94692,52.35181],[4.94635,52.35145],[4.94431,52.35024]]]}},{"type":"Feature","properties":{"name":"Park de Meer","wijk":"Middenmeer","stadsdeel":"Oost","pop":1565},"geometry":{"type":"Polygon","coordinates":[[[4.94564,52.34434],[4.94604,52.34409],[4.94677,52.34369],[4.94871,52.34248],[4.9503,52.34147],[4.95192,52.34057],[4.95252,52.34026],[4.95273,52.34016],[4.95306,52.34037],[4.95384,52.34106],[4.95502,52.34233],[4.95627,52.34359],[4.95486,52.34401],[4.95476,52.34404],[4.95466,52.34409],[4.95404,52.34453],[4.9536,52.34482],[4.95298,52.34515],[4.95033,52.34681],[4.95003,52.34699],[4.94989,52.34688],[4.94564,52.34434]]]}},{"type":"Feature","properties":{"name":"Sportpark Voorland","wijk":"Middenmeer","stadsdeel":"Oost","pop":0},"geometry":{"type":"Polygon","coordinates":[[[4.95003,52.34699],[4.95033,52.34681],[4.95298,52.34515],[4.9536,52.34482],[4.95404,52.34453],[4.95466,52.34409],[4.95476,52.34404],[4.95486,52.34401],[4.95627,52.34359],[4.95656,52.34388],[4.95701,52.34435],[4.95808,52.34534],[4.9597,52.34693],[4.95988,52.34722],[4.95993,52.34745],[4.96043,52.34794],[4.95535,52.35007],[4.95517,52.34992],[4.95465,52.34962],[4.95399,52.34921],[4.95325,52.3488],[4.95252,52.34837],[4.95228,52.34831],[4.95003,52.34699]]]}},{"type":"Feature","properties":{"name":"Drieburg","wijk":"Betondorp","stadsdeel":"Oost","pop":0},"geometry":{"type":"Polygon","coordinates":[[[4.92714,52.33981],[4.92863,52.33913],[4.92885,52.33905],[4.92914,52.33897],[4.9426,52.33652],[4.94301,52.33658],[4.94066,52.33776],[4.9398,52.33821],[4.9396,52.33837],[4.9378,52.33955],[4.93263,52.34309],[4.92714,52.33981]]]}},{"type":"Feature","properties":{"name":"Nieuwe Oosterbegraafplaats","wijk":"Betondorp","stadsdeel":"Oost","pop":5},"geometry":{"type":"Polygon","coordinates":[[[4.93263,52.34309],[4.9378,52.33955],[4.93983,52.34074],[4.94043,52.34103],[4.94058,52.34122],[4.94294,52.34264],[4.94364,52.34278],[4.94389,52.34371],[4.94531,52.34455],[4.94448,52.34509],[4.94297,52.34602],[4.94152,52.34693],[4.94019,52.34778],[4.93349,52.34371],[4.9334,52.34363],[4.93334,52.34354],[4.93331,52.34344],[4.93332,52.34335],[4.93298,52.34328],[4.93263,52.34309]]]}},{"type":"Feature","properties":{"name":"Betondorp","wijk":"Betondorp","stadsdeel":"Oost","pop":3075},"geometry":{"type":"Polygon","coordinates":[[[4.9378,52.33955],[4.9396,52.33837],[4.9398,52.33821],[4.94066,52.33776],[4.94301,52.33658],[4.94313,52.33659],[4.94349,52.33667],[4.9438,52.33671],[4.94375,52.33674],[4.94394,52.33679],[4.94399,52.33682],[4.94421,52.33689],[4.94505,52.33715],[4.94596,52.33742],[4.94657,52.3376],[4.94677,52.33766],[4.94688,52.33769],[4.94703,52.3377],[4.94792,52.33792],[4.94835,52.33803],[4.94865,52.33813],[4.94867,52.33813],[4.94909,52.33825],[4.94935,52.33833],[4.94955,52.33838],[4.94953,52.33841],[4.94958,52.33844],[4.94986,52.33853],[4.9497,52.33873],[4.95058,52.33907],[4.95189,52.33967],[4.95238,52.33993],[4.95273,52.34016],[4.95252,52.34026],[4.95192,52.34057],[4.9503,52.34147],[4.94871,52.34248],[4.94677,52.34369],[4.94604,52.34409],[4.94564,52.34434],[4.94531,52.34455],[4.94389,52.34371],[4.94364,52.34278],[4.94294,52.34264],[4.94058,52.34122],[4.94043,52.34103],[4.93983,52.34074],[4.9378,52.33955]]]}},{"type":"Feature","properties":{"name":"De Omval","wijk":"Omval/Overamstel","stadsdeel":"Oost","pop":720},"geometry":{"type":"Polygon","coordinates":[[[4.91319,52.34561],[4.91329,52.34515],[4.91344,52.3447],[4.91386,52.34388],[4.91414,52.34353],[4.91486,52.34264],[4.91495,52.34243],[4.91499,52.34215],[4.91497,52.34186],[4.91946,52.34258],[4.9197,52.34262],[4.92028,52.34275],[4.92036,52.34276],[4.92047,52.34277],[4.92047,52.34305],[4.92045,52.34309],[4.92019,52.34322],[4.92008,52.3433],[4.91991,52.34343],[4.91978,52.34356],[4.91958,52.34366],[4.9195,52.34363],[4.91944,52.34361],[4.91937,52.3436],[4.9193,52.34361],[4.91923,52.34363],[4.91889,52.34378],[4.91848,52.34468],[4.91741,52.34651],[4.91319,52.34561]]]}},{"type":"Feature","properties":{"name":"Overamstel","wijk":"Omval/Overamstel","stadsdeel":"Oost","pop":50},"geometry":{"type":"Polygon","coordinates":[[[4.89862,52.33263],[4.89853,52.33247],[4.89848,52.33228],[4.89848,52.33208],[4.89849,52.33196],[4.89888,52.33111],[4.89901,52.33071],[4.89907,52.33044],[4.89908,52.3302],[4.89903,52.33],[4.89891,52.32977],[4.89877,52.32956],[4.89825,52.32897],[4.89784,52.32857],[4.89732,52.32802],[4.89714,52.32778],[4.897,52.32756],[4.89686,52.32727],[4.89668,52.32685],[4.89656,52.32652],[4.89644,52.3263],[4.89584,52.3252],[4.89531,52.32434],[4.89525,52.3242],[4.89523,52.32408],[4.89526,52.32383],[4.89538,52.3235],[4.89547,52.32332],[4.89576,52.32287],[4.89591,52.3227],[4.89609,52.32256],[4.8963,52.32242],[4.89641,52.32232],[4.89715,52.3219],[4.89828,52.32165],[4.89935,52.32155],[4.9002,52.32155],[4.90093,52.32157],[4.90161,52.32153],[4.9021,52.32145],[4.90254,52.32133],[4.90298,52.32115],[4.9041,52.32065],[4.90471,52.3204],[4.90552,52.32015],[4.90784,52.31951],[4.90905,52.31883],[4.90914,52.31825],[4.91056,52.31827],[4.91065,52.31828],[4.91075,52.31828],[4.91112,52.31827],[4.91154,52.31827],[4.91187,52.31826],[4.91218,52.31825],[4.91238,52.31825],[4.91301,52.31894],[4.91334,52.31929],[4.91348,52.31947],[4.91354,52.31956],[4.91429,52.32041],[4.9127,52.32106],[4.91261,52.32111],[4.91256,52.32114],[4.91254,52.32118],[4.91255,52.32122],[4.91249,52.32126],[4.91233,52.32132],[4.91124,52.32173],[4.91081,52.32188],[4.91078,52.32189],[4.91073,52.32192],[4.91076,52.32199],[4.91084,52.32207],[4.91112,52.3225],[4.91133,52.32283],[4.91135,52.3229],[4.91123,52.32301],[4.91078,52.32331],[4.91052,52.32347],[4.91034,52.32357],[4.91095,52.32402],[4.9111,52.3241],[4.91129,52.32416],[4.91159,52.32421],[4.91213,52.32426],[4.9128,52.32437],[4.91389,52.32455],[4.91365,52.32599],[4.91327,52.3284],[4.91247,52.32843],[4.91194,52.32846],[4.91141,52.3285],[4.91049,52.3286],[4.90976,52.3287],[4.90904,52.32882],[4.90839,52.32894],[4.90797,52.32903],[4.90727,52.3292],[4.90693,52.32929],[4.90625,52.32949],[4.90558,52.3297],[4.90493,52.32993],[4.9043,52.33018],[4.90369,52.33044],[4.90232,52.33107],[4.90005,52.33216],[4.89937,52.3325],[4.89876,52.33279],[4.89862,52.33263]]]}},{"type":"Feature","properties":{"name":"Amstelglorie","wijk":"Omval/Overamstel","stadsdeel":"Oost","pop":75},"geometry":{"type":"Polygon","coordinates":[[[4.89876,52.33279],[4.89937,52.3325],[4.90005,52.33216],[4.90232,52.33107],[4.90369,52.33044],[4.9043,52.33018],[4.90493,52.32993],[4.90558,52.3297],[4.90625,52.32949],[4.90693,52.32929],[4.90727,52.3292],[4.90797,52.32903],[4.90839,52.32894],[4.90904,52.32882],[4.90976,52.3287],[4.91049,52.3286],[4.91141,52.3285],[4.91194,52.32846],[4.91247,52.32843],[4.91327,52.3284],[4.91294,52.33051],[4.91247,52.33047],[4.91229,52.3318],[4.91226,52.33185],[4.9122,52.3319],[4.91211,52.33195],[4.91199,52.33199],[4.91187,52.33201],[4.91186,52.33206],[4.91181,52.33263],[4.91195,52.33268],[4.91202,52.33272],[4.91209,52.33277],[4.91212,52.33282],[4.91213,52.33287],[4.91179,52.33478],[4.91111,52.33608],[4.91076,52.33638],[4.90978,52.33681],[4.90748,52.33796],[4.90741,52.33792],[4.90731,52.33782],[4.90724,52.33772],[4.90719,52.33762],[4.9069,52.33641],[4.90686,52.33616],[4.9068,52.33596],[4.90675,52.33586],[4.90663,52.33565],[4.90649,52.33547],[4.90635,52.33533],[4.90617,52.33512],[4.90578,52.33472],[4.90555,52.33449],[4.90526,52.33423],[4.90478,52.33385],[4.90455,52.3337],[4.90426,52.33357],[4.90394,52.33348],[4.90355,52.33343],[4.90285,52.33338],[4.90248,52.33337],[4.9022,52.33337],[4.90116,52.33344],[4.9006,52.33342],[4.9002,52.33338],[4.89983,52.33331],[4.89964,52.33326],[4.89947,52.33322],[4.8993,52.33315],[4.89912,52.33307],[4.89898,52.33298],[4.89884,52.33288],[4.89876,52.33279]]]}},{"type":"Feature","properties":{"name":"Amstelkwartier-West","wijk":"Omval/Overamstel","stadsdeel":"Oost","pop":900},"geometry":{"type":"Polygon","coordinates":[[[4.90748,52.33796],[4.90978,52.33681],[4.91076,52.33638],[4.91111,52.33608],[4.91179,52.33478],[4.91213,52.33287],[4.91212,52.33282],[4.91209,52.33277],[4.91202,52.33272],[4.91195,52.33268],[4.91181,52.33263],[4.91186,52.33206],[4.91187,52.33201],[4.91199,52.33199],[4.91211,52.33195],[4.9122,52.3319],[4.91226,52.33185],[4.91229,52.3318],[4.91247,52.33047],[4.91294,52.33051],[4.91339,52.33056],[4.91382,52.33062],[4.91418,52.33068],[4.91457,52.33076],[4.91691,52.33137],[4.91749,52.33154],[4.91705,52.33208],[4.91521,52.33467],[4.9118,52.33946],[4.91118,52.33931],[4.91072,52.33921],[4.91007,52.33904],[4.90942,52.33877],[4.90927,52.33871],[4.90796,52.33822],[4.90775,52.33812],[4.90748,52.33796]]]}},{"type":"Feature","properties":{"name":"Amstelkwartier-Noord","wijk":"Omval/Overamstel","stadsdeel":"Oost","pop":2775},"geometry":{"type":"Polygon","coordinates":[[[4.9118,52.33946],[4.91521,52.33467],[4.91955,52.3358],[4.91936,52.33604],[4.9202,52.33627],[4.92029,52.33643],[4.91949,52.3367],[4.92026,52.33762],[4.92217,52.3383],[4.92201,52.33846],[4.92087,52.34018],[4.91998,52.34163],[4.91958,52.34232],[4.91946,52.34258],[4.91497,52.34186],[4.91487,52.3416],[4.91468,52.34134],[4.91438,52.34094],[4.91405,52.34058],[4.9136,52.34028],[4.91319,52.34003],[4.91262,52.33973],[4.91202,52.33952],[4.9118,52.33946]]]}},{"type":"Feature","properties":{"name":"Amstelkwartier-Zuid","wijk":"Omval/Overamstel","stadsdeel":"Oost","pop":75},"geometry":{"type":"Polygon","coordinates":[[[4.91521,52.33467],[4.91705,52.33208],[4.91749,52.33154],[4.9196,52.33217],[4.92038,52.33236],[4.92168,52.33276],[4.92255,52.33309],[4.92244,52.33322],[4.92262,52.33333],[4.9228,52.33346],[4.92298,52.33362],[4.92316,52.33379],[4.92329,52.33394],[4.92341,52.33409],[4.92352,52.33426],[4.9236,52.33442],[4.92368,52.33463],[4.92373,52.33481],[4.92376,52.33496],[4.92377,52.33527],[4.92377,52.33544],[4.92453,52.33541],[4.9248,52.33539],[4.92495,52.33538],[4.92217,52.3383],[4.92026,52.33762],[4.91949,52.3367],[4.92029,52.33643],[4.9202,52.33627],[4.91936,52.33604],[4.91955,52.3358],[4.91521,52.33467]]]}},{"type":"Feature","properties":{"name":"Weespertrekvaart","wijk":"Omval/Overamstel","stadsdeel":"Oost","pop":970},"geometry":{"type":"Polygon","coordinates":[[[4.91946,52.34258],[4.91958,52.34232],[4.91998,52.34163],[4.92087,52.34018],[4.92201,52.33846],[4.92217,52.3383],[4.92495,52.33538],[4.92523,52.33538],[4.9255,52.33538],[4.92578,52.33537],[4.92695,52.33578],[4.92677,52.33597],[4.9285,52.33656],[4.93422,52.3355],[4.93563,52.33552],[4.93651,52.33459],[4.93734,52.33487],[4.93771,52.335],[4.93792,52.33509],[4.93815,52.33524],[4.93833,52.33529],[4.9385,52.33531],[4.93883,52.3354],[4.93903,52.33547],[4.9394,52.33557],[4.93953,52.33559],[4.93968,52.33561],[4.93996,52.33562],[4.94037,52.33561],[4.94171,52.33553],[4.94172,52.33604],[4.94171,52.33617],[4.94172,52.33641],[4.9426,52.33652],[4.92914,52.33897],[4.92885,52.33905],[4.92863,52.33913],[4.92714,52.33981],[4.9213,52.3425],[4.92075,52.34272],[4.92061,52.34275],[4.92047,52.34277],[4.92036,52.34276],[4.92028,52.34275],[4.9197,52.34262],[4.91946,52.34258]]]}},{"type":"Feature","properties":{"name":"Noorder IJplas","wijk":"Oostzanerwerf","stadsdeel":"Noord","pop":140},"geometry":{"type":"Polygon","coordinates":[[[4.85572,52.41632],[4.86088,52.4149],[4.86363,52.4139],[4.86777,52.41827],[4.86842,52.41896],[4.8689,52.41942],[4.86939,52.41983],[4.86968,52.42006],[4.86999,52.42028],[4.87069,52.4207],[4.87155,52.42117],[4.87215,52.42148],[4.87313,52.42193],[4.87342,52.42208],[4.87379,52.4223],[4.87403,52.42248],[4.87433,52.42274],[4.87459,52.42301],[4.87503,52.42357],[4.87544,52.42414],[4.87583,52.42475],[4.87619,52.42538],[4.87656,52.42611],[4.87658,52.42623],[4.87662,52.42624],[4.87654,52.42627],[4.87624,52.4264],[4.87597,52.42655],[4.87572,52.42671],[4.87548,52.42688],[4.87525,52.42706],[4.87473,52.42753],[4.87448,52.42774],[4.87423,52.42797],[4.87412,52.42796],[4.87377,52.42864],[4.87367,52.42884],[4.87355,52.42906],[4.87344,52.42929],[4.8734,52.42939],[4.87337,52.42945],[4.87334,52.42949],[4.87325,52.42954],[4.87305,52.42956],[4.87295,52.42956],[4.87274,52.42954],[4.87268,52.42961],[4.87265,52.42961],[4.87256,52.42968],[4.87245,52.42975],[4.87223,52.42986],[4.87211,52.42992],[4.87186,52.43001],[4.87173,52.43004],[4.87157,52.43008],[4.87143,52.43011],[4.8713,52.43013],[4.87097,52.43019],[4.87075,52.4304],[4.8706,52.43036],[4.87055,52.43033],[4.87028,52.43014],[4.87025,52.43012],[4.8702,52.43007],[4.87017,52.43005],[4.8701,52.43002],[4.86998,52.42999],[4.86994,52.42997],[4.8699,52.42993],[4.86987,52.42986],[4.86984,52.42983],[4.86981,52.42981],[4.8697,52.42975],[4.86897,52.43024],[4.86892,52.43026],[4.86875,52.43032],[4.86837,52.43042],[4.8682,52.43047],[4.86794,52.43052],[4.86779,52.43055],[4.867,52.43065],[4.86686,52.43066],[4.8667,52.43067],[4.86619,52.43066],[4.86598,52.43068],[4.86586,52.43067],[4.86558,52.43062],[4.86539,52.43057],[4.86526,52.43054],[4.86524,52.43054],[4.86518,52.43055],[4.86514,52.43054],[4.86502,52.43055],[4.86489,52.43051],[4.86421,52.43038],[4.86419,52.43027],[4.86397,52.43022],[4.86386,52.43019],[4.86286,52.42997],[4.86269,52.42994],[4.86281,52.42962],[4.86271,52.4296],[4.86274,52.42951],[4.86275,52.42944],[4.86275,52.42938],[4.86274,52.42932],[4.86271,52.4292],[4.86268,52.42911],[4.86263,52.42902],[4.86252,52.42885],[4.86246,52.42878],[4.8624,52.42872],[4.86128,52.42776],[4.86089,52.42743],[4.86057,52.42714],[4.8584,52.42526],[4.85825,52.42512],[4.85812,52.42498],[4.85803,52.42485],[4.85795,52.42472],[4.85791,52.42459],[4.85787,52.42448],[4.85782,52.42428],[4.85782,52.42418],[4.85782,52.42408],[4.85785,52.4239],[4.85787,52.42383],[4.85791,52.42373],[4.85799,52.42359],[4.85804,52.42352],[4.85821,52.42328],[4.85949,52.42161],[4.85967,52.42137],[4.85973,52.42128],[4.85981,52.42113],[4.85986,52.42099],[4.85989,52.42079],[4.85989,52.42069],[4.85988,52.42057],[4.85986,52.42048],[4.85984,52.42038],[4.85976,52.42018],[4.85964,52.41996],[4.85955,52.41984],[4.85947,52.41976],[4.85609,52.41666],[4.85572,52.41632]]]}},{"type":"Feature","properties":{"name":"Melkweg/Oostzanerwerf","wijk":"Oostzanerwerf","stadsdeel":"Noord","pop":80},"geometry":{"type":"Polygon","coordinates":[[[4.86777,52.41827],[4.8695,52.41766],[4.87015,52.41741],[4.87069,52.41717],[4.87269,52.41623],[4.87279,52.41619],[4.873,52.41612],[4.87323,52.41607],[4.87334,52.41605],[4.87346,52.41604],[4.8737,52.41603],[4.87382,52.41604],[4.87501,52.41613],[4.875,52.41623],[4.87499,52.41636],[4.87503,52.41654],[4.87794,52.41886],[4.87801,52.41891],[4.87815,52.41897],[4.87824,52.419],[4.8784,52.41902],[4.87927,52.41909],[4.88016,52.41979],[4.87998,52.41996],[4.88156,52.4204],[4.88346,52.42095],[4.88361,52.42098],[4.88234,52.42546],[4.88228,52.42557],[4.88215,52.42568],[4.88197,52.42577],[4.88172,52.42587],[4.88159,52.42593],[4.88152,52.42599],[4.88094,52.42586],[4.88066,52.4258],[4.88047,52.42577],[4.88033,52.42575],[4.88001,52.42572],[4.87964,52.42569],[4.87935,52.42569],[4.87913,52.42569],[4.879,52.4257],[4.87874,52.42571],[4.87838,52.42576],[4.87801,52.42582],[4.87767,52.42588],[4.87747,52.42593],[4.87716,52.42603],[4.87697,52.42609],[4.87668,52.42619],[4.87658,52.42623],[4.87656,52.42611],[4.87619,52.42538],[4.87583,52.42475],[4.87544,52.42414],[4.87503,52.42357],[4.87459,52.42301],[4.87433,52.42274],[4.87403,52.42248],[4.87379,52.4223],[4.87342,52.42208],[4.87313,52.42193],[4.87215,52.42148],[4.87155,52.42117],[4.87069,52.4207],[4.86999,52.42028],[4.86968,52.42006],[4.86939,52.41983],[4.8689,52.41942],[4.86842,52.41896],[4.86777,52.41827]]]}},{"type":"Feature","properties":{"name":"Walvisbuurt","wijk":"Oostzanerwerf","stadsdeel":"Noord","pop":1360},"geometry":{"type":"Polygon","coordinates":[[[4.88769,52.42559],[4.88758,52.42558],[4.88758,52.42557],[4.88705,52.42556],[4.88688,52.42556],[4.8868,52.42557],[4.88661,52.42559],[4.88655,52.42559],[4.88584,52.42561],[4.8853,52.42561],[4.88482,52.4256],[4.88443,52.42559],[4.88415,52.42558],[4.88354,52.42554],[4.88328,52.42552],[4.88305,52.42551],[4.88298,52.42551],[4.88297,52.42552],[4.88283,52.42565],[4.88273,52.42573],[4.88264,52.42579],[4.88254,52.42585],[4.88246,52.42589],[4.88237,52.42593],[4.88227,52.42596],[4.8822,52.42597],[4.88194,52.42601],[4.88188,52.42602],[4.88176,52.42602],[4.88167,52.42602],[4.88164,52.42601],[4.88152,52.42599],[4.88159,52.42593],[4.88172,52.42587],[4.88197,52.42577],[4.88215,52.42568],[4.88228,52.42557],[4.88234,52.42546],[4.88361,52.42098],[4.88436,52.42111],[4.88527,52.42125],[4.8879,52.4216],[4.88809,52.42162],[4.88848,52.42164],[4.88877,52.42164],[4.89012,52.42162],[4.89032,52.4216],[4.89049,52.42155],[4.8906,52.42149],[4.89068,52.42141],[4.89145,52.42048],[4.8915,52.42033],[4.89162,52.42021],[4.89195,52.42028],[4.89203,52.42017],[4.89194,52.42015],[4.89193,52.42011],[4.89194,52.42006],[4.89208,52.42008],[4.89244,52.41973],[4.89272,52.41949],[4.89264,52.41943],[4.89259,52.41936],[4.89254,52.41925],[4.89253,52.41918],[4.89255,52.41911],[4.89259,52.41903],[4.89264,52.41897],[4.89291,52.41872],[4.89323,52.41844],[4.89422,52.4178],[4.89431,52.41773],[4.89441,52.41763],[4.8945,52.41749],[4.89454,52.41734],[4.89454,52.41653],[4.89476,52.41641],[4.89514,52.41647],[4.89549,52.41649],[4.89583,52.41654],[4.89623,52.41657],[4.89639,52.41649],[4.89648,52.41647],[4.89656,52.41647],[4.89647,52.41659],[4.89633,52.41673],[4.8962,52.41684],[4.89599,52.417],[4.89586,52.41712],[4.89544,52.41761],[4.89419,52.41891],[4.89322,52.41983],[4.89219,52.42085],[4.89148,52.42163],[4.8891,52.4241],[4.88812,52.42518],[4.88769,52.42559]]]}},{"type":"Feature","properties":{"name":"Twiske-West","wijk":"Oostzanerwerf","stadsdeel":"Noord","pop":2535},"geometry":{"type":"Polygon","coordinates":[[[4.89875,52.42446],[4.89846,52.42451],[4.89839,52.42452],[4.89841,52.42458],[4.89835,52.42458],[4.89774,52.4247],[4.89738,52.42478],[4.89715,52.42481],[4.89687,52.42488],[4.89673,52.4249],[4.89654,52.42493],[4.89642,52.42494],[4.89624,52.42497],[4.896,52.42501],[4.89591,52.42503],[4.89575,52.42505],[4.89552,52.42509],[4.89537,52.4251],[4.89518,52.42513],[4.89508,52.42515],[4.8949,52.42517],[4.89479,52.42518],[4.89469,52.4252],[4.8944,52.42524],[4.89391,52.42529],[4.89375,52.42531],[4.89365,52.42532],[4.89354,52.42534],[4.89334,52.42535],[4.89317,52.42537],[4.89299,52.42539],[4.89247,52.42545],[4.8923,52.42546],[4.89222,52.42547],[4.89211,52.42547],[4.8917,52.42551],[4.89156,52.42552],[4.89136,52.42554],[4.89088,52.42557],[4.8901,52.42562],[4.8897,52.42563],[4.88948,52.42564],[4.88893,52.42564],[4.88831,52.42562],[4.88816,52.42562],[4.88769,52.42559],[4.88812,52.42518],[4.8891,52.4241],[4.89148,52.42163],[4.89219,52.42085],[4.89322,52.41983],[4.89419,52.41891],[4.89544,52.41761],[4.89586,52.41712],[4.89599,52.417],[4.8962,52.41684],[4.89633,52.41673],[4.89647,52.41659],[4.89656,52.41647],[4.89681,52.41647],[4.89754,52.41662],[4.89815,52.41679],[4.8982,52.41681],[4.89823,52.41684],[4.89825,52.41687],[4.8984,52.41767],[4.89845,52.4183],[4.8985,52.41863],[4.89849,52.41915],[4.89858,52.42057],[4.89857,52.42057],[4.89867,52.42111],[4.8986,52.42156],[4.89861,52.42202],[4.89877,52.4242],[4.89875,52.42446]]]}},{"type":"Feature","properties":{"name":"Oostzanerdijk","wijk":"Oostzanerwerf","stadsdeel":"Noord","pop":350},"geometry":{"type":"Polygon","coordinates":[[[4.87927,52.41909],[4.88062,52.41833],[4.88082,52.41821],[4.88105,52.41808],[4.8821,52.41758],[4.88268,52.41698],[4.88302,52.4168],[4.88327,52.41667],[4.88456,52.41576],[4.88474,52.41562],[4.88564,52.41484],[4.88571,52.4148],[4.88582,52.41476],[4.88591,52.41474],[4.886,52.41472],[4.88616,52.41473],[4.88762,52.41488],[4.88819,52.41483],[4.88908,52.41491],[4.89245,52.41551],[4.89258,52.41551],[4.89268,52.41548],[4.89332,52.41519],[4.89343,52.41517],[4.89352,52.41518],[4.89418,52.41526],[4.89428,52.41528],[4.89441,52.41534],[4.89481,52.4156],[4.89519,52.41579],[4.89591,52.4159],[4.89785,52.41529],[4.89798,52.41588],[4.89806,52.4161],[4.89814,52.41618],[4.89806,52.41622],[4.89808,52.41625],[4.89832,52.41649],[4.89837,52.41656],[4.89838,52.4166],[4.89836,52.41664],[4.89828,52.41674],[4.89823,52.41684],[4.8982,52.41681],[4.89815,52.41679],[4.89754,52.41662],[4.89681,52.41647],[4.89656,52.41647],[4.89648,52.41647],[4.89639,52.41649],[4.89623,52.41657],[4.89583,52.41654],[4.89549,52.41649],[4.89514,52.41647],[4.89476,52.41641],[4.89454,52.41653],[4.8936,52.41639],[4.89275,52.41625],[4.88941,52.41581],[4.88953,52.41543],[4.88924,52.41541],[4.88895,52.41537],[4.8866,52.41502],[4.8864,52.41501],[4.88628,52.41501],[4.88613,52.41503],[4.88599,52.41508],[4.88588,52.41513],[4.88575,52.41523],[4.88484,52.41594],[4.88312,52.41719],[4.88287,52.41737],[4.8826,52.41759],[4.88226,52.41789],[4.88171,52.41839],[4.88163,52.41844],[4.88016,52.41979],[4.87927,52.41909]]]}},{"type":"Feature","properties":{"name":"Circus/Kermisbuurt","wijk":"Oostzanerwerf","stadsdeel":"Noord","pop":1335},"geometry":{"type":"Polygon","coordinates":[[[4.88361,52.42098],[4.88346,52.42095],[4.88156,52.4204],[4.87998,52.41996],[4.88016,52.41979],[4.88163,52.41844],[4.88171,52.41839],[4.88226,52.41789],[4.8826,52.41759],[4.88287,52.41737],[4.88312,52.41719],[4.88484,52.41594],[4.88575,52.41523],[4.88588,52.41513],[4.88599,52.41508],[4.88613,52.41503],[4.88628,52.41501],[4.8864,52.41501],[4.8866,52.41502],[4.88895,52.41537],[4.88924,52.41541],[4.88953,52.41543],[4.88941,52.41581],[4.88884,52.41572],[4.8885,52.41571],[4.88822,52.41572],[4.88795,52.41575],[4.88742,52.41587],[4.8855,52.41883],[4.88505,52.41958],[4.88436,52.42111],[4.88361,52.42098]]]}},{"type":"Feature","properties":{"name":"Molenwijk","wijk":"Oostzanerwerf","stadsdeel":"Noord","pop":3065},"geometry":{"type":"Polygon","coordinates":[[[4.88436,52.42111],[4.88505,52.41958],[4.8855,52.41883],[4.88742,52.41587],[4.88795,52.41575],[4.88822,52.41572],[4.8885,52.41571],[4.88884,52.41572],[4.88941,52.41581],[4.89275,52.41625],[4.8936,52.41639],[4.89454,52.41653],[4.89454,52.41734],[4.8945,52.41749],[4.89441,52.41763],[4.89431,52.41773],[4.89422,52.4178],[4.89323,52.41844],[4.89291,52.41872],[4.89264,52.41897],[4.89259,52.41903],[4.89255,52.41911],[4.89253,52.41918],[4.89254,52.41925],[4.89259,52.41936],[4.89264,52.41943],[4.89272,52.41949],[4.89244,52.41973],[4.89208,52.42008],[4.89194,52.42006],[4.89193,52.42011],[4.89194,52.42015],[4.89203,52.42017],[4.89195,52.42028],[4.89162,52.42021],[4.8915,52.42033],[4.89145,52.42048],[4.89068,52.42141],[4.8906,52.42149],[4.89049,52.42155],[4.89032,52.4216],[4.89012,52.42162],[4.88877,52.42164],[4.88848,52.42164],[4.88809,52.42162],[4.8879,52.4216],[4.88527,52.42125],[4.88436,52.42111]]]}},{"type":"Feature","properties":{"name":"Cornelis Douwesterrein-West","wijk":"Noordelijke IJ-oevers-West","stadsdeel":"Noord","pop":0},"geometry":{"type":"Polygon","coordinates":[[[4.86363,52.4139],[4.86388,52.41382],[4.8671,52.41239],[4.87099,52.41013],[4.87344,52.40838],[4.87985,52.41336],[4.87944,52.4136],[4.87941,52.41365],[4.87942,52.4137],[4.87945,52.41375],[4.87955,52.41383],[4.87935,52.41393],[4.87922,52.41399],[4.87919,52.41399],[4.8782,52.41446],[4.87817,52.41446],[4.87798,52.4144],[4.87795,52.4144],[4.87561,52.4155],[4.8754,52.41563],[4.87523,52.41577],[4.8751,52.41593],[4.87505,52.41604],[4.87501,52.41613],[4.87382,52.41604],[4.8737,52.41603],[4.87346,52.41604],[4.87334,52.41605],[4.87323,52.41607],[4.873,52.41612],[4.87279,52.41619],[4.87269,52.41623],[4.87069,52.41717],[4.87015,52.41741],[4.8695,52.41766],[4.86777,52.41827],[4.86363,52.4139]]]}},{"type":"Feature","properties":{"name":"Cornelis Douwesterrein-Oost","wijk":"Noordelijke IJ-oevers-West","stadsdeel":"Noord","pop":0},"geometry":{"type":"Polygon","coordinates":[[[4.87344,52.40838],[4.87355,52.4083],[4.87778,52.40525],[4.8827,52.4017],[4.88404,52.40285],[4.88545,52.40401],[4.88814,52.40615],[4.8886,52.40651],[4.89115,52.40529],[4.89155,52.40566],[4.89255,52.40707],[4.89237,52.40719],[4.89163,52.40762],[4.89051,52.4082],[4.89037,52.40827],[4.89031,52.40828],[4.89026,52.40827],[4.89011,52.40833],[4.89012,52.40838],[4.8901,52.40841],[4.89007,52.40843],[4.8861,52.41031],[4.88609,52.41032],[4.88605,52.4104],[4.88595,52.41041],[4.88589,52.41043],[4.88498,52.41085],[4.88415,52.41121],[4.88288,52.41181],[4.88231,52.41207],[4.88186,52.4123],[4.88189,52.41232],[4.88051,52.41298],[4.88013,52.41319],[4.87985,52.41336],[4.87344,52.40838]]]}},{"type":"Feature","properties":{"name":"NDSM terrein","wijk":"Noordelijke IJ-oevers-West","stadsdeel":"Noord","pop":3280},"geometry":{"type":"Polygon","coordinates":[[[4.8827,52.4017],[4.88339,52.4012],[4.88586,52.39938],[4.88978,52.39641],[4.89156,52.39511],[4.89267,52.39577],[4.89317,52.39608],[4.89391,52.39656],[4.89487,52.39722],[4.89557,52.39772],[4.89603,52.39807],[4.89692,52.39877],[4.9002,52.40148],[4.89461,52.40414],[4.89393,52.40443],[4.89351,52.40463],[4.89328,52.40493],[4.89322,52.40502],[4.89317,52.40516],[4.89302,52.40637],[4.89297,52.40653],[4.89288,52.4067],[4.89277,52.40685],[4.89264,52.40699],[4.89255,52.40707],[4.89155,52.40566],[4.89115,52.40529],[4.8886,52.40651],[4.88814,52.40615],[4.88545,52.40401],[4.88404,52.40285],[4.8827,52.4017]]]}},{"type":"Feature","properties":{"name":"Buiksloterham-Zuid","wijk":"Noordelijke IJ-oevers-West","stadsdeel":"Noord","pop":1375},"geometry":{"type":"Polygon","coordinates":[[[4.89156,52.39511],[4.89201,52.39479],[4.89266,52.39421],[4.89322,52.39356],[4.89366,52.39282],[4.89399,52.39205],[4.89468,52.38994],[4.89862,52.39037],[4.89863,52.39036],[4.90127,52.39066],[4.90145,52.39068],[4.90146,52.39064],[4.902,52.39069],[4.90314,52.38838],[4.90606,52.3889],[4.90596,52.38924],[4.9059,52.38953],[4.90588,52.38982],[4.90591,52.39012],[4.90598,52.39041],[4.9061,52.3907],[4.90625,52.39098],[4.90645,52.39125],[4.90668,52.3915],[4.90743,52.39219],[4.90856,52.39333],[4.89603,52.39807],[4.89557,52.39772],[4.89487,52.39722],[4.89391,52.39656],[4.89317,52.39608],[4.89267,52.39577],[4.89156,52.39511]]]}},{"type":"Feature","properties":{"name":"Buiksloterham-Noord","wijk":"Noordelijke IJ-oevers-West","stadsdeel":"Noord","pop":1405},"geometry":{"type":"Polygon","coordinates":[[[4.89603,52.39807],[4.90856,52.39333],[4.90956,52.39295],[4.91089,52.39286],[4.91274,52.39215],[4.91282,52.39224],[4.91289,52.39235],[4.91292,52.39246],[4.91293,52.39257],[4.91285,52.39321],[4.91281,52.39339],[4.91275,52.39355],[4.91268,52.3937],[4.91259,52.39384],[4.912,52.39471],[4.91067,52.39699],[4.91061,52.39707],[4.91052,52.39715],[4.91043,52.39722],[4.91032,52.39729],[4.9102,52.39734],[4.90918,52.39774],[4.90309,52.40004],[4.9002,52.40148],[4.89692,52.39877],[4.89603,52.39807]]]}},{"type":"Feature","properties":{"name":"Klaprozenbuurt","wijk":"Noordelijke IJ-oevers-West","stadsdeel":"Noord","pop":130},"geometry":{"type":"Polygon","coordinates":[[[4.9002,52.40148],[4.90309,52.40004],[4.90918,52.39774],[4.90986,52.3984],[4.90988,52.39843],[4.90989,52.39847],[4.90988,52.39851],[4.90914,52.3998],[4.90892,52.40095],[4.90887,52.40102],[4.90877,52.40108],[4.90834,52.40123],[4.90408,52.40285],[4.90398,52.40291],[4.9039,52.40297],[4.90322,52.40352],[4.90241,52.40405],[4.90212,52.40378],[4.90082,52.4023],[4.90027,52.40154],[4.9002,52.40148]]]}},{"type":"Feature","properties":{"name":"Overhoeks","wijk":"Noordelijke IJ-oevers-West","stadsdeel":"Noord","pop":3225},"geometry":{"type":"Polygon","coordinates":[[[4.90606,52.3889],[4.90314,52.38838],[4.902,52.39069],[4.90146,52.39064],[4.90145,52.39068],[4.90127,52.39066],[4.89863,52.39036],[4.89862,52.39037],[4.89468,52.38994],[4.89508,52.38869],[4.89566,52.38692],[4.89588,52.38636],[4.89625,52.38565],[4.89676,52.38489],[4.89731,52.38427],[4.89792,52.38368],[4.89866,52.38304],[4.89877,52.38297],[4.89948,52.38249],[4.90006,52.38215],[4.90601,52.38484],[4.90617,52.38493],[4.90633,52.38502],[4.90651,52.38517],[4.90662,52.38528],[4.90672,52.3854],[4.90714,52.38607],[4.90719,52.38619],[4.90721,52.38627],[4.90722,52.38635],[4.90722,52.38648],[4.90719,52.3866],[4.90716,52.38668],[4.90607,52.38886],[4.90606,52.3889]]]}},{"type":"Feature","properties":{"name":"Tuindorp Oostzaan-West","wijk":"Tuindorp Oostzaan","stadsdeel":"Noord","pop":1135},"geometry":{"type":"Polygon","coordinates":[[[4.87927,52.41909],[4.8784,52.41902],[4.87824,52.419],[4.87815,52.41897],[4.87801,52.41891],[4.87794,52.41886],[4.87503,52.41654],[4.87499,52.41636],[4.875,52.41623],[4.87501,52.41613],[4.87505,52.41604],[4.8751,52.41593],[4.87523,52.41577],[4.8754,52.41563],[4.87561,52.4155],[4.87795,52.4144],[4.87798,52.4144],[4.87817,52.41446],[4.8782,52.41446],[4.87919,52.41399],[4.87922,52.41399],[4.87935,52.41393],[4.88302,52.4168],[4.88268,52.41698],[4.8821,52.41758],[4.88105,52.41808],[4.88082,52.41821],[4.88062,52.41833],[4.87927,52.41909]]]}},{"type":"Feature","properties":{"name":"Tuindorp Oostzaan-Oost","wijk":"Tuindorp Oostzaan","stadsdeel":"Noord","pop":4180},"geometry":{"type":"Polygon","coordinates":[[[4.87935,52.41393],[4.87955,52.41383],[4.87945,52.41375],[4.87942,52.4137],[4.87941,52.41365],[4.87944,52.4136],[4.87985,52.41336],[4.88013,52.41319],[4.88051,52.41298],[4.88189,52.41232],[4.88186,52.4123],[4.88231,52.41207],[4.88288,52.41181],[4.88415,52.41121],[4.88498,52.41085],[4.88589,52.41043],[4.88595,52.41041],[4.88605,52.4104],[4.88609,52.41032],[4.8861,52.41031],[4.89007,52.40843],[4.8901,52.40841],[4.89012,52.40838],[4.89011,52.40833],[4.89026,52.40827],[4.89031,52.40828],[4.89037,52.40827],[4.89051,52.4082],[4.89192,52.40931],[4.89199,52.40939],[4.89203,52.40955],[4.89209,52.40962],[4.89274,52.41018],[4.89347,52.41075],[4.89372,52.41136],[4.89383,52.41147],[4.89418,52.41176],[4.89419,52.41182],[4.89404,52.41412],[4.89406,52.41434],[4.8942,52.41456],[4.89423,52.41459],[4.89591,52.4159],[4.89519,52.41579],[4.89481,52.4156],[4.89441,52.41534],[4.89428,52.41528],[4.89418,52.41526],[4.89352,52.41518],[4.89343,52.41517],[4.89332,52.41519],[4.89268,52.41548],[4.89258,52.41551],[4.89245,52.41551],[4.88908,52.41491],[4.88819,52.41483],[4.88762,52.41488],[4.88616,52.41473],[4.886,52.41472],[4.88591,52.41474],[4.88582,52.41476],[4.88571,52.4148],[4.88564,52.41484],[4.88474,52.41562],[4.88456,52.41576],[4.88327,52.41667],[4.88302,52.4168],[4.87935,52.41393]]]}},{"type":"Feature","properties":{"name":"Terrasdorp","wijk":"Tuindorp Oostzaan","stadsdeel":"Noord","pop":4045},"geometry":{"type":"Polygon","coordinates":[[[4.89051,52.4082],[4.89163,52.40762],[4.89237,52.40719],[4.89255,52.40707],[4.89264,52.40699],[4.89277,52.40685],[4.89288,52.4067],[4.89297,52.40653],[4.89302,52.40637],[4.89317,52.40516],[4.89322,52.40502],[4.89328,52.40493],[4.89351,52.40463],[4.89393,52.40443],[4.89461,52.40414],[4.9002,52.40148],[4.90027,52.40154],[4.90082,52.4023],[4.90212,52.40378],[4.89903,52.40517],[4.89939,52.40597],[4.8993,52.40613],[4.90204,52.41229],[4.9001,52.4137],[4.89884,52.41475],[4.89785,52.41529],[4.89591,52.4159],[4.89423,52.41459],[4.8942,52.41456],[4.89406,52.41434],[4.89404,52.41412],[4.89419,52.41182],[4.89418,52.41176],[4.89383,52.41147],[4.89372,52.41136],[4.89347,52.41075],[4.89274,52.41018],[4.89209,52.40962],[4.89203,52.40955],[4.89199,52.40939],[4.89192,52.40931],[4.89051,52.4082]]]}},{"type":"Feature","properties":{"name":"De Bongerd","wijk":"Tuindorp Oostzaan","stadsdeel":"Noord","pop":2690},"geometry":{"type":"Polygon","coordinates":[[[4.8993,52.40613],[4.89939,52.40597],[4.89903,52.40517],[4.90212,52.40378],[4.90241,52.40405],[4.90268,52.40426],[4.90523,52.4056],[4.90605,52.40604],[4.9063,52.40622],[4.90647,52.40638],[4.90661,52.40655],[4.90731,52.40761],[4.90738,52.40775],[4.90739,52.4079],[4.90737,52.408],[4.90733,52.4081],[4.90695,52.40862],[4.90675,52.40886],[4.90657,52.40905],[4.90628,52.40932],[4.90599,52.40956],[4.90555,52.40988],[4.90464,52.41041],[4.90204,52.41229],[4.8993,52.40613]]]}},{"type":"Feature","properties":{"name":"Twiske-Oost","wijk":"Kadoelen","stadsdeel":"Noord","pop":1090},"geometry":{"type":"Polygon","coordinates":[[[4.89877,52.4242],[4.89861,52.42202],[4.8986,52.42156],[4.89867,52.42111],[4.89857,52.42057],[4.89858,52.42057],[4.90001,52.42055],[4.90189,52.42051],[4.90294,52.42008],[4.9033,52.41998],[4.9034,52.41994],[4.9037,52.41985],[4.90386,52.41986],[4.90415,52.41995],[4.90445,52.42012],[4.90632,52.42019],[4.90662,52.42036],[4.90705,52.42014],[4.90713,52.42006],[4.90716,52.41996],[4.90738,52.42007],[4.90748,52.42015],[4.90787,52.42079],[4.90791,52.42089],[4.90797,52.42087],[4.90801,52.42096],[4.90807,52.42108],[4.90809,52.42113],[4.90762,52.42123],[4.90754,52.42125],[4.90633,52.42181],[4.90599,52.42198],[4.90593,52.42202],[4.90571,52.42213],[4.90568,52.42214],[4.90565,52.42215],[4.90539,52.42226],[4.90529,52.42231],[4.90518,52.42235],[4.90506,52.42241],[4.90499,52.42243],[4.90494,52.42246],[4.90474,52.42254],[4.90465,52.42259],[4.90437,52.4227],[4.90413,52.4228],[4.90375,52.42296],[4.90366,52.423],[4.90334,52.42311],[4.90295,52.42326],[4.90292,52.42327],[4.90278,52.42332],[4.90229,52.42349],[4.90223,52.42351],[4.90189,52.42362],[4.90147,52.42376],[4.90113,52.42385],[4.9011,52.42387],[4.90103,52.42389],[4.90097,52.42391],[4.90089,52.42393],[4.90084,52.42395],[4.90076,52.42397],[4.90053,52.42404],[4.90048,52.42405],[4.90033,52.4241],[4.90027,52.42411],[4.90023,52.42413],[4.90006,52.42418],[4.89995,52.4242],[4.8999,52.42422],[4.89986,52.42423],[4.89976,52.42426],[4.89967,52.42428],[4.89962,52.4243],[4.8995,52.42432],[4.89936,52.42436],[4.89927,52.42438],[4.89875,52.42449],[4.89875,52.42446],[4.89877,52.4242]]]}},{"type":"Feature","properties":{"name":"Kadoelen","wijk":"Kadoelen","stadsdeel":"Noord","pop":2475},"geometry":{"type":"Polygon","coordinates":[[[4.89785,52.41529],[4.89884,52.41475],[4.9001,52.4137],[4.90204,52.41229],[4.90464,52.41041],[4.90555,52.40988],[4.90599,52.40956],[4.90628,52.40932],[4.90657,52.40905],[4.90675,52.40886],[4.90695,52.40862],[4.90733,52.4081],[4.90737,52.408],[4.90739,52.4079],[4.90904,52.40802],[4.9106,52.40934],[4.91146,52.40959],[4.91263,52.41008],[4.91276,52.41023],[4.91533,52.41236],[4.91745,52.41414],[4.91926,52.41562],[4.91983,52.4161],[4.92046,52.41661],[4.92045,52.41661],[4.92043,52.41662],[4.92027,52.41661],[4.92027,52.41662],[4.92023,52.41663],[4.92013,52.41668],[4.91997,52.41674],[4.91989,52.41678],[4.91979,52.4168],[4.91967,52.41684],[4.91958,52.41689],[4.91946,52.41694],[4.91938,52.41698],[4.91912,52.41709],[4.91897,52.41715],[4.91891,52.41718],[4.91879,52.41723],[4.91871,52.41726],[4.91848,52.41736],[4.9184,52.4174],[4.91834,52.41743],[4.9182,52.4175],[4.9181,52.41753],[4.91787,52.41763],[4.91777,52.41767],[4.91763,52.41774],[4.91755,52.41777],[4.9174,52.41784],[4.91716,52.41794],[4.91682,52.41809],[4.91675,52.41811],[4.91631,52.41831],[4.91627,52.41833],[4.91618,52.41836],[4.91613,52.41838],[4.916,52.41843],[4.91574,52.41855],[4.9157,52.41856],[4.91557,52.41859],[4.9155,52.4186],[4.91539,52.41861],[4.91502,52.41864],[4.91493,52.41865],[4.91475,52.41867],[4.91471,52.41868],[4.91465,52.4185],[4.91462,52.4185],[4.91459,52.41849],[4.91453,52.4185],[4.91405,52.4185],[4.91394,52.41853],[4.91381,52.41858],[4.9136,52.41865],[4.91327,52.41879],[4.91313,52.41883],[4.91287,52.41893],[4.91188,52.41931],[4.91143,52.41949],[4.91096,52.41968],[4.90962,52.42027],[4.90868,52.42072],[4.90856,52.42075],[4.90797,52.42087],[4.90791,52.42089],[4.90787,52.42079],[4.90748,52.42015],[4.90738,52.42007],[4.90716,52.41996],[4.90713,52.42006],[4.90705,52.42014],[4.90662,52.42036],[4.90632,52.42019],[4.90445,52.42012],[4.90415,52.41995],[4.90386,52.41986],[4.9037,52.41985],[4.9034,52.41994],[4.9033,52.41998],[4.90294,52.42008],[4.90189,52.42051],[4.90001,52.42055],[4.89858,52.42057],[4.89849,52.41915],[4.8985,52.41863],[4.89845,52.4183],[4.8984,52.41767],[4.89825,52.41687],[4.89823,52.41684],[4.89828,52.41674],[4.89836,52.41664],[4.89838,52.4166],[4.89837,52.41656],[4.89832,52.41649],[4.89808,52.41625],[4.89806,52.41622],[4.89814,52.41618],[4.89806,52.4161],[4.89798,52.41588],[4.89785,52.41529]]]}},{"type":"Feature","properties":{"name":"Banne-Noordwest","wijk":"Banne Buiksloot","stadsdeel":"Noord","pop":2650},"geometry":{"type":"Polygon","coordinates":[[[4.91276,52.41023],[4.9152,52.40913],[4.91775,52.40794],[4.91891,52.40743],[4.92001,52.40836],[4.92007,52.40842],[4.92016,52.40847],[4.92028,52.40853],[4.92054,52.40873],[4.92071,52.40893],[4.92079,52.40899],[4.92092,52.40905],[4.92113,52.40919],[4.92124,52.40932],[4.92133,52.40946],[4.92148,52.40953],[4.92154,52.40957],[4.92172,52.40975],[4.92181,52.40983],[4.92193,52.40992],[4.92203,52.40997],[4.92223,52.41013],[4.92224,52.41014],[4.92224,52.41019],[4.92239,52.4103],[4.92247,52.4104],[4.92255,52.41045],[4.92294,52.41078],[4.92298,52.41082],[4.92302,52.41107],[4.92267,52.41123],[4.92249,52.41167],[4.92216,52.41182],[4.92184,52.41192],[4.91973,52.41287],[4.91998,52.41324],[4.92275,52.41553],[4.92206,52.41581],[4.92194,52.41587],[4.92172,52.41597],[4.92146,52.41609],[4.92137,52.41613],[4.92127,52.41617],[4.92111,52.41624],[4.9209,52.41633],[4.92085,52.41635],[4.9208,52.41639],[4.92073,52.41646],[4.92069,52.4165],[4.92066,52.41651],[4.92061,52.41651],[4.92055,52.41652],[4.92054,52.41652],[4.92053,52.41655],[4.92052,52.41657],[4.92046,52.41661],[4.91983,52.4161],[4.91926,52.41562],[4.91745,52.41414],[4.91533,52.41236],[4.91276,52.41023]]]}},{"type":"Feature","properties":{"name":"Banne-Noordoost","wijk":"Banne Buiksloot","stadsdeel":"Noord","pop":3555},"geometry":{"type":"Polygon","coordinates":[[[4.91891,52.40743],[4.92321,52.40552],[4.92399,52.40519],[4.92453,52.40499],[4.92507,52.4048],[4.92515,52.40527],[4.92516,52.40641],[4.92525,52.40672],[4.92541,52.40702],[4.92559,52.40728],[4.92575,52.40748],[4.92684,52.40845],[4.92722,52.40874],[4.92819,52.40933],[4.92855,52.40976],[4.92903,52.41038],[4.92947,52.41085],[4.92966,52.41101],[4.9298,52.41113],[4.92996,52.41125],[4.93013,52.41135],[4.93031,52.41145],[4.93051,52.41153],[4.93072,52.41161],[4.93041,52.41194],[4.93039,52.41208],[4.93034,52.41209],[4.93026,52.41212],[4.93018,52.41215],[4.9301,52.4122],[4.93006,52.41221],[4.92997,52.41225],[4.92994,52.41226],[4.92987,52.4123],[4.92981,52.41231],[4.92972,52.41236],[4.92966,52.41238],[4.92959,52.41241],[4.92948,52.41245],[4.9294,52.41248],[4.92934,52.41252],[4.92925,52.41256],[4.9292,52.41258],[4.92912,52.41261],[4.92903,52.41265],[4.92892,52.4127],[4.92886,52.41273],[4.92878,52.41278],[4.92873,52.4128],[4.92866,52.41283],[4.92845,52.41293],[4.92839,52.41296],[4.92827,52.41301],[4.92822,52.41304],[4.92817,52.41305],[4.92811,52.41308],[4.92805,52.41311],[4.92794,52.41315],[4.92788,52.41319],[4.9276,52.41329],[4.92748,52.41336],[4.92731,52.41344],[4.92723,52.41347],[4.92696,52.41359],[4.92688,52.41362],[4.92679,52.41366],[4.92668,52.41371],[4.92664,52.41373],[4.92656,52.41376],[4.92649,52.4138],[4.92635,52.41386],[4.92619,52.41393],[4.92613,52.41397],[4.92596,52.41404],[4.92584,52.41409],[4.92578,52.41412],[4.92574,52.41414],[4.9257,52.41415],[4.92554,52.41421],[4.9255,52.41424],[4.92548,52.41427],[4.92519,52.4144],[4.92508,52.41447],[4.92441,52.41479],[4.92346,52.41524],[4.92275,52.41553],[4.91998,52.41324],[4.91973,52.41287],[4.92184,52.41192],[4.92216,52.41182],[4.92249,52.41167],[4.92267,52.41123],[4.92302,52.41107],[4.92298,52.41082],[4.92294,52.41078],[4.92255,52.41045],[4.92247,52.4104],[4.92239,52.4103],[4.92224,52.41019],[4.92224,52.41014],[4.92223,52.41013],[4.92203,52.40997],[4.92193,52.40992],[4.92181,52.40983],[4.92172,52.40975],[4.92154,52.40957],[4.92148,52.40953],[4.92133,52.40946],[4.92124,52.40932],[4.92113,52.40919],[4.92092,52.40905],[4.92079,52.40899],[4.92071,52.40893],[4.92054,52.40873],[4.92028,52.40853],[4.92016,52.40847],[4.92007,52.40842],[4.92001,52.40836],[4.91891,52.40743]]]}},{"type":"Feature","properties":{"name":"Banne-Zuidwest","wijk":"Banne Buiksloot","stadsdeel":"Noord","pop":3795},"geometry":{"type":"Polygon","coordinates":[[[4.90523,52.4056],[4.90622,52.40486],[4.90517,52.40431],[4.90509,52.40425],[4.90474,52.40392],[4.90471,52.40387],[4.9047,52.40382],[4.90471,52.40376],[4.90473,52.40371],[4.9048,52.40362],[4.90491,52.40352],[4.90501,52.40345],[4.90515,52.40337],[4.90521,52.40334],[4.90732,52.40253],[4.90792,52.40261],[4.90961,52.40304],[4.91076,52.40258],[4.91103,52.40249],[4.91139,52.40239],[4.91199,52.40309],[4.91249,52.40338],[4.9127,52.40366],[4.91293,52.40393],[4.91318,52.4042],[4.91358,52.40459],[4.91372,52.40472],[4.91577,52.40642],[4.91329,52.40754],[4.9152,52.40913],[4.91276,52.41023],[4.91263,52.41008],[4.91146,52.40959],[4.9106,52.40934],[4.90904,52.40802],[4.90739,52.4079],[4.90738,52.40775],[4.90731,52.40761],[4.90661,52.40655],[4.90647,52.40638],[4.9063,52.40622],[4.90605,52.40604],[4.90523,52.4056]]]}},{"type":"Feature","properties":{"name":"Banne-Zuidoost","wijk":"Banne Buiksloot","stadsdeel":"Noord","pop":4165},"geometry":{"type":"Polygon","coordinates":[[[4.91139,52.40239],[4.91473,52.4015],[4.9176,52.401],[4.91892,52.40065],[4.91922,52.40058],[4.91987,52.4004],[4.91997,52.40037],[4.92151,52.39978],[4.92211,52.39926],[4.9222,52.39929],[4.92231,52.39935],[4.92244,52.39945],[4.92253,52.39957],[4.92272,52.40006],[4.92283,52.40049],[4.92293,52.40081],[4.9231,52.40124],[4.9238,52.40224],[4.92498,52.40434],[4.92507,52.4048],[4.92453,52.40499],[4.92399,52.40519],[4.92321,52.40552],[4.91891,52.40743],[4.91775,52.40794],[4.9152,52.40913],[4.91329,52.40754],[4.91577,52.40642],[4.91372,52.40472],[4.91358,52.40459],[4.91318,52.4042],[4.91293,52.40393],[4.9127,52.40366],[4.91249,52.40338],[4.91199,52.40309],[4.91139,52.40239]]]}},{"type":"Feature","properties":{"name":"Buiksloterbreek","wijk":"Banne Buiksloot","stadsdeel":"Noord","pop":310},"geometry":{"type":"Polygon","coordinates":[[[4.90241,52.40405],[4.90322,52.40352],[4.9039,52.40297],[4.90398,52.40291],[4.90408,52.40285],[4.90834,52.40123],[4.90877,52.40108],[4.90887,52.40102],[4.90892,52.40095],[4.90945,52.40092],[4.9098,52.40089],[4.91033,52.40084],[4.91067,52.40079],[4.91069,52.40108],[4.91075,52.40134],[4.91091,52.40173],[4.91113,52.40209],[4.91139,52.40239],[4.91103,52.40249],[4.91076,52.40258],[4.90961,52.40304],[4.90792,52.40261],[4.90732,52.40253],[4.90521,52.40334],[4.90515,52.40337],[4.90501,52.40345],[4.90491,52.40352],[4.9048,52.40362],[4.90473,52.40371],[4.90471,52.40376],[4.9047,52.40382],[4.90471,52.40387],[4.90474,52.40392],[4.90509,52.40425],[4.90517,52.40431],[4.90622,52.40486],[4.90523,52.4056],[4.90268,52.40426],[4.90241,52.40405]]]}},{"type":"Feature","properties":{"name":"Marjoleinterrein","wijk":"Banne Buiksloot","stadsdeel":"Noord","pop":325},"geometry":{"type":"Polygon","coordinates":[[[4.91067,52.40079],[4.91325,52.40083],[4.91331,52.40083],[4.91344,52.4008],[4.91357,52.40078],[4.91364,52.40078],[4.91375,52.40079],[4.914,52.40077],[4.91484,52.4009],[4.9148,52.40111],[4.9148,52.40111],[4.91475,52.40128],[4.91473,52.4015],[4.91139,52.40239],[4.91113,52.40209],[4.91091,52.40173],[4.91075,52.40134],[4.91069,52.40108],[4.91067,52.40079]]]}},{"type":"Feature","properties":{"name":"Buiksloterdijk-West","wijk":"Nieuwendammerdijk/Buiksloterdijk","stadsdeel":"Noord","pop":175},"geometry":{"type":"Polygon","coordinates":[[[4.9176,52.401],[4.91473,52.4015],[4.91475,52.40128],[4.9148,52.40111],[4.9148,52.40111],[4.91484,52.4009],[4.91515,52.40094],[4.91544,52.40095],[4.91566,52.40093],[4.9161,52.40086],[4.9165,52.40077],[4.91958,52.40002],[4.91977,52.39996],[4.91991,52.39989],[4.92081,52.3994],[4.92093,52.39938],[4.92113,52.39938],[4.92121,52.39936],[4.92127,52.39934],[4.92133,52.3993],[4.92142,52.39921],[4.92154,52.39907],[4.92211,52.39926],[4.92151,52.39978],[4.91997,52.40037],[4.91987,52.4004],[4.91922,52.40058],[4.91892,52.40065],[4.9176,52.401]]]}},{"type":"Feature","properties":{"name":"Buiksloterdijk-Oost","wijk":"Nieuwendammerdijk/Buiksloterdijk","stadsdeel":"Noord","pop":135},"geometry":{"type":"Polygon","coordinates":[[[4.92154,52.39907],[4.92229,52.39827],[4.92251,52.39801],[4.92263,52.39784],[4.92306,52.3971],[4.92325,52.39667],[4.92353,52.39591],[4.92355,52.39563],[4.92363,52.39544],[4.92369,52.39522],[4.92391,52.39443],[4.92421,52.39484],[4.92455,52.39526],[4.92484,52.39562],[4.92384,52.3968],[4.9236,52.39719],[4.9231,52.39808],[4.92275,52.39868],[4.92231,52.39935],[4.9222,52.39929],[4.92211,52.39926],[4.92154,52.39907]]]}},{"type":"Feature","properties":{"name":"Nieuwendammerdijk-West","wijk":"Nieuwendammerdijk/Buiksloterdijk","stadsdeel":"Noord","pop":1040},"geometry":{"type":"Polygon","coordinates":[[[4.92391,52.39443],[4.92408,52.39386],[4.92411,52.39381],[4.92415,52.39378],[4.92427,52.39374],[4.92411,52.39346],[4.92461,52.39139],[4.92463,52.39132],[4.92465,52.39131],[4.92461,52.39119],[4.92461,52.39115],[4.92463,52.39111],[4.92476,52.39067],[4.92506,52.3907],[4.92518,52.3907],[4.92644,52.3909],[4.92644,52.39089],[4.92701,52.39097],[4.92777,52.39107],[4.9286,52.39115],[4.92923,52.3912],[4.93034,52.39128],[4.93155,52.39135],[4.93155,52.39135],[4.93167,52.39136],[4.93275,52.39139],[4.93293,52.39139],[4.93293,52.39138],[4.93306,52.39138],[4.93306,52.39141],[4.93322,52.39143],[4.93341,52.39141],[4.93342,52.39145],[4.93355,52.39144],[4.93354,52.3914],[4.93372,52.39138],[4.93376,52.39137],[4.93409,52.39135],[4.93409,52.39138],[4.93421,52.39138],[4.93481,52.39128],[4.9384,52.39077],[4.93963,52.38994],[4.94045,52.3902],[4.94075,52.39079],[4.94083,52.39096],[4.94103,52.39125],[4.94075,52.39131],[4.94032,52.39138],[4.94022,52.39141],[4.9396,52.39151],[4.93949,52.39153],[4.93944,52.39149],[4.93862,52.39164],[4.93832,52.3918],[4.93801,52.39195],[4.93688,52.39241],[4.93664,52.39248],[4.93592,52.3926],[4.93575,52.39265],[4.93565,52.3927],[4.93502,52.39308],[4.93439,52.393],[4.93415,52.39299],[4.9339,52.39299],[4.93319,52.39257],[4.93348,52.39237],[4.93373,52.39249],[4.93394,52.39229],[4.93375,52.39218],[4.93374,52.39215],[4.93347,52.392],[4.93325,52.39187],[4.93324,52.39184],[4.93239,52.3918],[4.93238,52.39186],[4.93178,52.39183],[4.93009,52.39172],[4.92876,52.39162],[4.92872,52.3916],[4.92742,52.39151],[4.92743,52.39144],[4.92514,52.39118],[4.92505,52.39155],[4.92472,52.39265],[4.92463,52.39301],[4.92421,52.39484],[4.92391,52.39443]]]}},{"type":"Feature","properties":{"name":"Nieuwendammerdijk-Oost","wijk":"Nieuwendammerdijk/Buiksloterdijk","stadsdeel":"Noord","pop":355},"geometry":{"type":"Polygon","coordinates":[[[4.93896,52.38824],[4.94022,52.38869],[4.94036,52.38884],[4.94278,52.38968],[4.94296,52.38977],[4.94315,52.3899],[4.94358,52.38969],[4.94378,52.38957],[4.94396,52.38946],[4.94409,52.38936],[4.94487,52.38872],[4.94508,52.38857],[4.94613,52.38786],[4.9469,52.38731],[4.94905,52.38583],[4.94968,52.38582],[4.94997,52.38582],[4.95063,52.38586],[4.95087,52.38588],[4.95106,52.38591],[4.95124,52.38596],[4.95243,52.38631],[4.95243,52.38672],[4.95207,52.38669],[4.94981,52.38662],[4.94924,52.38673],[4.94832,52.38678],[4.94809,52.38683],[4.9481,52.38683],[4.94794,52.38688],[4.94782,52.38697],[4.94793,52.38704],[4.94773,52.3871],[4.9476,52.38711],[4.94754,52.38712],[4.94649,52.38786],[4.94632,52.388],[4.9459,52.38835],[4.94504,52.38904],[4.94497,52.38919],[4.94474,52.38931],[4.94448,52.38957],[4.94437,52.38965],[4.94411,52.38979],[4.94372,52.39],[4.94349,52.39011],[4.94284,52.3904],[4.94217,52.39089],[4.94192,52.39103],[4.94181,52.39108],[4.94167,52.39112],[4.94119,52.39121],[4.94103,52.39125],[4.94083,52.39096],[4.94075,52.39079],[4.94045,52.3902],[4.93963,52.38994],[4.93896,52.38824]]]}},{"type":"Feature","properties":{"name":"Nieuwendammerdijk-Zuid","wijk":"Nieuwendammerdijk/Buiksloterdijk","stadsdeel":"Noord","pop":0},"geometry":{"type":"Polygon","coordinates":[[[4.93837,52.38673],[4.94453,52.38564],[4.94474,52.3861],[4.94523,52.38602],[4.94553,52.38599],[4.94572,52.38594],[4.94593,52.38586],[4.94676,52.38574],[4.94686,52.38574],[4.94694,52.38576],[4.947,52.3858],[4.94706,52.38587],[4.9471,52.3859],[4.94717,52.38593],[4.94725,52.38594],[4.94817,52.38587],[4.94905,52.38583],[4.9469,52.38731],[4.94613,52.38786],[4.94508,52.38857],[4.94487,52.38872],[4.94409,52.38936],[4.94396,52.38946],[4.94378,52.38957],[4.94358,52.38969],[4.94315,52.3899],[4.94296,52.38977],[4.94278,52.38968],[4.94036,52.38884],[4.94022,52.38869],[4.93896,52.38824],[4.93837,52.38673]]]}},{"type":"Feature","properties":{"name":"Elzenhagen-Noord","wijk":"Elzenhagen","stadsdeel":"Noord","pop":3595},"geometry":{"type":"Polygon","coordinates":[[[4.92507,52.4048],[4.92691,52.4042],[4.92898,52.40356],[4.9316,52.40268],[4.93219,52.40249],[4.93278,52.40229],[4.93832,52.40662],[4.93921,52.40736],[4.93794,52.40768],[4.93663,52.40805],[4.93562,52.40836],[4.93486,52.40862],[4.93438,52.4088],[4.93386,52.409],[4.93311,52.40931],[4.93149,52.41007],[4.92966,52.41101],[4.92947,52.41085],[4.92903,52.41038],[4.92855,52.40976],[4.92819,52.40933],[4.92722,52.40874],[4.92684,52.40845],[4.92575,52.40748],[4.92559,52.40728],[4.92541,52.40702],[4.92525,52.40672],[4.92516,52.40641],[4.92515,52.40527],[4.92507,52.4048]]]}},{"type":"Feature","properties":{"name":"Elzenhagen-Zuid","wijk":"Elzenhagen","stadsdeel":"Noord","pop":1540},"geometry":{"type":"Polygon","coordinates":[[[4.92231,52.39935],[4.92275,52.39868],[4.92299,52.39876],[4.92349,52.39853],[4.92389,52.3984],[4.9251,52.39804],[4.92629,52.39756],[4.92661,52.39744],[4.92713,52.39788],[4.92801,52.3986],[4.93278,52.40229],[4.93219,52.40249],[4.9316,52.40268],[4.92898,52.40356],[4.92691,52.4042],[4.92507,52.4048],[4.92498,52.40434],[4.9238,52.40224],[4.9231,52.40124],[4.92293,52.40081],[4.92283,52.40049],[4.92272,52.40006],[4.92253,52.39957],[4.92244,52.39945],[4.92231,52.39935]]]}},{"type":"Feature","properties":{"name":"Nintemanterrein","wijk":"Elzenhagen","stadsdeel":"Noord","pop":125},"geometry":{"type":"Polygon","coordinates":[[[4.92275,52.39868],[4.9231,52.39808],[4.9236,52.39719],[4.92384,52.3968],[4.92484,52.39562],[4.92531,52.39616],[4.92569,52.39657],[4.92616,52.39703],[4.92661,52.39744],[4.92629,52.39756],[4.9251,52.39804],[4.92389,52.3984],[4.92349,52.39853],[4.92299,52.39876],[4.92275,52.39868]]]}},{"type":"Feature","properties":{"name":"Buikslotermeer-Noord","wijk":"Buikslotermeer","stadsdeel":"Noord","pop":2500},"geometry":{"type":"Polygon","coordinates":[[[4.93278,52.40229],[4.93357,52.40201],[4.93435,52.40171],[4.93511,52.4014],[4.93585,52.40107],[4.93961,52.40399],[4.93967,52.40402],[4.93974,52.40404],[4.93983,52.40405],[4.9399,52.40404],[4.93995,52.40403],[4.94737,52.40106],[4.94736,52.401],[4.94546,52.39919],[4.94734,52.39863],[4.9518,52.4028],[4.95123,52.40308],[4.95036,52.4035],[4.94977,52.40376],[4.94888,52.40416],[4.9475,52.40472],[4.94645,52.40513],[4.94574,52.40539],[4.9451,52.40562],[4.94424,52.40591],[4.94338,52.40619],[4.9425,52.40646],[4.94162,52.40672],[4.94072,52.40697],[4.93982,52.40721],[4.93921,52.40736],[4.93832,52.40662],[4.93278,52.40229]]]}},{"type":"Feature","properties":{"name":"De Kleine Wereld","wijk":"Buikslotermeer","stadsdeel":"Noord","pop":2600},"geometry":{"type":"Polygon","coordinates":[[[4.93585,52.40107],[4.93633,52.40087],[4.94016,52.39932],[4.94029,52.39927],[4.94038,52.39925],[4.94052,52.39923],[4.94067,52.39922],[4.94082,52.39923],[4.94096,52.39925],[4.9411,52.39928],[4.94244,52.39971],[4.94259,52.39975],[4.94282,52.39978],[4.94298,52.39979],[4.94313,52.39979],[4.94337,52.39977],[4.94352,52.39975],[4.94367,52.39972],[4.94546,52.39919],[4.94736,52.401],[4.94737,52.40106],[4.93995,52.40403],[4.9399,52.40404],[4.93983,52.40405],[4.93974,52.40404],[4.93967,52.40402],[4.93961,52.40399],[4.93585,52.40107]]]}},{"type":"Feature","properties":{"name":"Loenermark","wijk":"Buikslotermeer","stadsdeel":"Noord","pop":1920},"geometry":{"type":"Polygon","coordinates":[[[4.92661,52.39744],[4.92806,52.3969],[4.92972,52.39619],[4.93085,52.39719],[4.93171,52.39784],[4.93308,52.3989],[4.93354,52.39926],[4.93398,52.39963],[4.93585,52.40107],[4.93511,52.4014],[4.93435,52.40171],[4.93357,52.40201],[4.93278,52.40229],[4.92801,52.3986],[4.92713,52.39788],[4.92661,52.39744]]]}},{"type":"Feature","properties":{"name":"Buikslotermeerplein","wijk":"Buikslotermeer","stadsdeel":"Noord","pop":1365},"geometry":{"type":"Polygon","coordinates":[[[4.93354,52.39926],[4.93937,52.39695],[4.94237,52.39581],[4.94479,52.39807],[4.94576,52.39775],[4.94656,52.39791],[4.94734,52.39863],[4.94546,52.39919],[4.94367,52.39972],[4.94352,52.39975],[4.94337,52.39977],[4.94313,52.39979],[4.94298,52.39979],[4.94282,52.39978],[4.94259,52.39975],[4.94244,52.39971],[4.9411,52.39928],[4.94096,52.39925],[4.94082,52.39923],[4.94067,52.39922],[4.94052,52.39923],[4.94038,52.39925],[4.94029,52.39927],[4.94016,52.39932],[4.93633,52.40087],[4.93585,52.40107],[4.93398,52.39963],[4.93354,52.39926]]]}},{"type":"Feature","properties":{"name":"Plan van Gool","wijk":"Buikslotermeer","stadsdeel":"Noord","pop":3165},"geometry":{"type":"Polygon","coordinates":[[[4.92972,52.39619],[4.93178,52.3953],[4.93333,52.39473],[4.93375,52.39455],[4.93431,52.39433],[4.93475,52.39418],[4.93534,52.39398],[4.93578,52.39385],[4.93678,52.39357],[4.93996,52.39469],[4.94008,52.3947],[4.9402,52.39469],[4.94094,52.39447],[4.94237,52.39581],[4.93937,52.39695],[4.93354,52.39926],[4.93308,52.3989],[4.93171,52.39784],[4.93085,52.39719],[4.92972,52.39619]]]}},{"type":"Feature","properties":{"name":"Rode Kruisbuurt","wijk":"Buikslotermeer","stadsdeel":"Noord","pop":235},"geometry":{"type":"Polygon","coordinates":[[[4.92455,52.39526],[4.93364,52.39302],[4.9339,52.39299],[4.93415,52.39299],[4.93439,52.393],[4.93502,52.39308],[4.93543,52.39316],[4.93589,52.39327],[4.93621,52.39337],[4.93678,52.39357],[4.93578,52.39385],[4.93534,52.39398],[4.93475,52.39418],[4.93431,52.39433],[4.93375,52.39455],[4.93333,52.39473],[4.93178,52.3953],[4.92972,52.39619],[4.92806,52.3969],[4.92661,52.39744],[4.92616,52.39703],[4.92569,52.39657],[4.92531,52.39616],[4.92484,52.39562],[4.92455,52.39526]]]}},{"type":"Feature","properties":{"name":"Markengouw-Noord","wijk":"Waterlandpleinbuurt","stadsdeel":"Noord","pop":600},"geometry":{"type":"Polygon","coordinates":[[[4.94734,52.39863],[4.95076,52.39761],[4.95397,52.40165],[4.95319,52.40208],[4.95257,52.40241],[4.9518,52.4028],[4.94734,52.39863]]]}},{"type":"Feature","properties":{"name":"Markengouw-Midden","wijk":"Waterlandpleinbuurt","stadsdeel":"Noord","pop":4080},"geometry":{"type":"Polygon","coordinates":[[[4.95076,52.39761],[4.95293,52.39696],[4.95317,52.39688],[4.9534,52.39679],[4.95372,52.39663],[4.95401,52.39645],[4.95419,52.39632],[4.95434,52.39618],[4.95454,52.39596],[4.95731,52.39218],[4.96355,52.39389],[4.96281,52.39474],[4.96198,52.39565],[4.96167,52.39597],[4.96123,52.3964],[4.96052,52.39706],[4.95971,52.39776],[4.95896,52.39836],[4.95863,52.39861],[4.95766,52.39932],[4.95657,52.40006],[4.95571,52.40061],[4.95492,52.40109],[4.95397,52.40165],[4.95076,52.39761]]]}},{"type":"Feature","properties":{"name":"Markengouw-Zuid","wijk":"Waterlandpleinbuurt","stadsdeel":"Noord","pop":2315},"geometry":{"type":"Polygon","coordinates":[[[4.95731,52.39218],[4.95768,52.39166],[4.95863,52.39038],[4.959,52.38985],[4.95942,52.38931],[4.95981,52.38885],[4.95999,52.38869],[4.96013,52.38858],[4.9603,52.38849],[4.96037,52.38852],[4.96044,52.38855],[4.96296,52.38907],[4.96686,52.39],[4.96355,52.39389],[4.95731,52.39218]]]}},{"type":"Feature","properties":{"name":"Werengouw-Noord","wijk":"Waterlandpleinbuurt","stadsdeel":"Noord","pop":460},"geometry":{"type":"Polygon","coordinates":[[[4.94094,52.39447],[4.94338,52.39374],[4.94421,52.39349],[4.94649,52.39636],[4.94914,52.39558],[4.95076,52.39761],[4.94734,52.39863],[4.94656,52.39791],[4.94576,52.39775],[4.94479,52.39807],[4.94237,52.39581],[4.94094,52.39447]]]}},{"type":"Feature","properties":{"name":"Werengouw-Midden","wijk":"Waterlandpleinbuurt","stadsdeel":"Noord","pop":4905},"geometry":{"type":"Polygon","coordinates":[[[4.94421,52.39349],[4.95161,52.39129],[4.95194,52.39071],[4.95731,52.39218],[4.95454,52.39596],[4.95434,52.39618],[4.95419,52.39632],[4.95401,52.39645],[4.95372,52.39663],[4.9534,52.39679],[4.95317,52.39688],[4.95293,52.39696],[4.95076,52.39761],[4.94914,52.39558],[4.94649,52.39636],[4.94421,52.39349]]]}},{"type":"Feature","properties":{"name":"Werengouw-Zuid","wijk":"Waterlandpleinbuurt","stadsdeel":"Noord","pop":1575},"geometry":{"type":"Polygon","coordinates":[[[4.95194,52.39071],[4.95243,52.38983],[4.95243,52.38672],[4.95243,52.38631],[4.95391,52.38675],[4.95999,52.38821],[4.96006,52.38824],[4.96012,52.38828],[4.96023,52.38843],[4.9603,52.38849],[4.96013,52.38858],[4.95999,52.38869],[4.95981,52.38885],[4.95942,52.38931],[4.959,52.38985],[4.95863,52.39038],[4.95768,52.39166],[4.95731,52.39218],[4.95194,52.39071]]]}},{"type":"Feature","properties":{"name":"Bloemenbuurt-Noord","wijk":"Volewijck","stadsdeel":"Noord","pop":2435},"geometry":{"type":"Polygon","coordinates":[[[4.90892,52.40095],[4.90914,52.3998],[4.91084,52.39999],[4.91101,52.3996],[4.91111,52.39946],[4.91124,52.39932],[4.9114,52.39918],[4.91217,52.39865],[4.91255,52.39835],[4.91292,52.39801],[4.91328,52.39762],[4.91359,52.39721],[4.91388,52.39676],[4.91398,52.39655],[4.91414,52.39606],[4.92132,52.39457],[4.92175,52.39541],[4.92221,52.39628],[4.92226,52.3964],[4.92228,52.39653],[4.92227,52.39666],[4.92224,52.39678],[4.92219,52.39691],[4.92211,52.39703],[4.92204,52.39712],[4.9212,52.398],[4.92086,52.39841],[4.92083,52.39848],[4.92082,52.39855],[4.92083,52.39865],[4.92088,52.39875],[4.92097,52.39884],[4.92105,52.39889],[4.92114,52.39894],[4.92154,52.39907],[4.92142,52.39921],[4.92133,52.3993],[4.92127,52.39934],[4.92121,52.39936],[4.92113,52.39938],[4.92093,52.39938],[4.92081,52.3994],[4.91991,52.39989],[4.91977,52.39996],[4.91958,52.40002],[4.9165,52.40077],[4.9161,52.40086],[4.91566,52.40093],[4.91544,52.40095],[4.91515,52.40094],[4.91484,52.4009],[4.914,52.40077],[4.91375,52.40079],[4.91364,52.40078],[4.91357,52.40078],[4.91344,52.4008],[4.91331,52.40083],[4.91325,52.40083],[4.91067,52.40079],[4.91033,52.40084],[4.9098,52.40089],[4.90945,52.40092],[4.90892,52.40095]]]}},{"type":"Feature","properties":{"name":"Bloemenbuurt-Zuid","wijk":"Volewijck","stadsdeel":"Noord","pop":2350},"geometry":{"type":"Polygon","coordinates":[[[4.90914,52.3998],[4.90988,52.39851],[4.90989,52.39847],[4.90988,52.39843],[4.90986,52.3984],[4.90918,52.39774],[4.9102,52.39734],[4.91032,52.39729],[4.91043,52.39722],[4.91052,52.39715],[4.91061,52.39707],[4.91067,52.39699],[4.912,52.39471],[4.91259,52.39384],[4.91268,52.3937],[4.91275,52.39355],[4.91281,52.39339],[4.91285,52.39321],[4.91293,52.39257],[4.91292,52.39246],[4.91289,52.39235],[4.91282,52.39224],[4.91274,52.39215],[4.91253,52.39195],[4.91566,52.39075],[4.91823,52.38974],[4.91875,52.39025],[4.91924,52.39076],[4.91988,52.3918],[4.92132,52.39457],[4.91414,52.39606],[4.91398,52.39655],[4.91388,52.39676],[4.91359,52.39721],[4.91328,52.39762],[4.91292,52.39801],[4.91255,52.39835],[4.91217,52.39865],[4.9114,52.39918],[4.91124,52.39932],[4.91111,52.39946],[4.91101,52.3996],[4.91084,52.39999],[4.90914,52.3998]]]}},{"type":"Feature","properties":{"name":"Van der Pekbuurt","wijk":"Volewijck","stadsdeel":"Noord","pop":4585},"geometry":{"type":"Polygon","coordinates":[[[4.90006,52.38215],[4.90037,52.38198],[4.90118,52.38156],[4.9021,52.3812],[4.90747,52.3837],[4.91201,52.38582],[4.91274,52.38614],[4.91309,52.38631],[4.91378,52.38666],[4.91446,52.38703],[4.91511,52.38741],[4.91542,52.38761],[4.91604,52.38801],[4.91662,52.38842],[4.91719,52.38885],[4.91746,52.38907],[4.91772,52.38929],[4.91823,52.38974],[4.91566,52.39075],[4.91253,52.39195],[4.91274,52.39215],[4.91089,52.39286],[4.90956,52.39295],[4.90856,52.39333],[4.90743,52.39219],[4.90668,52.3915],[4.90645,52.39125],[4.90625,52.39098],[4.9061,52.3907],[4.90598,52.39041],[4.90591,52.39012],[4.90588,52.38982],[4.9059,52.38953],[4.90596,52.38924],[4.90606,52.3889],[4.90607,52.38886],[4.90716,52.38668],[4.90719,52.3866],[4.90722,52.38648],[4.90722,52.38635],[4.90721,52.38627],[4.90719,52.38619],[4.90714,52.38607],[4.90672,52.3854],[4.90662,52.38528],[4.90651,52.38517],[4.90633,52.38502],[4.90617,52.38493],[4.90601,52.38484],[4.90006,52.38215]]]}},{"type":"Feature","properties":{"name":"Vogelbuurt-Noord","wijk":"IJplein/Vogelbuurt","stadsdeel":"Noord","pop":1100},"geometry":{"type":"Polygon","coordinates":[[[4.91823,52.38974],[4.92392,52.38756],[4.92488,52.38756],[4.92829,52.38625],[4.92839,52.38635],[4.92851,52.3863],[4.92967,52.38742],[4.9277,52.38818],[4.92717,52.38835],[4.92699,52.38839],[4.92675,52.38843],[4.92649,52.38843],[4.92554,52.38833],[4.92517,52.38832],[4.92471,52.38842],[4.92485,52.38865],[4.92496,52.38889],[4.92502,52.38914],[4.92504,52.3894],[4.92504,52.38956],[4.92502,52.38972],[4.92476,52.39067],[4.92463,52.39111],[4.92461,52.39115],[4.92461,52.39119],[4.92465,52.39131],[4.92463,52.39132],[4.92461,52.39139],[4.92411,52.39346],[4.92427,52.39374],[4.92415,52.39378],[4.92411,52.39381],[4.92408,52.39386],[4.92391,52.39443],[4.92369,52.39522],[4.92363,52.39544],[4.92355,52.39563],[4.92353,52.39591],[4.92325,52.39667],[4.92306,52.3971],[4.92263,52.39784],[4.92251,52.39801],[4.92229,52.39827],[4.92154,52.39907],[4.92114,52.39894],[4.92105,52.39889],[4.92097,52.39884],[4.92088,52.39875],[4.92083,52.39865],[4.92082,52.39855],[4.92083,52.39848],[4.92086,52.39841],[4.9212,52.398],[4.92204,52.39712],[4.92211,52.39703],[4.92219,52.39691],[4.92224,52.39678],[4.92227,52.39666],[4.92228,52.39653],[4.92226,52.3964],[4.92221,52.39628],[4.92175,52.39541],[4.92132,52.39457],[4.91988,52.3918],[4.91924,52.39076],[4.91875,52.39025],[4.91823,52.38974]]]}},{"type":"Feature","properties":{"name":"Vliegenbos","wijk":"IJplein/Vogelbuurt","stadsdeel":"Noord","pop":170},"geometry":{"type":"Polygon","coordinates":[[[4.92476,52.39067],[4.92502,52.38972],[4.92504,52.38956],[4.92504,52.3894],[4.92502,52.38914],[4.92496,52.38889],[4.92485,52.38865],[4.92471,52.38842],[4.92517,52.38832],[4.92554,52.38833],[4.92649,52.38843],[4.92675,52.38843],[4.92699,52.38839],[4.92717,52.38835],[4.9277,52.38818],[4.92967,52.38742],[4.93223,52.38644],[4.93231,52.38642],[4.93237,52.38643],[4.93243,52.38644],[4.93247,52.38646],[4.9325,52.3865],[4.93297,52.38761],[4.93303,52.38761],[4.93316,52.38759],[4.93758,52.38687],[4.93837,52.38673],[4.93896,52.38824],[4.93963,52.38994],[4.9384,52.39077],[4.93481,52.39128],[4.93421,52.39138],[4.93409,52.39138],[4.93409,52.39135],[4.93376,52.39137],[4.93372,52.39138],[4.93354,52.3914],[4.93355,52.39144],[4.93342,52.39145],[4.93341,52.39141],[4.93322,52.39143],[4.93306,52.39141],[4.93306,52.39138],[4.93293,52.39138],[4.93293,52.39139],[4.93275,52.39139],[4.93167,52.39136],[4.93155,52.39135],[4.93155,52.39135],[4.93034,52.39128],[4.92923,52.3912],[4.9286,52.39115],[4.92777,52.39107],[4.92701,52.39097],[4.92644,52.39089],[4.92644,52.3909],[4.92518,52.3907],[4.92506,52.3907],[4.92476,52.39067]]]}},{"type":"Feature","properties":{"name":"Vogelbuurt-Zuid","wijk":"IJplein/Vogelbuurt","stadsdeel":"Noord","pop":4205},"geometry":{"type":"Polygon","coordinates":[[[4.90747,52.3837],[4.90813,52.38317],[4.90819,52.38314],[4.90827,52.38313],[4.90833,52.38313],[4.90839,52.38314],[4.9086,52.38323],[4.90878,52.38333],[4.90918,52.38363],[4.90928,52.38367],[4.90934,52.38369],[4.90943,52.38369],[4.90955,52.38369],[4.90966,52.38365],[4.91053,52.3832],[4.91082,52.38323],[4.911,52.38324],[4.91117,52.38324],[4.91135,52.38323],[4.91153,52.38321],[4.91205,52.38312],[4.91241,52.38307],[4.91277,52.38305],[4.91314,52.38305],[4.9135,52.38307],[4.91387,52.3831],[4.91422,52.38316],[4.91457,52.38323],[4.9149,52.38332],[4.91547,52.38353],[4.9159,52.38372],[4.91613,52.38384],[4.91639,52.384],[4.91763,52.3849],[4.91789,52.38506],[4.91809,52.38517],[4.91839,52.38531],[4.91862,52.38541],[4.91895,52.38552],[4.91929,52.38561],[4.91965,52.38568],[4.92193,52.38602],[4.92214,52.38607],[4.92229,52.38612],[4.92246,52.38621],[4.92254,52.38626],[4.92265,52.38634],[4.92392,52.38756],[4.91823,52.38974],[4.91772,52.38929],[4.91746,52.38907],[4.91719,52.38885],[4.91662,52.38842],[4.91604,52.38801],[4.91542,52.38761],[4.91511,52.38741],[4.91446,52.38703],[4.91378,52.38666],[4.91309,52.38631],[4.91274,52.38614],[4.91201,52.38582],[4.90747,52.3837]]]}},{"type":"Feature","properties":{"name":"IJplein e.o.","wijk":"IJplein/Vogelbuurt","stadsdeel":"Noord","pop":2475},"geometry":{"type":"Polygon","coordinates":[[[4.9021,52.3812],[4.90226,52.38113],[4.90326,52.38077],[4.90431,52.38046],[4.90547,52.3802],[4.90601,52.38011],[4.90641,52.38004],[4.90653,52.38002],[4.90762,52.37988],[4.90868,52.37986],[4.91059,52.37991],[4.911,52.37993],[4.9175,52.38055],[4.91986,52.38081],[4.91904,52.3834],[4.91912,52.38357],[4.91882,52.38449],[4.91926,52.38454],[4.91895,52.38552],[4.91862,52.38541],[4.91839,52.38531],[4.91809,52.38517],[4.91789,52.38506],[4.91763,52.3849],[4.91639,52.384],[4.91613,52.38384],[4.9159,52.38372],[4.91547,52.38353],[4.9149,52.38332],[4.91457,52.38323],[4.91422,52.38316],[4.91387,52.3831],[4.9135,52.38307],[4.91314,52.38305],[4.91277,52.38305],[4.91241,52.38307],[4.91205,52.38312],[4.91153,52.38321],[4.91135,52.38323],[4.91117,52.38324],[4.911,52.38324],[4.91082,52.38323],[4.91053,52.3832],[4.90966,52.38365],[4.90955,52.38369],[4.90943,52.38369],[4.90934,52.38369],[4.90928,52.38367],[4.90918,52.38363],[4.90878,52.38333],[4.9086,52.38323],[4.90839,52.38314],[4.90833,52.38313],[4.90827,52.38313],[4.90819,52.38314],[4.90813,52.38317],[4.90747,52.3837],[4.9021,52.3812]]]}},{"type":"Feature","properties":{"name":"Blauwe Zand","wijk":"Tuindorp Buiksloot","stadsdeel":"Noord","pop":1910},"geometry":{"type":"Polygon","coordinates":[[[4.92421,52.39484],[4.92463,52.39301],[4.92472,52.39265],[4.92505,52.39155],[4.92514,52.39118],[4.92743,52.39144],[4.92742,52.39151],[4.92872,52.3916],[4.92876,52.39162],[4.93009,52.39172],[4.93178,52.39183],[4.93238,52.39186],[4.93239,52.3918],[4.93324,52.39184],[4.93325,52.39187],[4.93347,52.392],[4.93374,52.39215],[4.93375,52.39218],[4.93394,52.39229],[4.93373,52.39249],[4.93348,52.39237],[4.93319,52.39257],[4.9339,52.39299],[4.93364,52.39302],[4.92455,52.39526],[4.92421,52.39484]]]}},{"type":"Feature","properties":{"name":"Tuindorp Nieuwendam-West","wijk":"Tuindorp Nieuwendam","stadsdeel":"Noord","pop":1050},"geometry":{"type":"Polygon","coordinates":[[[4.93502,52.39308],[4.93565,52.3927],[4.93575,52.39265],[4.93592,52.3926],[4.93664,52.39248],[4.93688,52.39241],[4.93801,52.39195],[4.93832,52.3918],[4.93862,52.39164],[4.93944,52.39149],[4.93949,52.39153],[4.9396,52.39151],[4.94022,52.39141],[4.94032,52.39138],[4.94075,52.39131],[4.94103,52.39125],[4.9416,52.39174],[4.94262,52.39276],[4.94338,52.39374],[4.94094,52.39447],[4.9402,52.39469],[4.94008,52.3947],[4.93996,52.39469],[4.93678,52.39357],[4.93621,52.39337],[4.93589,52.39327],[4.93543,52.39316],[4.93502,52.39308]]]}},{"type":"Feature","properties":{"name":"Tuindorp Nieuwendam-Oost","wijk":"Tuindorp Nieuwendam","stadsdeel":"Noord","pop":2415},"geometry":{"type":"Polygon","coordinates":[[[4.94103,52.39125],[4.94119,52.39121],[4.94167,52.39112],[4.94181,52.39108],[4.94192,52.39103],[4.94217,52.39089],[4.94284,52.3904],[4.94349,52.39011],[4.94372,52.39],[4.94411,52.38979],[4.94437,52.38965],[4.94448,52.38957],[4.94474,52.38931],[4.94497,52.38919],[4.94504,52.38904],[4.9459,52.38835],[4.94632,52.388],[4.94649,52.38786],[4.94754,52.38712],[4.9476,52.38711],[4.94773,52.3871],[4.94793,52.38704],[4.94782,52.38697],[4.94794,52.38688],[4.9481,52.38683],[4.94809,52.38683],[4.94832,52.38678],[4.94924,52.38673],[4.94981,52.38662],[4.95207,52.38669],[4.95243,52.38672],[4.95243,52.38983],[4.95194,52.39071],[4.95161,52.39129],[4.94421,52.39349],[4.94338,52.39374],[4.94262,52.39276],[4.9416,52.39174],[4.94103,52.39125]]]}},{"type":"Feature","properties":{"name":"Hamerstraatkwartier-West","wijk":"Noordelijke IJ-oevers-Oost","stadsdeel":"Noord","pop":365},"geometry":{"type":"Polygon","coordinates":[[[4.91926,52.38454],[4.91882,52.38449],[4.91912,52.38357],[4.91904,52.3834],[4.91986,52.38081],[4.92246,52.3811],[4.93109,52.38214],[4.93735,52.38241],[4.92804,52.38599],[4.92829,52.38625],[4.92488,52.38756],[4.92392,52.38756],[4.92265,52.38634],[4.92254,52.38626],[4.92246,52.38621],[4.92229,52.38612],[4.92214,52.38607],[4.92193,52.38602],[4.91965,52.38568],[4.91929,52.38561],[4.91895,52.38552],[4.91926,52.38454]]]}},{"type":"Feature","properties":{"name":"Hamerstraatkwartier-Oost","wijk":"Noordelijke IJ-oevers-Oost","stadsdeel":"Noord","pop":10},"geometry":{"type":"Polygon","coordinates":[[[4.92804,52.38599],[4.93735,52.38241],[4.93983,52.38251],[4.94319,52.38251],[4.94453,52.38564],[4.93837,52.38673],[4.93758,52.38687],[4.93316,52.38759],[4.93303,52.38761],[4.93297,52.38761],[4.9325,52.3865],[4.93247,52.38646],[4.93243,52.38644],[4.93237,52.38643],[4.93231,52.38642],[4.93223,52.38644],[4.92967,52.38742],[4.92851,52.3863],[4.92839,52.38635],[4.92829,52.38625],[4.92804,52.38599]]]}},{"type":"Feature","properties":{"name":"Bedrijventerrein Nieuwendammerdijk","wijk":"Noordelijke IJ-oevers-Oost","stadsdeel":"Noord","pop":25},"geometry":{"type":"Polygon","coordinates":[[[4.94319,52.38251],[4.94959,52.3825],[4.95243,52.38257],[4.95243,52.38631],[4.95124,52.38596],[4.95106,52.38591],[4.95087,52.38588],[4.95063,52.38586],[4.94997,52.38582],[4.94968,52.38582],[4.94905,52.38583],[4.94817,52.38587],[4.94725,52.38594],[4.94717,52.38593],[4.9471,52.3859],[4.94706,52.38587],[4.947,52.3858],[4.94694,52.38576],[4.94686,52.38574],[4.94676,52.38574],[4.94593,52.38586],[4.94572,52.38594],[4.94553,52.38599],[4.94523,52.38602],[4.94474,52.3861],[4.94453,52.38564],[4.94319,52.38251]]]}},{"type":"Feature","properties":{"name":"Noorderstrook-West","wijk":"Waterland","stadsdeel":"Noord","pop":70},"geometry":{"type":"Polygon","coordinates":[[[4.92966,52.41101],[4.93149,52.41007],[4.93311,52.40931],[4.93386,52.409],[4.93438,52.4088],[4.93486,52.40862],[4.93562,52.40836],[4.93663,52.40805],[4.93794,52.40768],[4.93921,52.40736],[4.93982,52.40721],[4.94072,52.40697],[4.94162,52.40672],[4.9425,52.40646],[4.94338,52.40619],[4.94424,52.40591],[4.9451,52.40562],[4.94574,52.40539],[4.94645,52.40513],[4.9475,52.40472],[4.94888,52.40416],[4.94977,52.40376],[4.95036,52.4035],[4.95123,52.40308],[4.9518,52.4028],[4.95257,52.40241],[4.95319,52.40208],[4.95397,52.40165],[4.95492,52.40109],[4.95535,52.40149],[4.95546,52.40154],[4.95561,52.40157],[4.95574,52.40157],[4.95589,52.40156],[4.95658,52.40147],[4.95684,52.40143],[4.95727,52.40134],[4.95743,52.40131],[4.95758,52.40131],[4.95773,52.40135],[4.95784,52.4014],[4.95794,52.40147],[4.95885,52.40248],[4.95923,52.4029],[4.95943,52.40315],[4.95947,52.40324],[4.95948,52.40336],[4.95944,52.40352],[4.95927,52.40407],[4.95902,52.4048],[4.95873,52.40548],[4.95867,52.4056],[4.95853,52.40575],[4.95845,52.40581],[4.95835,52.40586],[4.95798,52.40599],[4.95741,52.40625],[4.95717,52.40633],[4.9568,52.40643],[4.95391,52.40711],[4.95163,52.40765],[4.9514,52.40769],[4.95104,52.40774],[4.95033,52.40779],[4.95007,52.40782],[4.94991,52.40786],[4.94965,52.40797],[4.94946,52.40808],[4.94861,52.40861],[4.94652,52.40986],[4.94601,52.41018],[4.94447,52.41106],[4.94436,52.41116],[4.94429,52.41128],[4.9442,52.41161],[4.94416,52.4117],[4.94265,52.41386],[4.94257,52.41384],[4.94236,52.41379],[4.94173,52.41366],[4.9396,52.41321],[4.93949,52.41318],[4.938,52.41278],[4.93646,52.41236],[4.9358,52.41219],[4.93529,52.41207],[4.93515,52.41204],[4.93505,52.41202],[4.93452,52.41196],[4.93428,52.41194],[4.93292,52.41183],[4.93161,52.41174],[4.93113,52.41169],[4.9308,52.41163],[4.93072,52.41161],[4.93051,52.41153],[4.93031,52.41145],[4.93013,52.41135],[4.92996,52.41125],[4.9298,52.41113],[4.92966,52.41101]]]}},{"type":"Feature","properties":{"name":"Noorderstrook-Oost","wijk":"Waterland","stadsdeel":"Noord","pop":5},"geometry":{"type":"Polygon","coordinates":[[[4.95492,52.40109],[4.95571,52.40061],[4.95657,52.40006],[4.95766,52.39932],[4.95863,52.39861],[4.95896,52.39836],[4.95971,52.39776],[4.96052,52.39706],[4.96123,52.3964],[4.96167,52.39597],[4.96198,52.39565],[4.96281,52.39474],[4.96355,52.39389],[4.96686,52.39],[4.96907,52.39053],[4.96898,52.39065],[4.96885,52.39077],[4.96867,52.39088],[4.96846,52.39099],[4.96857,52.3911],[4.96866,52.39117],[4.9687,52.39119],[4.96966,52.39142],[4.96973,52.39142],[4.96993,52.39134],[4.97,52.39133],[4.97006,52.39133],[4.9701,52.39133],[4.97084,52.39151],[4.97017,52.39238],[4.96981,52.39277],[4.9685,52.39449],[4.96818,52.395],[4.96782,52.39551],[4.96752,52.39591],[4.9672,52.39629],[4.96687,52.39666],[4.96653,52.39702],[4.96602,52.39754],[4.96551,52.39802],[4.96501,52.39847],[4.96437,52.39902],[4.96394,52.39936],[4.96352,52.39969],[4.96311,52.39998],[4.9627,52.40026],[4.96227,52.40054],[4.96183,52.40082],[4.96119,52.40118],[4.96003,52.40181],[4.95976,52.402],[4.95939,52.40222],[4.95885,52.40248],[4.95794,52.40147],[4.95784,52.4014],[4.95773,52.40135],[4.95758,52.40131],[4.95743,52.40131],[4.95727,52.40134],[4.95684,52.40143],[4.95658,52.40147],[4.95589,52.40156],[4.95574,52.40157],[4.95561,52.40157],[4.95546,52.40154],[4.95535,52.40149],[4.95492,52.40109]]]}},{"type":"Feature","properties":{"name":"Zunderdorp","wijk":"Waterland","stadsdeel":"Noord","pop":480},"geometry":{"type":"Polygon","coordinates":[[[4.94265,52.41386],[4.94416,52.4117],[4.9442,52.41161],[4.94429,52.41128],[4.94436,52.41116],[4.94447,52.41106],[4.94601,52.41018],[4.94652,52.40986],[4.94861,52.40861],[4.94946,52.40808],[4.94965,52.40797],[4.94991,52.40786],[4.95007,52.40782],[4.95033,52.40779],[4.95104,52.40774],[4.9514,52.40769],[4.95163,52.40765],[4.95391,52.40711],[4.9568,52.40643],[4.95717,52.40633],[4.95741,52.40625],[4.95798,52.40599],[4.95835,52.40586],[4.95845,52.40581],[4.95853,52.40575],[4.95867,52.4056],[4.95873,52.40548],[4.95902,52.4048],[4.95927,52.40407],[4.95944,52.40352],[4.95948,52.40336],[4.95947,52.40324],[4.95943,52.40315],[4.95923,52.4029],[4.95885,52.40248],[4.95939,52.40222],[4.95976,52.402],[4.96003,52.40181],[4.96119,52.40118],[4.96183,52.40082],[4.96227,52.40054],[4.9627,52.40026],[4.96311,52.39998],[4.96352,52.39969],[4.96394,52.39936],[4.96437,52.39902],[4.96501,52.39847],[4.96551,52.39802],[4.96602,52.39754],[4.96653,52.39702],[4.96687,52.39666],[4.9672,52.39629],[4.96868,52.39653],[4.96878,52.39655],[4.96887,52.39659],[4.96895,52.39661],[4.96957,52.39671],[4.96994,52.39675],[4.97036,52.39681],[4.97044,52.39681],[4.97051,52.3968],[4.97092,52.3967],[4.97101,52.3967],[4.9711,52.3967],[4.97156,52.39681],[4.97201,52.39685],[4.97329,52.39713],[4.97338,52.39714],[4.97349,52.39714],[4.97359,52.39713],[4.9742,52.39693],[4.97442,52.39688],[4.97465,52.39685],[4.97488,52.39684],[4.97539,52.39685],[4.97575,52.39688],[4.97613,52.39692],[4.9786,52.39733],[4.97894,52.39739],[4.97929,52.39748],[4.98023,52.39778],[4.98038,52.39784],[4.98061,52.39795],[4.98091,52.39817],[4.98119,52.39832],[4.98137,52.3984],[4.982,52.39861],[4.98184,52.39875],[4.98063,52.39961],[4.97977,52.40017],[4.97948,52.40033],[4.97937,52.40036],[4.97925,52.40037],[4.97925,52.40046],[4.97927,52.40052],[4.97931,52.40059],[4.97938,52.40064],[4.97974,52.4008],[4.98016,52.40104],[4.98049,52.40119],[4.98189,52.40177],[4.98272,52.40215],[4.98296,52.40225],[4.98318,52.40232],[4.98363,52.40249],[4.98389,52.40261],[4.98439,52.40286],[4.98521,52.40325],[4.9859,52.40356],[4.98661,52.40385],[4.9869,52.40402],[4.98727,52.40421],[4.9877,52.40442],[4.9882,52.40464],[4.98978,52.40536],[4.99071,52.40577],[4.99144,52.40611],[4.99246,52.40656],[4.99299,52.40681],[4.9933,52.40697],[4.99387,52.40718],[4.99403,52.40725],[4.99475,52.40763],[4.99556,52.40798],[4.99742,52.40885],[4.99796,52.40908],[4.99837,52.40925],[5.00073,52.41036],[5.00241,52.41112],[5.00452,52.41211],[5.0051,52.41238],[5.00588,52.41273],[5.00631,52.4129],[5.00822,52.41358],[5.00925,52.41392],[5.00933,52.41397],[5.00939,52.41403],[5.00942,52.41408],[5.00942,52.41414],[5.00931,52.4145],[5.00931,52.41457],[5.00902,52.41497],[5.00896,52.41513],[5.00893,52.41531],[5.00891,52.4156],[5.00884,52.4157],[5.00874,52.41579],[5.00872,52.41585],[5.00878,52.41599],[5.00869,52.41612],[5.00856,52.41609],[5.00798,52.41602],[5.00779,52.41602],[5.00715,52.41612],[5.00693,52.41617],[5.00651,52.41625],[5.00575,52.41636],[5.00523,52.41645],[5.00495,52.41652],[5.00478,52.41657],[5.00463,52.41664],[5.00425,52.41677],[5.00387,52.41692],[5.00339,52.41715],[5.0032,52.41726],[5.00275,52.41758],[5.00236,52.41789],[5.00215,52.41808],[5.00204,52.4182],[5.00149,52.41883],[5.00131,52.41908],[5.0012,52.41929],[5.00114,52.41951],[5.0011,52.41969],[5.00107,52.41999],[5.0011,52.42015],[5.00115,52.42026],[5.00122,52.42037],[5.00131,52.42048],[5.00146,52.42061],[5.00169,52.42075],[5.0019,52.42084],[5.00229,52.42099],[5.00236,52.42103],[5.00241,52.42108],[5.00244,52.42114],[5.00245,52.42127],[5.00245,52.4222],[5.00242,52.42228],[5.00234,52.42237],[5.00205,52.42257],[5.00197,52.42265],[5.00134,52.42309],[5.0012,52.42321],[5.0011,52.42334],[5.00099,52.42354],[5.00071,52.42423],[5.00041,52.42507],[5.0003,52.42541],[5.00016,52.42544],[5.00013,52.42542],[4.99997,52.42541],[4.99967,52.42543],[4.99963,52.42543],[4.99945,52.42543],[4.99921,52.42541],[4.99907,52.42541],[4.99879,52.42542],[4.99697,52.42543],[4.99558,52.42547],[4.99557,52.42549],[4.99544,52.42549],[4.99538,52.42546],[4.99526,52.42547],[4.99525,52.42544],[4.99521,52.42544],[4.99517,52.42544],[4.99497,52.42543],[4.99453,52.42544],[4.99447,52.42544],[4.99445,52.42545],[4.99427,52.42546],[4.99407,52.42544],[4.99381,52.42543],[4.99357,52.4254],[4.99346,52.4254],[4.99295,52.42543],[4.99284,52.42543],[4.99272,52.42544],[4.99256,52.42544],[4.99242,52.42544],[4.99217,52.42543],[4.99202,52.42543],[4.99173,52.42545],[4.99153,52.42546],[4.99143,52.42545],[4.99141,52.42544],[4.99139,52.42543],[4.99138,52.4254],[4.99066,52.42542],[4.99049,52.42543],[4.99051,52.42548],[4.99049,52.42548],[4.99046,52.4255],[4.99047,52.42552],[4.99045,52.42552],[4.9904,52.42539],[4.99037,52.42528],[4.99036,52.42517],[4.9904,52.42479],[4.99042,52.42458],[4.99041,52.42452],[4.99037,52.42446],[4.9902,52.4243],[4.98993,52.42406],[4.98957,52.42372],[4.98919,52.42337],[4.98911,52.42331],[4.98901,52.42327],[4.98884,52.42325],[4.98826,52.42326],[4.98792,52.42327],[4.98777,52.42327],[4.98769,52.42323],[4.9875,52.42311],[4.98711,52.42284],[4.98657,52.4233],[4.98579,52.42399],[4.98472,52.42494],[4.98451,52.42511],[4.98383,52.42572],[4.98264,52.42676],[4.98258,52.42674],[4.98245,52.42669],[4.98213,52.42656],[4.9818,52.42641],[4.98163,52.42634],[4.98156,52.4263],[4.98153,52.42628],[4.9813,52.4262],[4.98101,52.42608],[4.98094,52.42606],[4.98083,52.426],[4.98052,52.42586],[4.98039,52.42579],[4.98012,52.42569],[4.9799,52.4256],[4.97943,52.42539],[4.97924,52.42529],[4.97887,52.42516],[4.97865,52.42507],[4.9786,52.42505],[4.9785,52.42499],[4.97833,52.42492],[4.9783,52.4249],[4.97822,52.42487],[4.97818,52.42486],[4.97816,52.42485],[4.97811,52.42483],[4.97772,52.42467],[4.97736,52.42453],[4.97724,52.42446],[4.97711,52.42441],[4.97677,52.42427],[4.97674,52.42426],[4.97668,52.42423],[4.97665,52.42421],[4.97659,52.42417],[4.97638,52.42409],[4.97611,52.42396],[4.976,52.42393],[4.97593,52.42389],[4.97582,52.42386],[4.97575,52.42382],[4.97548,52.42371],[4.97515,52.42357],[4.97496,52.42348],[4.9747,52.42337],[4.97448,52.42328],[4.97434,52.42321],[4.97427,52.42318],[4.97383,52.42299],[4.97349,52.42286],[4.9734,52.42281],[4.97333,52.4228],[4.97324,52.4228],[4.97284,52.42277],[4.97264,52.42276],[4.9723,52.42273],[4.97148,52.42271],[4.97143,52.42271],[4.97123,52.42269],[4.97104,52.42267],[4.97038,52.42267],[4.97023,52.42266],[4.9702,52.42265],[4.97011,52.42263],[4.96947,52.42262],[4.96902,52.4226],[4.96884,52.4226],[4.96817,52.42256],[4.96805,52.42256],[4.96796,52.42254],[4.96786,52.42254],[4.96777,52.42254],[4.96694,52.42252],[4.96688,52.42252],[4.96667,52.4225],[4.96613,52.42248],[4.96593,52.42246],[4.96577,52.42246],[4.96572,52.42244],[4.96518,52.42243],[4.96501,52.42241],[4.96486,52.4224],[4.96419,52.42238],[4.96391,52.42238],[4.96361,52.42236],[4.96346,52.42235],[4.96295,52.42234],[4.96283,52.42234],[4.96254,52.42232],[4.96207,52.42231],[4.96158,52.42228],[4.96148,52.42228],[4.96049,52.42223],[4.96029,52.42221],[4.95982,52.4222],[4.95895,52.42217],[4.95872,52.42215],[4.95721,52.42209],[4.9563,52.42205],[4.95625,52.42205],[4.95595,52.42195],[4.95588,52.42244],[4.95565,52.42242],[4.95545,52.4224],[4.95538,52.42241],[4.95532,52.42242],[4.95527,52.42241],[4.95521,52.42242],[4.95496,52.4224],[4.95472,52.42237],[4.95455,52.42234],[4.95428,52.42225],[4.95411,52.42222],[4.95402,52.42221],[4.95381,52.4222],[4.9537,52.4222],[4.95366,52.4222],[4.95364,52.4222],[4.95361,52.42221],[4.95358,52.42223],[4.95356,52.42226],[4.95351,52.42231],[4.95346,52.42234],[4.95337,52.42243],[4.95324,52.42255],[4.95315,52.42264],[4.95307,52.42273],[4.95296,52.42284],[4.95285,52.42293],[4.95285,52.42295],[4.95283,52.42297],[4.95278,52.42303],[4.95274,52.42308],[4.95271,52.42314],[4.95264,52.42323],[4.95262,52.42326],[4.9526,52.4233],[4.9525,52.42349],[4.95259,52.42353],[4.95283,52.42362],[4.95278,52.42368],[4.95253,52.42359],[4.95192,52.42338],[4.9516,52.42329],[4.95155,52.42329],[4.95145,52.42326],[4.95142,52.42325],[4.95134,52.42323],[4.95153,52.42302],[4.9515,52.42301],[4.95155,52.42293],[4.95159,52.42283],[4.95164,52.42265],[4.95165,52.42253],[4.95165,52.42242],[4.95153,52.42199],[4.95152,52.42195],[4.95149,52.42193],[4.94981,52.42186],[4.9498,52.42188],[4.94978,52.4219],[4.94974,52.42192],[4.94971,52.42193],[4.94966,52.42191],[4.94922,52.42174],[4.94892,52.42162],[4.94864,52.4215],[4.94863,52.42149],[4.94858,52.42146],[4.94853,52.42143],[4.94779,52.42156],[4.9477,52.42143],[4.94746,52.42093],[4.94739,52.42075],[4.94722,52.42037],[4.947,52.41991],[4.94615,52.41804],[4.946,52.41773],[4.94557,52.41679],[4.9451,52.41557],[4.94498,52.41532],[4.94479,52.41502],[4.94456,52.41475],[4.94444,52.41463],[4.94413,52.41437],[4.94407,52.41434],[4.94398,52.4143],[4.94358,52.41415],[4.94314,52.414],[4.94265,52.41386]]]}},{"type":"Feature","properties":{"name":"Schellingwoude-West","wijk":"Waterland","stadsdeel":"Noord","pop":65},"geometry":{"type":"Polygon","coordinates":[[[4.95243,52.38631],[4.95243,52.38257],[4.95425,52.38262],[4.95671,52.38265],[4.95841,52.38247],[4.95966,52.3821],[4.96061,52.38166],[4.96086,52.38188],[4.96097,52.38183],[4.96122,52.38204],[4.96133,52.38211],[4.9614,52.38223],[4.96148,52.38235],[4.96327,52.38384],[4.96308,52.38394],[4.96289,52.38401],[4.96126,52.3846],[4.96047,52.38494],[4.95958,52.38532],[4.95903,52.38553],[4.95856,52.3857],[4.95818,52.38582],[4.95697,52.38616],[4.95674,52.38621],[4.95649,52.38624],[4.95557,52.38631],[4.95484,52.38634],[4.95428,52.38635],[4.95372,52.38636],[4.95317,52.38634],[4.95243,52.38631]]]}},{"type":"Feature","properties":{"name":"Schellingwoude-Oost","wijk":"Waterland","stadsdeel":"Noord","pop":630},"geometry":{"type":"Polygon","coordinates":[[[4.9603,52.38849],[4.96023,52.38843],[4.96012,52.38828],[4.96006,52.38824],[4.95999,52.38821],[4.95391,52.38675],[4.95243,52.38631],[4.95317,52.38634],[4.95372,52.38636],[4.95428,52.38635],[4.95484,52.38634],[4.95557,52.38631],[4.95649,52.38624],[4.95674,52.38621],[4.95697,52.38616],[4.95818,52.38582],[4.95856,52.3857],[4.95903,52.38553],[4.95958,52.38532],[4.96047,52.38494],[4.96126,52.3846],[4.96289,52.38401],[4.96308,52.38394],[4.96327,52.38384],[4.96148,52.38235],[4.9614,52.38223],[4.96133,52.38211],[4.96122,52.38204],[4.96097,52.38183],[4.96086,52.38188],[4.96061,52.38166],[4.96158,52.38122],[4.96372,52.37977],[4.96662,52.37823],[4.97033,52.37626],[4.97375,52.37857],[4.97356,52.37934],[4.97333,52.38011],[4.97314,52.38067],[4.97282,52.38149],[4.97258,52.38204],[4.97232,52.38258],[4.97204,52.38312],[4.97175,52.38366],[4.97143,52.38419],[4.97109,52.38471],[4.97047,52.3856],[4.96994,52.38629],[4.96872,52.38779],[4.96686,52.39],[4.96296,52.38907],[4.96044,52.38855],[4.96037,52.38852],[4.9603,52.38849]]]}},{"type":"Feature","properties":{"name":"Schellingwoude-Noord","wijk":"Waterland","stadsdeel":"Noord","pop":5},"geometry":{"type":"Polygon","coordinates":[[[4.96686,52.39],[4.96872,52.38779],[4.96994,52.38629],[4.97047,52.3856],[4.97109,52.38471],[4.97143,52.38419],[4.97175,52.38366],[4.97204,52.38312],[4.97232,52.38258],[4.97258,52.38204],[4.97282,52.38149],[4.97314,52.38067],[4.97333,52.38011],[4.97538,52.38112],[4.9757,52.38135],[4.97606,52.3815],[4.97661,52.38178],[4.97639,52.38309],[4.97627,52.38357],[4.97617,52.38387],[4.97595,52.38443],[4.97549,52.38551],[4.9762,52.38566],[4.97427,52.38831],[4.97335,52.38809],[4.97268,52.38899],[4.97084,52.39151],[4.9701,52.39133],[4.97006,52.39133],[4.97,52.39133],[4.96993,52.39134],[4.96973,52.39142],[4.96966,52.39142],[4.9687,52.39119],[4.96866,52.39117],[4.96857,52.3911],[4.96846,52.39099],[4.96867,52.39088],[4.96885,52.39077],[4.96898,52.39065],[4.96907,52.39053],[4.96686,52.39]]]}},{"type":"Feature","properties":{"name":"Zwarte Gouw","wijk":"Waterland","stadsdeel":"Noord","pop":25},"geometry":{"type":"Polygon","coordinates":[[[4.9672,52.39629],[4.96752,52.39591],[4.96782,52.39551],[4.96818,52.395],[4.9685,52.39449],[4.96981,52.39277],[4.97017,52.39238],[4.97084,52.39151],[4.97268,52.38899],[4.97335,52.38809],[4.97427,52.38831],[4.9762,52.38566],[4.97549,52.38551],[4.97595,52.38443],[4.97617,52.38387],[4.97627,52.38357],[4.97639,52.38309],[4.97661,52.38178],[4.97606,52.3815],[4.9757,52.38135],[4.97538,52.38112],[4.97333,52.38011],[4.97356,52.37934],[4.97375,52.37857],[4.97584,52.3795],[4.97622,52.37969],[4.9763,52.3797],[4.97668,52.37962],[4.97691,52.3796],[4.97696,52.37961],[4.97707,52.37968],[4.97715,52.37971],[4.97813,52.37998],[4.97863,52.38016],[4.97934,52.38038],[4.98058,52.38075],[4.98082,52.38082],[4.98164,52.38108],[4.98194,52.3812],[4.98204,52.38131],[4.98241,52.38163],[4.98291,52.38217],[4.98341,52.38239],[4.984,52.38268],[4.98451,52.38301],[4.98509,52.38345],[4.98518,52.38351],[4.98532,52.38357],[4.98609,52.38379],[4.98713,52.38415],[4.98729,52.3842],[4.98816,52.3844],[4.98825,52.38443],[4.98841,52.3845],[4.98891,52.38481],[4.98892,52.38481],[4.98862,52.38513],[4.98849,52.38521],[4.98734,52.38622],[4.9871,52.38638],[4.9855,52.38775],[4.98524,52.38794],[4.98588,52.38821],[4.98676,52.38855],[4.98717,52.3887],[4.98678,52.38908],[4.98606,52.38985],[4.9856,52.39037],[4.98496,52.39118],[4.9847,52.39185],[4.98441,52.39315],[4.98428,52.39365],[4.98463,52.39375],[4.98451,52.3938],[4.98441,52.39388],[4.98435,52.39394],[4.98428,52.39406],[4.98417,52.3943],[4.98407,52.39457],[4.98384,52.39522],[4.98364,52.39568],[4.98355,52.39584],[4.98352,52.39589],[4.98346,52.39594],[4.9834,52.39598],[4.98332,52.39601],[4.98323,52.39603],[4.98311,52.39604],[4.98271,52.39603],[4.98255,52.39606],[4.98246,52.39609],[4.98239,52.39613],[4.98233,52.39617],[4.9823,52.39623],[4.98223,52.3965],[4.98221,52.39675],[4.9822,52.39704],[4.98221,52.39727],[4.98226,52.39779],[4.98227,52.39805],[4.98226,52.39816],[4.98222,52.39828],[4.98217,52.3984],[4.98209,52.39851],[4.982,52.39861],[4.98137,52.3984],[4.98119,52.39832],[4.98091,52.39817],[4.98061,52.39795],[4.98038,52.39784],[4.98023,52.39778],[4.97929,52.39748],[4.97894,52.39739],[4.9786,52.39733],[4.97613,52.39692],[4.97575,52.39688],[4.97539,52.39685],[4.97488,52.39684],[4.97465,52.39685],[4.97442,52.39688],[4.9742,52.39693],[4.97359,52.39713],[4.97349,52.39714],[4.97338,52.39714],[4.97329,52.39713],[4.97201,52.39685],[4.97156,52.39681],[4.9711,52.3967],[4.97101,52.3967],[4.97092,52.3967],[4.97051,52.3968],[4.97044,52.39681],[4.97036,52.39681],[4.96994,52.39675],[4.96957,52.39671],[4.96895,52.39661],[4.96887,52.39659],[4.96878,52.39655],[4.96868,52.39653],[4.9672,52.39629]]]}},{"type":"Feature","properties":{"name":"Holysloot","wijk":"Waterland","stadsdeel":"Noord","pop":285},"geometry":{"type":"Polygon","coordinates":[[[5.00041,52.42507],[5.00071,52.42423],[5.00099,52.42354],[5.0011,52.42334],[5.0012,52.42321],[5.00134,52.42309],[5.00197,52.42265],[5.00205,52.42257],[5.00234,52.42237],[5.00242,52.42228],[5.00245,52.4222],[5.00245,52.42127],[5.00244,52.42114],[5.00241,52.42108],[5.00236,52.42103],[5.00229,52.42099],[5.0019,52.42084],[5.00169,52.42075],[5.00146,52.42061],[5.00131,52.42048],[5.00122,52.42037],[5.00115,52.42026],[5.0011,52.42015],[5.00107,52.41999],[5.0011,52.41969],[5.00114,52.41951],[5.0012,52.41929],[5.00131,52.41908],[5.00149,52.41883],[5.00204,52.4182],[5.00215,52.41808],[5.00236,52.41789],[5.00275,52.41758],[5.0032,52.41726],[5.00339,52.41715],[5.00387,52.41692],[5.00425,52.41677],[5.00463,52.41664],[5.00478,52.41657],[5.00495,52.41652],[5.00523,52.41645],[5.00575,52.41636],[5.00651,52.41625],[5.00693,52.41617],[5.00715,52.41612],[5.00779,52.41602],[5.00798,52.41602],[5.00856,52.41609],[5.00869,52.41612],[5.00878,52.41599],[5.00872,52.41585],[5.00874,52.41579],[5.00884,52.4157],[5.00891,52.4156],[5.00893,52.41531],[5.00896,52.41513],[5.00902,52.41497],[5.00931,52.41457],[5.00931,52.4145],[5.00942,52.41414],[5.00942,52.41408],[5.00939,52.41403],[5.00933,52.41397],[5.00925,52.41392],[5.00822,52.41358],[5.00631,52.4129],[5.00588,52.41273],[5.0051,52.41238],[5.00452,52.41211],[5.00241,52.41112],[5.00073,52.41036],[4.99837,52.40925],[4.99796,52.40908],[4.99742,52.40885],[4.99556,52.40798],[4.99475,52.40763],[4.99403,52.40725],[4.99387,52.40718],[4.9933,52.40697],[4.99299,52.40681],[4.99246,52.40656],[4.99144,52.40611],[4.99071,52.40577],[4.98978,52.40536],[4.9882,52.40464],[4.9877,52.40442],[4.98727,52.40421],[4.9869,52.40402],[4.98661,52.40385],[4.9859,52.40356],[4.98521,52.40325],[4.98439,52.40286],[4.98389,52.40261],[4.98363,52.40249],[4.98318,52.40232],[4.98296,52.40225],[4.98272,52.40215],[4.98189,52.40177],[4.98049,52.40119],[4.98016,52.40104],[4.97974,52.4008],[4.97938,52.40064],[4.97931,52.40059],[4.97927,52.40052],[4.97925,52.40046],[4.97925,52.40037],[4.97937,52.40036],[4.97948,52.40033],[4.97977,52.40017],[4.98063,52.39961],[4.98184,52.39875],[4.982,52.39861],[4.98209,52.39851],[4.98217,52.3984],[4.98222,52.39828],[4.98226,52.39816],[4.98227,52.39805],[4.98226,52.39779],[4.98221,52.39727],[4.9822,52.39704],[4.98221,52.39675],[4.98223,52.3965],[4.9823,52.39623],[4.98233,52.39617],[4.98239,52.39613],[4.98246,52.39609],[4.98255,52.39606],[4.98271,52.39603],[4.98311,52.39604],[4.98323,52.39603],[4.98332,52.39601],[4.9834,52.39598],[4.98346,52.39594],[4.98352,52.39589],[4.98355,52.39584],[4.98364,52.39568],[4.98384,52.39522],[4.98407,52.39457],[4.98417,52.3943],[4.98428,52.39406],[4.98435,52.39394],[4.98441,52.39388],[4.98451,52.3938],[4.98463,52.39375],[4.98476,52.39373],[4.98489,52.39372],[4.98498,52.39372],[4.98521,52.39374],[4.98626,52.39394],[4.98815,52.39438],[4.98839,52.39444],[4.98899,52.39464],[4.9893,52.39471],[4.9927,52.39507],[4.99301,52.39512],[4.99316,52.39515],[4.99424,52.39548],[4.99465,52.39562],[4.99499,52.39569],[4.99537,52.39578],[4.99571,52.39589],[4.99657,52.39623],[4.99701,52.39639],[4.99798,52.39669],[4.99813,52.39672],[4.9983,52.39674],[4.99854,52.39675],[4.99875,52.39675],[4.99957,52.39671],[5.00007,52.39667],[5.0006,52.39666],[5.00155,52.39666],[5.0019,52.39664],[5.00411,52.39644],[5.0044,52.3964],[5.00503,52.39629],[5.00531,52.39626],[5.00609,52.39621],[5.00634,52.39617],[5.0067,52.39614],[5.00731,52.39612],[5.00797,52.39607],[5.00848,52.39606],[5.00885,52.39605],[5.01038,52.39602],[5.01064,52.39603],[5.01102,52.39604],[5.01174,52.39608],[5.01268,52.39607],[5.01287,52.39608],[5.01316,52.39611],[5.01354,52.39612],[5.0146,52.39622],[5.02452,52.3883],[5.03768,52.3754],[5.04027,52.37623],[5.05233,52.38002],[5.0671,52.38467],[5.07916,52.38865],[5.07746,52.39744],[5.07426,52.41384],[5.06992,52.41582],[5.06827,52.41656],[5.06794,52.41657],[5.06625,52.41701],[5.06542,52.41724],[5.06483,52.41695],[5.06438,52.41675],[5.06369,52.41643],[5.06319,52.41626],[5.06256,52.41617],[5.06209,52.41618],[5.05776,52.41654],[5.05509,52.41597],[5.05252,52.41554],[5.05093,52.41528],[5.04918,52.41513],[5.044,52.41661],[5.04259,52.41698],[5.04071,52.41724],[5.03939,52.41738],[5.03864,52.41759],[5.03737,52.41794],[5.03688,52.41809],[5.03631,52.4182],[5.03587,52.41827],[5.03547,52.41827],[5.03524,52.41825],[5.03505,52.4182],[5.03477,52.41806],[5.03441,52.41781],[5.03407,52.41717],[5.03347,52.41669],[5.03249,52.41628],[5.03005,52.41564],[5.03011,52.41621],[5.03009,52.41659],[5.03005,52.41683],[5.02995,52.4172],[5.02973,52.41771],[5.02951,52.41806],[5.02898,52.41886],[5.0287,52.41918],[5.02836,52.41942],[5.02726,52.41987],[5.02692,52.41997],[5.0265,52.42006],[5.02607,52.42012],[5.02563,52.42015],[5.02495,52.42008],[5.02483,52.42009],[5.02429,52.42012],[5.02356,52.42027],[5.02321,52.42037],[5.02238,52.42077],[5.02194,52.42106],[5.02162,52.42122],[5.02152,52.4212],[5.02141,52.42117],[5.02129,52.42113],[5.02116,52.42107],[5.02047,52.42006],[5.0204,52.41996],[5.02032,52.4199],[5.02019,52.41984],[5.01993,52.41977],[5.01973,52.41969],[5.01932,52.41951],[5.01903,52.41938],[5.01862,52.41921],[5.01852,52.41912],[5.01845,52.41914],[5.01842,52.41913],[5.01821,52.41906],[5.01782,52.4192],[5.01781,52.41919],[5.01757,52.41929],[5.01671,52.41958],[5.01648,52.41966],[5.0163,52.41972],[5.01588,52.41987],[5.01558,52.41997],[5.01523,52.42011],[5.01501,52.42018],[5.01498,52.42019],[5.01495,52.4202],[5.01489,52.42021],[5.01478,52.42024],[5.014,52.42052],[5.01374,52.42063],[5.01372,52.42064],[5.01369,52.42066],[5.01317,52.42084],[5.01285,52.42095],[5.01253,52.42107],[5.01242,52.4211],[5.01214,52.42121],[5.01118,52.42154],[5.01064,52.42175],[5.01031,52.42186],[5.01024,52.42188],[5.01021,52.42188],[5.00955,52.42214],[5.00942,52.42218],[5.00894,52.42235],[5.00872,52.42243],[5.00836,52.42256],[5.00796,52.42269],[5.00795,52.4227],[5.00731,52.42293],[5.00711,52.42299],[5.00687,52.42307],[5.00643,52.42323],[5.00627,52.42329],[5.00619,52.42332],[5.00598,52.4234],[5.00587,52.42344],[5.00572,52.42349],[5.0053,52.42364],[5.00435,52.42398],[5.00406,52.42409],[5.00379,52.42418],[5.00348,52.4243],[5.00318,52.4244],[5.00248,52.42466],[5.00149,52.42501],[5.00119,52.42513],[5.00094,52.42522],[5.00072,52.42529],[5.0003,52.42541],[5.00041,52.42507]]]}},{"type":"Feature","properties":{"name":"Ransdorp","wijk":"Waterland","stadsdeel":"Noord","pop":320},"geometry":{"type":"Polygon","coordinates":[[[4.98428,52.39365],[4.98441,52.39315],[4.9847,52.39185],[4.98496,52.39118],[4.9856,52.39037],[4.98606,52.38985],[4.98678,52.38908],[4.98717,52.3887],[4.98676,52.38855],[4.98588,52.38821],[4.98524,52.38794],[4.9855,52.38775],[4.9871,52.38638],[4.98734,52.38622],[4.98849,52.38521],[4.98862,52.38513],[4.98892,52.38481],[4.98922,52.38483],[4.99016,52.38492],[4.99105,52.38498],[4.99179,52.38502],[4.99207,52.385],[4.99305,52.38489],[4.99318,52.38489],[4.99339,52.3849],[4.99358,52.38493],[4.99377,52.38497],[4.99533,52.38537],[4.99617,52.38551],[4.99626,52.38551],[4.99635,52.38551],[4.99704,52.3854],[4.99713,52.38539],[4.99723,52.3854],[4.99776,52.38548],[4.99791,52.38552],[4.99862,52.38581],[4.99877,52.38585],[4.99891,52.38587],[4.9999,52.38595],[5.00002,52.38595],[5.00014,52.38595],[5.00173,52.38577],[5.00223,52.38573],[5.00245,52.38572],[5.00268,52.38573],[5.00266,52.38615],[5.00256,52.38666],[5.00256,52.38674],[5.00259,52.38688],[5.00274,52.38715],[5.00278,52.38725],[5.00281,52.38737],[5.0028,52.38751],[5.00312,52.38753],[5.00327,52.38755],[5.00387,52.38772],[5.0057,52.38821],[5.00882,52.389],[5.02452,52.3883],[5.0146,52.39622],[5.01354,52.39612],[5.01316,52.39611],[5.01287,52.39608],[5.01268,52.39607],[5.01174,52.39608],[5.01102,52.39604],[5.01064,52.39603],[5.01038,52.39602],[5.00885,52.39605],[5.00848,52.39606],[5.00797,52.39607],[5.00731,52.39612],[5.0067,52.39614],[5.00634,52.39617],[5.00609,52.39621],[5.00531,52.39626],[5.00503,52.39629],[5.0044,52.3964],[5.00411,52.39644],[5.0019,52.39664],[5.00155,52.39666],[5.0006,52.39666],[5.00007,52.39667],[4.99957,52.39671],[4.99875,52.39675],[4.99854,52.39675],[4.9983,52.39674],[4.99813,52.39672],[4.99798,52.39669],[4.99701,52.39639],[4.99657,52.39623],[4.99571,52.39589],[4.99537,52.39578],[4.99499,52.39569],[4.99465,52.39562],[4.99424,52.39548],[4.99316,52.39515],[4.99301,52.39512],[4.9927,52.39507],[4.9893,52.39471],[4.98899,52.39464],[4.98839,52.39444],[4.98815,52.39438],[4.98626,52.39394],[4.98521,52.39374],[4.98498,52.39372],[4.98489,52.39372],[4.98476,52.39373],[4.98463,52.39375],[4.98428,52.39365]]]}},{"type":"Feature","properties":{"name":"Durgerdam","wijk":"Waterland","stadsdeel":"Noord","pop":525},"geometry":{"type":"Polygon","coordinates":[[[4.97033,52.37626],[4.97409,52.37426],[4.97737,52.37252],[4.97974,52.37133],[4.98212,52.37039],[4.9842,52.36973],[4.98654,52.36913],[4.98904,52.36867],[4.99141,52.36838],[4.99387,52.36824],[4.99645,52.36823],[4.99875,52.36836],[5.01444,52.36983],[5.03768,52.3754],[5.02452,52.3883],[5.00882,52.389],[5.0057,52.38821],[5.00387,52.38772],[5.00327,52.38755],[5.00312,52.38753],[5.0028,52.38751],[5.00281,52.38737],[5.00278,52.38725],[5.00274,52.38715],[5.00259,52.38688],[5.00256,52.38674],[5.00256,52.38666],[5.00266,52.38615],[5.00268,52.38573],[5.00245,52.38572],[5.00223,52.38573],[5.00173,52.38577],[5.00014,52.38595],[5.00002,52.38595],[4.9999,52.38595],[4.99891,52.38587],[4.99877,52.38585],[4.99862,52.38581],[4.99791,52.38552],[4.99776,52.38548],[4.99723,52.3854],[4.99713,52.38539],[4.99704,52.3854],[4.99635,52.38551],[4.99626,52.38551],[4.99617,52.38551],[4.99533,52.38537],[4.99377,52.38497],[4.99358,52.38493],[4.99339,52.3849],[4.99318,52.38489],[4.99305,52.38489],[4.99207,52.385],[4.99179,52.38502],[4.99105,52.38498],[4.99016,52.38492],[4.98922,52.38483],[4.98892,52.38481],[4.98891,52.38481],[4.98841,52.3845],[4.98825,52.38443],[4.98816,52.3844],[4.98729,52.3842],[4.98713,52.38415],[4.98609,52.38379],[4.98532,52.38357],[4.98518,52.38351],[4.98509,52.38345],[4.98451,52.38301],[4.984,52.38268],[4.98341,52.38239],[4.98291,52.38217],[4.98241,52.38163],[4.98204,52.38131],[4.98194,52.3812],[4.98164,52.38108],[4.98082,52.38082],[4.98058,52.38075],[4.97934,52.38038],[4.97863,52.38016],[4.97813,52.37998],[4.97715,52.37971],[4.97707,52.37968],[4.97696,52.37961],[4.97691,52.3796],[4.97668,52.37962],[4.9763,52.3797],[4.97622,52.37969],[4.97584,52.3795],[4.97375,52.37857],[4.97033,52.37626]]]}},{"type":"Feature","properties":{"name":"Landelijk gebied Driemond","wijk":"Driemond","stadsdeel":"Weesp","pop":150},"geometry":{"type":"Polygon","coordinates":[[[4.99794,52.31394],[4.9972,52.3135],[4.99761,52.31327],[4.99906,52.31244],[4.99996,52.31195],[5.00141,52.31107],[5.00163,52.31094],[5.00187,52.31082],[5.0021,52.31072],[5.00222,52.31067],[5.0024,52.3106],[5.00265,52.31051],[5.00285,52.31045],[5.00317,52.31036],[5.00344,52.3103],[5.00365,52.31026],[5.00392,52.31022],[5.00407,52.3102],[5.00421,52.31018],[5.00449,52.31015],[5.00616,52.31004],[5.0064,52.31002],[5.0067,52.30998],[5.00684,52.30995],[5.00699,52.30992],[5.00713,52.30989],[5.00727,52.30986],[5.00754,52.30978],[5.00781,52.30969],[5.00793,52.30964],[5.00818,52.30953],[5.00841,52.30942],[5.00853,52.30935],[5.00869,52.30926],[5.00884,52.30915],[5.0097,52.30852],[5.00977,52.30846],[5.00983,52.3084],[5.00994,52.30827],[5.01059,52.30842],[5.01069,52.30832],[5.01075,52.3082],[5.0109,52.30759],[5.0111,52.30761],[5.0112,52.30762],[5.0128,52.30814],[5.01297,52.3082],[5.01313,52.30829],[5.01327,52.30838],[5.01335,52.30845],[5.01348,52.30859],[5.01355,52.30871],[5.01373,52.30915],[5.01409,52.30906],[5.01414,52.30898],[5.01386,52.30845],[5.01387,52.30837],[5.01447,52.30766],[5.0149,52.30775],[5.01598,52.30781],[5.0162,52.30756],[5.01622,52.30755],[5.01625,52.30755],[5.01638,52.30756],[5.01649,52.30756],[5.01712,52.3075],[5.01704,52.30803],[5.02047,52.30821],[5.02016,52.30996],[5.01984,52.31181],[5.01971,52.31251],[5.0193,52.31486],[5.01876,52.3179],[5.01842,52.31975],[5.01827,52.32065],[5.01821,52.32104],[5.01813,52.32154],[5.01806,52.32198],[5.01797,52.32267],[5.01794,52.32312],[5.01794,52.32319],[5.01684,52.32302],[5.01666,52.32299],[5.01658,52.32323],[5.01659,52.32329],[5.01655,52.32344],[5.0165,52.32355],[5.01642,52.32365],[5.01644,52.32369],[5.01637,52.32397],[5.01633,52.32424],[5.0163,52.3243],[5.01624,52.3244],[5.01618,52.32448],[5.01614,52.32451],[5.01579,52.32434],[5.01507,52.32394],[5.01474,52.32374],[5.01414,52.32339],[5.01369,52.32311],[5.01288,52.32266],[5.01246,52.32242],[5.01224,52.32228],[5.01129,52.32173],[5.01088,52.32149],[5.01063,52.32135],[5.01032,52.32116],[5.00975,52.32084],[5.00946,52.32069],[5.00936,52.32063],[5.00877,52.32033],[5.00846,52.32016],[5.00823,52.32002],[5.00798,52.31989],[5.00774,52.31974],[5.00706,52.31935],[5.00678,52.31922],[5.00653,52.31908],[5.0052,52.31828],[5.00501,52.31814],[5.00437,52.31771],[5.00344,52.3171],[5.00306,52.31687],[5.00276,52.31668],[5.00221,52.31633],[5.00153,52.31591],[5.00138,52.31584],[5.00097,52.31564],[5.00054,52.31538],[5.00039,52.31531],[5.00017,52.31521],[4.9999,52.31509],[4.99966,52.31496],[4.99947,52.31485],[4.99922,52.31471],[4.99891,52.31453],[4.99873,52.31443],[4.99866,52.31438],[4.99858,52.31434],[4.99836,52.31421],[4.99835,52.3142],[4.99836,52.3142],[4.99808,52.31404],[4.99794,52.31394]]]}},{"type":"Feature","properties":{"name":"Dorp Driemond","wijk":"Driemond","stadsdeel":"Weesp","pop":1540},"geometry":{"type":"Polygon","coordinates":[[[5.00998,52.30821],[5.01001,52.30814],[5.01021,52.30773],[5.00938,52.3075],[5.00877,52.3074],[5.00863,52.30737],[5.0085,52.30733],[5.00841,52.3073],[5.00835,52.30725],[5.0083,52.3072],[5.00827,52.30714],[5.00827,52.30711],[5.00829,52.30707],[5.00836,52.30705],[5.00843,52.30703],[5.0085,52.30703],[5.00858,52.30703],[5.00865,52.30704],[5.0087,52.30705],[5.00873,52.30708],[5.00878,52.30712],[5.00881,52.30714],[5.00886,52.30715],[5.00895,52.30716],[5.00908,52.30718],[5.00921,52.3072],[5.00954,52.30724],[5.00959,52.30723],[5.00961,52.30722],[5.00987,52.30666],[5.01,52.30642],[5.01019,52.30618],[5.0102,52.30617],[5.0102,52.30615],[5.0102,52.30615],[5.01014,52.30613],[5.00995,52.3061],[5.00949,52.30603],[5.00968,52.30577],[5.00988,52.3056],[5.0099,52.30556],[5.00989,52.30552],[5.00984,52.30548],[5.00958,52.3053],[5.00987,52.30516],[5.01003,52.30509],[5.01043,52.30485],[5.01044,52.30485],[5.01046,52.30484],[5.01048,52.30485],[5.01066,52.30495],[5.01068,52.30495],[5.01071,52.30495],[5.01102,52.30484],[5.01104,52.30484],[5.01105,52.30484],[5.01112,52.30489],[5.01189,52.30451],[5.01131,52.30428],[5.01183,52.30378],[5.01265,52.30388],[5.01272,52.30359],[5.01299,52.30361],[5.01322,52.30362],[5.01339,52.30362],[5.01423,52.30359],[5.01427,52.30368],[5.01448,52.30362],[5.01473,52.30355],[5.01496,52.30347],[5.01524,52.30336],[5.01573,52.3032],[5.0161,52.30308],[5.01639,52.303],[5.01665,52.30294],[5.01671,52.30292],[5.01669,52.30288],[5.01683,52.30285],[5.01713,52.30279],[5.01784,52.30266],[5.01831,52.3026],[5.01859,52.30257],[5.01909,52.30252],[5.01942,52.3025],[5.01975,52.30249],[5.02011,52.30248],[5.02064,52.30247],[5.02155,52.30246],[5.0215,52.30281],[5.02146,52.30314],[5.02141,52.30346],[5.02134,52.30387],[5.02127,52.30418],[5.02116,52.30463],[5.02113,52.30487],[5.02107,52.30515],[5.02104,52.30516],[5.02081,52.30628],[5.02071,52.3068],[5.02053,52.30786],[5.02047,52.30821],[5.01704,52.30803],[5.01712,52.3075],[5.01649,52.30756],[5.01638,52.30756],[5.01625,52.30755],[5.01622,52.30755],[5.0162,52.30756],[5.01598,52.30781],[5.0149,52.30775],[5.01447,52.30766],[5.01387,52.30837],[5.01386,52.30845],[5.01414,52.30898],[5.01409,52.30906],[5.01373,52.30915],[5.01355,52.30871],[5.01348,52.30859],[5.01335,52.30845],[5.01327,52.30838],[5.01313,52.30829],[5.01297,52.3082],[5.0128,52.30814],[5.0112,52.30762],[5.0111,52.30761],[5.0109,52.30759],[5.01075,52.3082],[5.01069,52.30832],[5.01059,52.30842],[5.00994,52.30827],[5.00998,52.30821]]]}},{"type":"Feature","properties":{"name":"Weespersluis-Noord","wijk":"Bloemendalerpolder","stadsdeel":"Weesp","pop":5},"geometry":{"type":"Polygon","coordinates":[[[5.04343,52.32785],[5.04323,52.32797],[5.04313,52.32802],[5.04296,52.3281],[5.04278,52.32817],[5.04269,52.32821],[5.04255,52.32827],[5.04239,52.32832],[5.04139,52.32864],[5.04113,52.32872],[5.04066,52.32884],[5.04026,52.32893],[5.03998,52.32899],[5.03956,52.32908],[5.03905,52.32917],[5.03683,52.32955],[5.03632,52.32964],[5.03562,52.32979],[5.03474,52.32995],[5.03412,52.33005],[5.03315,52.33021],[5.03218,52.33037],[5.03137,52.33049],[5.03094,52.33055],[5.03036,52.33062],[5.02993,52.33067],[5.0295,52.33072],[5.02906,52.33076],[5.02886,52.33078],[5.02856,52.33079],[5.02833,52.3308],[5.02806,52.33081],[5.02776,52.33081],[5.02756,52.33081],[5.02727,52.3308],[5.02707,52.33078],[5.02687,52.33077],[5.02656,52.33074],[5.02613,52.3307],[5.02585,52.33067],[5.0256,52.33065],[5.02541,52.33064],[5.02509,52.33063],[5.02482,52.33063],[5.02458,52.33064],[5.02441,52.33064],[5.0241,52.33066],[5.0239,52.33068],[5.02367,52.33071],[5.02338,52.33075],[5.02312,52.33079],[5.02283,52.33083],[5.02254,52.33085],[5.02232,52.33087],[5.02218,52.33087],[5.02203,52.33087],[5.02178,52.33087],[5.02159,52.33086],[5.02144,52.33085],[5.02123,52.33084],[5.0209,52.33081],[5.02061,52.33078],[5.02023,52.33073],[5.01971,52.33065],[5.0189,52.33051],[5.01847,52.33043],[5.018,52.33034],[5.01728,52.33019],[5.01759,52.3295],[5.01787,52.32871],[5.01798,52.32835],[5.01811,52.32782],[5.01822,52.32703],[5.0183,52.32609],[5.0184,52.32471],[5.01843,52.32434],[5.02336,52.32222],[5.02442,52.32319],[5.02372,52.32341],[5.02692,52.32717],[5.02763,52.32697],[5.02786,52.32724],[5.02861,52.32701],[5.02825,52.32652],[5.02966,52.32614],[5.03001,52.32661],[5.03113,52.32631],[5.03109,52.32626],[5.03256,52.32597],[5.03231,52.32542],[5.03286,52.32527],[5.03305,52.32518],[5.03369,52.32504],[5.03401,52.32578],[5.03494,52.32565],[5.03502,52.32586],[5.03597,52.3257],[5.03607,52.326],[5.03614,52.3262],[5.03762,52.32605],[5.03752,52.32569],[5.03962,52.32553],[5.03961,52.32548],[5.04101,52.32535],[5.04101,52.3251],[5.04561,52.32567],[5.04755,52.32564],[5.0476,52.32564],[5.04765,52.32563],[5.04769,52.32562],[5.04772,52.32561],[5.04776,52.32558],[5.04778,52.32556],[5.04779,52.32553],[5.04779,52.3255],[5.04767,52.32496],[5.04763,52.32459],[5.05167,52.32431],[5.05164,52.32373],[5.0567,52.32348],[5.05663,52.32321],[5.05665,52.32316],[5.05682,52.32312],[5.05676,52.32292],[5.05666,52.3228],[5.05986,52.32125],[5.06013,52.32107],[5.06039,52.32116],[5.06054,52.32123],[5.06067,52.3213],[5.06093,52.32146],[5.06108,52.32157],[5.06116,52.32164],[5.06142,52.32172],[5.06147,52.32175],[5.0615,52.32178],[5.06152,52.3218],[5.06153,52.32182],[5.06152,52.32185],[5.06144,52.32204],[5.0611,52.32208],[5.06114,52.32217],[5.06118,52.32228],[5.0612,52.32233],[5.06121,52.32236],[5.06126,52.32253],[5.06132,52.32283],[5.06139,52.32309],[5.06141,52.32323],[5.06144,52.32332],[5.06152,52.32368],[5.06041,52.32396],[5.06016,52.32403],[5.06007,52.32406],[5.05993,52.32413],[5.05975,52.32422],[5.05947,52.32434],[5.05923,52.32443],[5.05902,52.32451],[5.05897,52.32453],[5.05887,52.3246],[5.05855,52.32471],[5.05816,52.32483],[5.05779,52.32494],[5.05748,52.32503],[5.05699,52.32516],[5.05639,52.3253],[5.05581,52.32544],[5.05569,52.32541],[5.05565,52.32542],[5.05557,52.32553],[5.05519,52.32563],[5.05505,52.32566],[5.05476,52.3257],[5.05462,52.32572],[5.05448,52.32575],[5.05431,52.32579],[5.05431,52.32578],[5.05425,52.32578],[5.05408,52.32581],[5.05364,52.32593],[5.05323,52.32603],[5.05214,52.32628],[5.05119,52.32652],[5.0505,52.32669],[5.04981,52.32685],[5.0494,52.32694],[5.04929,52.32696],[5.04918,52.32698],[5.04901,52.327],[5.04884,52.32702],[5.04873,52.32702],[5.04861,52.32703],[5.04844,52.32703],[5.04827,52.32703],[5.04813,52.32702],[5.04787,52.32699],[5.04765,52.32696],[5.04743,52.32691],[5.04709,52.32683],[5.04684,52.32678],[5.04674,52.32677],[5.04657,52.32675],[5.04639,52.32673],[5.0463,52.32673],[5.04609,52.32673],[5.04595,52.32674],[5.04581,52.32674],[5.04565,52.32676],[5.04553,52.32678],[5.04539,52.3268],[5.04523,52.32684],[5.04513,52.32686],[5.04498,52.3269],[5.04479,52.32697],[5.04461,52.32704],[5.04451,52.32709],[5.0444,52.32715],[5.04478,52.3274],[5.04486,52.32745],[5.04485,52.32746],[5.04467,52.32752],[5.04391,52.32799],[5.04355,52.32778],[5.04343,52.32785]]]}},{"type":"Feature","properties":{"name":"Waterrijk","wijk":"Bloemendalerpolder","stadsdeel":"Weesp","pop":105},"geometry":{"type":"Polygon","coordinates":[[[5.06013,52.32107],[5.05986,52.32125],[5.05666,52.3228],[5.05676,52.32292],[5.05682,52.32312],[5.05665,52.32316],[5.05663,52.32321],[5.0567,52.32348],[5.05164,52.32373],[5.05167,52.32431],[5.04763,52.32459],[5.04767,52.32496],[5.04779,52.3255],[5.04779,52.32553],[5.04778,52.32556],[5.04776,52.32558],[5.04772,52.32561],[5.04769,52.32562],[5.04765,52.32563],[5.0476,52.32564],[5.04755,52.32564],[5.04561,52.32567],[5.04101,52.3251],[5.04101,52.32535],[5.03961,52.32548],[5.03962,52.32553],[5.03752,52.32569],[5.03762,52.32605],[5.03614,52.3262],[5.03607,52.326],[5.03597,52.3257],[5.03502,52.32586],[5.03494,52.32565],[5.03401,52.32578],[5.03369,52.32504],[5.03305,52.32518],[5.03286,52.32527],[5.03231,52.32542],[5.03256,52.32597],[5.03109,52.32626],[5.03113,52.32631],[5.03001,52.32661],[5.02966,52.32614],[5.02825,52.32652],[5.02861,52.32701],[5.02786,52.32724],[5.02763,52.32697],[5.02692,52.32717],[5.02372,52.32341],[5.02442,52.32319],[5.02516,52.32298],[5.02525,52.32307],[5.02626,52.32276],[5.02651,52.32306],[5.02904,52.32259],[5.02923,52.32286],[5.031,52.32254],[5.03109,52.3227],[5.03237,52.32247],[5.03254,52.32272],[5.03479,52.3224],[5.03488,52.32255],[5.03714,52.32215],[5.03735,52.32244],[5.04117,52.32183],[5.04126,52.32199],[5.04389,52.32161],[5.04481,52.32137],[5.04539,52.32122],[5.04717,52.32064],[5.04789,52.32131],[5.0505,52.32032],[5.05162,52.32099],[5.05223,52.32146],[5.05644,52.31993],[5.05674,52.3196],[5.05732,52.31997],[5.05779,52.32025],[5.05814,52.32042],[5.0585,52.32056],[5.05906,52.32073],[5.05959,52.3209],[5.05976,52.32095],[5.06013,52.32107]]]}},{"type":"Feature","properties":{"name":"Lanenrijk","wijk":"Bloemendalerpolder","stadsdeel":"Weesp","pop":2135},"geometry":{"type":"Polygon","coordinates":[[[5.02336,52.32222],[5.02416,52.32188],[5.02972,52.31934],[5.03159,52.31841],[5.03481,52.31774],[5.04352,52.31585],[5.04479,52.31749],[5.04365,52.31784],[5.04272,52.31804],[5.04275,52.31823],[5.04353,52.31959],[5.04481,52.32137],[5.04389,52.32161],[5.04126,52.32199],[5.04117,52.32183],[5.03735,52.32244],[5.03714,52.32215],[5.03488,52.32255],[5.03479,52.3224],[5.03254,52.32272],[5.03237,52.32247],[5.03109,52.3227],[5.031,52.32254],[5.02923,52.32286],[5.02904,52.32259],[5.02651,52.32306],[5.02626,52.32276],[5.02525,52.32307],[5.02516,52.32298],[5.02442,52.32319],[5.02336,52.32222]]]}},{"type":"Feature","properties":{"name":"Vechtrijk","wijk":"Bloemendalerpolder","stadsdeel":"Weesp","pop":305},"geometry":{"type":"Polygon","coordinates":[[[5.04353,52.31959],[5.04275,52.31823],[5.04272,52.31804],[5.04365,52.31784],[5.04479,52.31749],[5.04352,52.31585],[5.04598,52.31532],[5.04855,52.31477],[5.04844,52.31399],[5.04931,52.3139],[5.05025,52.31368],[5.052,52.3135],[5.05167,52.3142],[5.052,52.31488],[5.05319,52.31556],[5.05488,52.31596],[5.05617,52.31628],[5.05669,52.31645],[5.05685,52.31632],[5.05715,52.31603],[5.0573,52.31607],[5.05748,52.31612],[5.05776,52.3162],[5.05793,52.31624],[5.05824,52.31629],[5.05834,52.31632],[5.05804,52.31668],[5.05909,52.31705],[5.05877,52.31742],[5.05817,52.31807],[5.05674,52.3196],[5.05644,52.31993],[5.05223,52.32146],[5.05162,52.32099],[5.0505,52.32032],[5.04789,52.32131],[5.04717,52.32064],[5.04539,52.32122],[5.04481,52.32137],[5.04353,52.31959]]]}},{"type":"Feature","properties":{"name":"Leeuwenveld","wijk":"Bloemendalerpolder","stadsdeel":"Weesp","pop":1565},"geometry":{"type":"Polygon","coordinates":[[[5.03159,52.31841],[5.03987,52.31443],[5.04579,52.31121],[5.04629,52.31168],[5.04679,52.31224],[5.04757,52.31233],[5.048,52.31254],[5.04816,52.31272],[5.04826,52.31301],[5.04844,52.31399],[5.04855,52.31477],[5.04598,52.31532],[5.04352,52.31585],[5.03481,52.31774],[5.03159,52.31841]]]}},{"type":"Feature","properties":{"name":"Bedrijventerrein Nijverheidslaan","wijk":"Bloemendalerpolder","stadsdeel":"Weesp","pop":35},"geometry":{"type":"Polygon","coordinates":[[[5.04579,52.31121],[5.04647,52.31084],[5.04683,52.3106],[5.04713,52.31038],[5.04775,52.30998],[5.04983,52.31],[5.0519,52.31],[5.05488,52.31015],[5.05625,52.31036],[5.05692,52.31069],[5.05664,52.31139],[5.05563,52.31182],[5.05374,52.31248],[5.0529,52.31293],[5.052,52.3135],[5.05025,52.31368],[5.04931,52.3139],[5.04844,52.31399],[5.04826,52.31301],[5.04816,52.31272],[5.048,52.31254],[5.04757,52.31233],[5.04679,52.31224],[5.04629,52.31168],[5.04579,52.31121]]]}},{"type":"Feature","properties":{"name":"Bedrijventerrein-Noord Weesp","wijk":"Weesp-Noordwest","stadsdeel":"Weesp","pop":125},"geometry":{"type":"Polygon","coordinates":[[[5.01794,52.32319],[5.01794,52.32312],[5.01797,52.32267],[5.01806,52.32198],[5.01813,52.32154],[5.01821,52.32104],[5.01827,52.32065],[5.01842,52.31975],[5.01876,52.3179],[5.0193,52.31486],[5.01971,52.31251],[5.01984,52.31181],[5.02016,52.30996],[5.02047,52.30821],[5.02053,52.30786],[5.02071,52.3068],[5.02081,52.30628],[5.02104,52.30516],[5.02107,52.30515],[5.02113,52.30487],[5.02116,52.30463],[5.02127,52.30418],[5.02231,52.30444],[5.02282,52.30461],[5.02331,52.30488],[5.02382,52.30537],[5.02413,52.30573],[5.0233,52.30603],[5.02312,52.30715],[5.02301,52.30716],[5.02272,52.30892],[5.02245,52.31026],[5.02733,52.31028],[5.02734,52.3138],[5.02735,52.31621],[5.02737,52.31666],[5.02745,52.31706],[5.02756,52.31735],[5.02779,52.31768],[5.02812,52.31803],[5.02847,52.31832],[5.0292,52.31896],[5.02972,52.31934],[5.02416,52.32188],[5.02336,52.32222],[5.01843,52.32434],[5.01844,52.32417],[5.01849,52.3233],[5.01794,52.32319]]]}},{"type":"Feature","properties":{"name":"Hogewey-Noord","wijk":"Weesp-Noordwest","stadsdeel":"Weesp","pop":1150},"geometry":{"type":"Polygon","coordinates":[[[5.0292,52.31896],[5.02847,52.31832],[5.02812,52.31803],[5.02779,52.31768],[5.02756,52.31735],[5.02745,52.31706],[5.02737,52.31666],[5.02735,52.31621],[5.02734,52.3138],[5.03041,52.31382],[5.0334,52.3143],[5.03241,52.31573],[5.03214,52.31642],[5.03193,52.31717],[5.03159,52.31841],[5.02972,52.31934],[5.0292,52.31896]]]}},{"type":"Feature","properties":{"name":"Hogewey-Midden","wijk":"Weesp-Noordwest","stadsdeel":"Weesp","pop":1820},"geometry":{"type":"Polygon","coordinates":[[[5.02734,52.3138],[5.02733,52.31028],[5.03241,52.31024],[5.03483,52.31021],[5.03637,52.31029],[5.03479,52.31234],[5.0334,52.3143],[5.03041,52.31382],[5.02734,52.3138]]]}},{"type":"Feature","properties":{"name":"Hogewey-Zuid","wijk":"Weesp-Noordwest","stadsdeel":"Weesp","pop":1910},"geometry":{"type":"Polygon","coordinates":[[[5.02733,52.31028],[5.02245,52.31026],[5.02272,52.30892],[5.02301,52.30716],[5.02312,52.30715],[5.0233,52.30603],[5.02413,52.30573],[5.02442,52.30607],[5.02597,52.30738],[5.02686,52.30778],[5.02755,52.30788],[5.03054,52.30779],[5.03278,52.30786],[5.03386,52.3081],[5.03511,52.30838],[5.03561,52.30849],[5.03716,52.30878],[5.037,52.30909],[5.03706,52.30936],[5.03676,52.30979],[5.03637,52.31029],[5.03483,52.31021],[5.03241,52.31024],[5.02733,52.31028]]]}},{"type":"Feature","properties":{"name":"Weesp Dichtersbuurt","wijk":"Weesp-Noordwest","stadsdeel":"Weesp","pop":1830},"geometry":{"type":"Polygon","coordinates":[[[5.03987,52.31443],[5.03159,52.31841],[5.03193,52.31717],[5.03214,52.31642],[5.03241,52.31573],[5.0334,52.3143],[5.03449,52.31451],[5.03699,52.31318],[5.03851,52.31235],[5.04144,52.31157],[5.04183,52.31143],[5.04215,52.31129],[5.04273,52.31098],[5.04348,52.31037],[5.04375,52.31028],[5.04439,52.30995],[5.04549,52.30988],[5.04606,52.30979],[5.04665,52.30962],[5.04775,52.30998],[5.04713,52.31038],[5.04683,52.3106],[5.04647,52.31084],[5.04579,52.31121],[5.03987,52.31443]]]}},{"type":"Feature","properties":{"name":"Weesp Schildersbuurt","wijk":"Weesp-Noordwest","stadsdeel":"Weesp","pop":1090},"geometry":{"type":"Polygon","coordinates":[[[5.0334,52.3143],[5.03479,52.31234],[5.03637,52.31029],[5.03657,52.3103],[5.03703,52.31041],[5.03709,52.31047],[5.03738,52.31043],[5.03778,52.31043],[5.03906,52.31039],[5.04005,52.31037],[5.04202,52.31118],[5.04215,52.31129],[5.04183,52.31143],[5.04144,52.31157],[5.03851,52.31235],[5.03699,52.31318],[5.03449,52.31451],[5.0334,52.3143]]]}},{"type":"Feature","properties":{"name":"Herensingelkwartier","wijk":"Weesp Binnenstad/Zuid","stadsdeel":"Weesp","pop":1025},"geometry":{"type":"Polygon","coordinates":[[[5.03637,52.31029],[5.03676,52.30979],[5.03706,52.30936],[5.037,52.30909],[5.03716,52.30878],[5.03737,52.30879],[5.03938,52.30851],[5.04291,52.30903],[5.0432,52.30914],[5.04439,52.30995],[5.04375,52.31028],[5.04348,52.31037],[5.04273,52.31098],[5.04215,52.31129],[5.04202,52.31118],[5.04005,52.31037],[5.03906,52.31039],[5.03778,52.31043],[5.03738,52.31043],[5.03709,52.31047],[5.03703,52.31041],[5.03657,52.3103],[5.03637,52.31029]]]}},{"type":"Feature","properties":{"name":"Bedrijventerrein Van Houten","wijk":"Weesp Binnenstad/Zuid","stadsdeel":"Weesp","pop":535},"geometry":{"type":"Polygon","coordinates":[[[5.02127,52.30418],[5.02134,52.30387],[5.02141,52.30346],[5.02146,52.30314],[5.0215,52.30281],[5.02234,52.30285],[5.02372,52.30288],[5.02438,52.30287],[5.02664,52.30268],[5.02943,52.30238],[5.03123,52.30223],[5.03283,52.30222],[5.03596,52.30233],[5.03668,52.30237],[5.03666,52.30268],[5.03681,52.30341],[5.03721,52.30402],[5.0375,52.30446],[5.03724,52.30473],[5.03615,52.30572],[5.03583,52.30624],[5.03571,52.30654],[5.03562,52.30693],[5.03562,52.30739],[5.03573,52.30799],[5.03561,52.30849],[5.03511,52.30838],[5.03386,52.3081],[5.03278,52.30786],[5.03054,52.30779],[5.02755,52.30788],[5.02686,52.30778],[5.02597,52.30738],[5.02442,52.30607],[5.02413,52.30573],[5.02382,52.30537],[5.02331,52.30488],[5.02282,52.30461],[5.02231,52.30444],[5.02127,52.30418]]]}},{"type":"Feature","properties":{"name":"Weesp Centrum","wijk":"Weesp Binnenstad/Zuid","stadsdeel":"Weesp","pop":2185},"geometry":{"type":"Polygon","coordinates":[[[5.03561,52.30849],[5.03573,52.30799],[5.03562,52.30739],[5.03562,52.30693],[5.03571,52.30654],[5.03583,52.30624],[5.03615,52.30572],[5.03724,52.30473],[5.0375,52.30446],[5.03769,52.30449],[5.03799,52.30461],[5.03928,52.3051],[5.03977,52.30532],[5.04109,52.30492],[5.04177,52.30453],[5.04278,52.30343],[5.04319,52.30332],[5.04365,52.3035],[5.04494,52.30428],[5.04551,52.30437],[5.04743,52.30428],[5.04767,52.30436],[5.0478,52.30451],[5.04835,52.3056],[5.04844,52.30648],[5.04884,52.30697],[5.04911,52.30735],[5.04901,52.30752],[5.04863,52.30768],[5.04784,52.30787],[5.04711,52.30815],[5.04671,52.30865],[5.04664,52.30921],[5.04665,52.30962],[5.04606,52.30979],[5.04549,52.30988],[5.04439,52.30995],[5.0432,52.30914],[5.04291,52.30903],[5.03938,52.30851],[5.03737,52.30879],[5.03716,52.30878],[5.03561,52.30849]]]}},{"type":"Feature","properties":{"name":"Weesp-Zuid I","wijk":"Weesp Binnenstad/Zuid","stadsdeel":"Weesp","pop":570},"geometry":{"type":"Polygon","coordinates":[[[5.0375,52.30446],[5.03721,52.30402],[5.03681,52.30341],[5.03666,52.30268],[5.03668,52.30237],[5.04112,52.3026],[5.04192,52.30258],[5.04276,52.30252],[5.04319,52.30332],[5.04278,52.30343],[5.04177,52.30453],[5.04109,52.30492],[5.03977,52.30532],[5.03928,52.3051],[5.03799,52.30461],[5.03769,52.30449],[5.0375,52.30446]]]}},{"type":"Feature","properties":{"name":"Weesp-Zuid II","wijk":"Weesp Binnenstad/Zuid","stadsdeel":"Weesp","pop":645},"geometry":{"type":"Polygon","coordinates":[[[5.04276,52.30252],[5.04422,52.30232],[5.04509,52.30216],[5.04575,52.30198],[5.04641,52.30176],[5.047,52.30153],[5.04805,52.30195],[5.05152,52.3027],[5.05232,52.30284],[5.05294,52.30308],[5.05197,52.30374],[5.0505,52.30442],[5.04841,52.30556],[5.04835,52.3056],[5.0478,52.30451],[5.04767,52.30436],[5.04743,52.30428],[5.04551,52.30437],[5.04494,52.30428],[5.04365,52.3035],[5.04319,52.30332],[5.04276,52.30252]]]}},{"type":"Feature","properties":{"name":"De Klomp","wijk":"Weesp Binnenstad/Zuid","stadsdeel":"Weesp","pop":660},"geometry":{"type":"Polygon","coordinates":[[[5.047,52.30153],[5.0479,52.30117],[5.04824,52.30097],[5.04873,52.30073],[5.04952,52.30022],[5.05017,52.29969],[5.05047,52.29946],[5.05216,52.29995],[5.05326,52.30024],[5.05405,52.30063],[5.0539,52.30076],[5.05375,52.30105],[5.05328,52.30231],[5.05294,52.30308],[5.05232,52.30284],[5.05152,52.3027],[5.04805,52.30195],[5.047,52.30153]]]}},{"type":"Feature","properties":{"name":"Aetsveldsepolder","wijk":"Aetsveld/Oostelijke Vechtoever","stadsdeel":"Weesp","pop":470},"geometry":{"type":"Polygon","coordinates":[[[5.03668,52.30237],[5.03596,52.30233],[5.03283,52.30222],[5.03123,52.30223],[5.02943,52.30238],[5.02664,52.30268],[5.02438,52.30287],[5.02372,52.30288],[5.02234,52.30285],[5.0215,52.30281],[5.02155,52.30246],[5.02162,52.30186],[5.02167,52.30122],[5.02172,52.29841],[5.02185,52.2899],[5.02186,52.28943],[5.02193,52.28493],[5.02187,52.28265],[5.02279,52.2822],[5.02281,52.28219],[5.02283,52.28215],[5.02288,52.2821],[5.02299,52.28203],[5.02307,52.28198],[5.02321,52.28191],[5.02326,52.2819],[5.02336,52.2819],[5.02342,52.28188],[5.02369,52.28171],[5.02437,52.28137],[5.02438,52.28136],[5.02447,52.28142],[5.02456,52.28153],[5.02474,52.28176],[5.02525,52.28237],[5.02569,52.28294],[5.02602,52.28336],[5.02628,52.28367],[5.02635,52.28378],[5.02651,52.28398],[5.02669,52.28418],[5.02698,52.28452],[5.02706,52.2846],[5.02749,52.2851],[5.02754,52.28517],[5.02767,52.28531],[5.02782,52.28549],[5.02892,52.28669],[5.02916,52.28697],[5.02952,52.28735],[5.03006,52.28795],[5.03053,52.28849],[5.03093,52.28814],[5.03144,52.28771],[5.03186,52.28736],[5.03225,52.28705],[5.03275,52.28665],[5.03292,52.28651],[5.03321,52.28626],[5.03335,52.28625],[5.03342,52.28632],[5.03427,52.28594],[5.03487,52.28566],[5.03515,52.28553],[5.03556,52.28532],[5.03671,52.28475],[5.03681,52.28469],[5.03718,52.28447],[5.03766,52.28421],[5.03784,52.28411],[5.03826,52.28386],[5.03842,52.28377],[5.03866,52.28364],[5.03943,52.28324],[5.0395,52.28325],[5.03958,52.28329],[5.04015,52.28358],[5.04047,52.28372],[5.04074,52.28388],[5.04077,52.28388],[5.0408,52.28388],[5.04094,52.2838],[5.04163,52.28337],[5.04176,52.28327],[5.04278,52.28249],[5.0431,52.28262],[5.0434,52.28275],[5.04396,52.28304],[5.04446,52.28333],[5.04518,52.2837],[5.04551,52.28389],[5.04655,52.28448],[5.04689,52.28466],[5.04707,52.28474],[5.04749,52.28502],[5.04752,52.28506],[5.04783,52.28539],[5.04806,52.28564],[5.04807,52.28565],[5.04811,52.28566],[5.04816,52.28567],[5.0482,52.2857],[5.04822,52.28573],[5.04845,52.28596],[5.04898,52.28648],[5.04925,52.28677],[5.04942,52.28694],[5.04974,52.28724],[5.05013,52.28757],[5.05038,52.2878],[5.05035,52.28781],[5.05041,52.28787],[5.05064,52.2878],[5.05072,52.28777],[5.05085,52.2877],[5.05098,52.28762],[5.05128,52.28741],[5.0513,52.2874],[5.05136,52.28738],[5.05149,52.28735],[5.05154,52.28734],[5.05158,52.28732],[5.05198,52.28706],[5.05249,52.28669],[5.05277,52.28649],[5.05344,52.28685],[5.05349,52.28687],[5.05411,52.28719],[5.05478,52.28752],[5.05488,52.28757],[5.05503,52.28763],[5.05531,52.28773],[5.05543,52.28776],[5.05559,52.28783],[5.0564,52.28814],[5.05729,52.28847],[5.05734,52.28848],[5.05756,52.28858],[5.05773,52.28865],[5.05819,52.28883],[5.0583,52.28887],[5.05867,52.28901],[5.05913,52.28919],[5.05941,52.2893],[5.05946,52.28931],[5.05954,52.28932],[5.05981,52.28915],[5.06009,52.28899],[5.06093,52.28852],[5.06139,52.28828],[5.06241,52.2877],[5.06324,52.28723],[5.06331,52.28717],[5.06375,52.28674],[5.06402,52.28648],[5.0642,52.28629],[5.06428,52.28614],[5.06479,52.28508],[5.06534,52.28519],[5.06543,52.2852],[5.06547,52.2852],[5.06566,52.28269],[5.0655,52.28136],[5.06549,52.28127],[5.06558,52.28125],[5.06567,52.28125],[5.06576,52.28125],[5.06582,52.28126],[5.06588,52.28127],[5.06587,52.28114],[5.06642,52.28094],[5.06722,52.28117],[5.06962,52.28268],[5.07,52.28378],[5.06976,52.28433],[5.06944,52.28499],[5.06915,52.28552],[5.06927,52.28629],[5.07003,52.28691],[5.07111,52.28782],[5.07202,52.28869],[5.07275,52.28963],[5.07338,52.29105],[5.0744,52.29234],[5.07543,52.29295],[5.0766,52.29333],[5.07823,52.29353],[5.07993,52.29384],[5.08055,52.29419],[5.08105,52.29471],[5.08106,52.2956],[5.08051,52.2966],[5.07894,52.29746],[5.07758,52.29813],[5.07666,52.2982],[5.07483,52.29754],[5.0724,52.2968],[5.07136,52.29672],[5.06966,52.29657],[5.06832,52.29659],[5.06635,52.29638],[5.06438,52.29603],[5.06278,52.29602],[5.06209,52.29628],[5.06117,52.29697],[5.05945,52.29875],[5.0582,52.29929],[5.05667,52.2996],[5.05531,52.29988],[5.05455,52.30013],[5.05405,52.30063],[5.05326,52.30024],[5.05216,52.29995],[5.05047,52.29946],[5.05017,52.29969],[5.04707,52.29882],[5.04695,52.29871],[5.0471,52.29847],[5.04525,52.29789],[5.0453,52.29752],[5.04553,52.29727],[5.04608,52.29687],[5.04616,52.29677],[5.04391,52.29622],[5.04343,52.29682],[5.04212,52.29657],[5.04129,52.29646],[5.04078,52.29643],[5.0402,52.29642],[5.03774,52.29616],[5.03639,52.29596],[5.03617,52.29627],[5.03594,52.29684],[5.03589,52.29705],[5.03589,52.29724],[5.03609,52.29783],[5.03622,52.29846],[5.03628,52.29869],[5.03657,52.29936],[5.03661,52.29958],[5.03661,52.29991],[5.03666,52.30055],[5.03666,52.30103],[5.03656,52.30146],[5.03654,52.30166],[5.03684,52.30169],[5.03668,52.30237]]]}},{"type":"Feature","properties":{"name":"Aetsveld-Zuid","wijk":"Aetsveld/Oostelijke Vechtoever","stadsdeel":"Weesp","pop":1750},"geometry":{"type":"Polygon","coordinates":[[[5.03684,52.30169],[5.03654,52.30166],[5.03656,52.30146],[5.03666,52.30103],[5.03666,52.30055],[5.03661,52.29991],[5.03661,52.29958],[5.03657,52.29936],[5.03628,52.29869],[5.03622,52.29846],[5.03609,52.29783],[5.03589,52.29724],[5.03589,52.29705],[5.03594,52.29684],[5.03617,52.29627],[5.03639,52.29596],[5.03774,52.29616],[5.0402,52.29642],[5.04078,52.29643],[5.04129,52.29646],[5.04212,52.29657],[5.04343,52.29682],[5.04391,52.29622],[5.04616,52.29677],[5.04608,52.29687],[5.04553,52.29727],[5.0453,52.29752],[5.04525,52.29789],[5.0471,52.29847],[5.04695,52.29871],[5.04707,52.29882],[5.05017,52.29969],[5.04952,52.30022],[5.04873,52.30073],[5.04824,52.30097],[5.04783,52.30067],[5.04733,52.30033],[5.04719,52.30022],[5.04712,52.30014],[5.04687,52.29971],[5.0468,52.29964],[5.0467,52.29957],[5.04661,52.29951],[5.0465,52.29945],[5.04607,52.29933],[5.04588,52.29928],[5.04575,52.29922],[5.04566,52.29917],[5.04529,52.29878],[5.04518,52.2987],[5.04502,52.29864],[5.04481,52.29856],[5.04317,52.29822],[5.04301,52.2982],[5.04292,52.29821],[5.04248,52.29837],[5.04233,52.29842],[5.04217,52.29843],[5.04201,52.29843],[5.04124,52.29832],[5.04115,52.29832],[5.04103,52.29834],[5.04045,52.29857],[5.04039,52.29861],[5.04034,52.29865],[5.03989,52.29989],[5.03982,52.29998],[5.03972,52.30007],[5.0395,52.30021],[5.03933,52.30029],[5.03906,52.30038],[5.03879,52.30045],[5.03854,52.30053],[5.03791,52.30081],[5.0374,52.30112],[5.03711,52.30135],[5.03698,52.30147],[5.03684,52.30169]]]}},{"type":"Feature","properties":{"name":"Aetsveld-Noord","wijk":"Aetsveld/Oostelijke Vechtoever","stadsdeel":"Weesp","pop":1620},"geometry":{"type":"Polygon","coordinates":[[[5.03668,52.30237],[5.03684,52.30169],[5.03698,52.30147],[5.03711,52.30135],[5.0374,52.30112],[5.03791,52.30081],[5.03854,52.30053],[5.03879,52.30045],[5.03906,52.30038],[5.03933,52.30029],[5.0395,52.30021],[5.03972,52.30007],[5.03982,52.29998],[5.03989,52.29989],[5.04034,52.29865],[5.04039,52.29861],[5.04045,52.29857],[5.04103,52.29834],[5.04115,52.29832],[5.04124,52.29832],[5.04201,52.29843],[5.04217,52.29843],[5.04233,52.29842],[5.04248,52.29837],[5.04292,52.29821],[5.04301,52.2982],[5.04317,52.29822],[5.04481,52.29856],[5.04502,52.29864],[5.04518,52.2987],[5.04529,52.29878],[5.04566,52.29917],[5.04575,52.29922],[5.04588,52.29928],[5.04607,52.29933],[5.0465,52.29945],[5.04661,52.29951],[5.0467,52.29957],[5.0468,52.29964],[5.04687,52.29971],[5.04712,52.30014],[5.04719,52.30022],[5.04733,52.30033],[5.04783,52.30067],[5.04824,52.30097],[5.0479,52.30117],[5.047,52.30153],[5.04641,52.30176],[5.04575,52.30198],[5.04509,52.30216],[5.04422,52.30232],[5.04276,52.30252],[5.04192,52.30258],[5.04112,52.3026],[5.03668,52.30237]]]}},{"type":"Feature","properties":{"name":"Oostelijke Vechtoever","wijk":"Aetsveld/Oostelijke Vechtoever","stadsdeel":"Weesp","pop":545},"geometry":{"type":"Polygon","coordinates":[[[5.04665,52.30962],[5.04664,52.30921],[5.04671,52.30865],[5.04711,52.30815],[5.04784,52.30787],[5.04863,52.30768],[5.04901,52.30752],[5.04911,52.30735],[5.04884,52.30697],[5.04844,52.30648],[5.04835,52.3056],[5.04841,52.30556],[5.0505,52.30442],[5.05197,52.30374],[5.05294,52.30308],[5.05328,52.30231],[5.05375,52.30105],[5.0539,52.30076],[5.05405,52.30063],[5.05455,52.30013],[5.05531,52.29988],[5.05667,52.2996],[5.0582,52.29929],[5.05945,52.29875],[5.06117,52.29697],[5.06209,52.29628],[5.06278,52.29602],[5.06438,52.29603],[5.06635,52.29638],[5.06832,52.29659],[5.06966,52.29657],[5.07136,52.29672],[5.0724,52.2968],[5.07483,52.29754],[5.07666,52.2982],[5.07758,52.29813],[5.07894,52.29746],[5.08051,52.2966],[5.08106,52.2956],[5.08105,52.29471],[5.08055,52.29419],[5.07993,52.29384],[5.07823,52.29353],[5.0766,52.29333],[5.07543,52.29295],[5.0744,52.29234],[5.07338,52.29105],[5.07275,52.28963],[5.07202,52.28869],[5.07111,52.28782],[5.07003,52.28691],[5.06927,52.28629],[5.06915,52.28552],[5.06944,52.28499],[5.06976,52.28433],[5.07,52.28378],[5.06962,52.28268],[5.06722,52.28117],[5.06642,52.28094],[5.06587,52.28114],[5.06586,52.28111],[5.0659,52.28055],[5.06582,52.28053],[5.06575,52.28052],[5.06567,52.28051],[5.06561,52.28051],[5.06552,52.28051],[5.06547,52.28051],[5.06524,52.28053],[5.06505,52.28056],[5.06483,52.2806],[5.06465,52.28065],[5.06458,52.28067],[5.06448,52.28071],[5.06441,52.28074],[5.06399,52.28026],[5.06394,52.2801],[5.06393,52.28008],[5.06392,52.28009],[5.06389,52.27998],[5.06494,52.27987],[5.06504,52.27981],[5.06497,52.27978],[5.06499,52.27978],[5.0653,52.27969],[5.06533,52.27966],[5.06533,52.27964],[5.0653,52.27959],[5.06517,52.27954],[5.06484,52.27944],[5.06461,52.27936],[5.06436,52.27928],[5.06434,52.27926],[5.06432,52.27924],[5.06432,52.27923],[5.06433,52.2792],[5.06453,52.27902],[5.06446,52.27899],[5.06433,52.27891],[5.06418,52.27884],[5.06415,52.27882],[5.06406,52.27874],[5.06396,52.27868],[5.06383,52.2786],[5.06381,52.27858],[5.06381,52.27856],[5.06386,52.27852],[5.06391,52.27849],[5.06399,52.27846],[5.0641,52.27843],[5.06436,52.27836],[5.06444,52.27833],[5.06455,52.2783],[5.06463,52.27826],[5.06477,52.27827],[5.06645,52.27823],[5.06667,52.27822],[5.06744,52.2782],[5.06827,52.27818],[5.06923,52.27816],[5.07033,52.27814],[5.0705,52.27813],[5.07093,52.27812],[5.07293,52.27807],[5.07349,52.27806],[5.07456,52.27803],[5.07506,52.27802],[5.07641,52.27799],[5.07708,52.27798],[5.07771,52.27809],[5.07804,52.27816],[5.07968,52.27846],[5.08021,52.27857],[5.08147,52.2788],[5.08174,52.27886],[5.08295,52.27909],[5.08358,52.27921],[5.08429,52.27934],[5.0846,52.2794],[5.08464,52.27942],[5.08483,52.27956],[5.08527,52.27988],[5.08581,52.28028],[5.08601,52.28043],[5.08614,52.28053],[5.08621,52.28059],[5.08624,52.28061],[5.08638,52.2807],[5.08659,52.28086],[5.08679,52.28102],[5.08685,52.28105],[5.0877,52.28169],[5.08774,52.28167],[5.0878,52.28166],[5.08938,52.28145],[5.09105,52.28125],[5.0912,52.28124],[5.09184,52.28115],[5.09239,52.28108],[5.09399,52.28089],[5.09527,52.28072],[5.09589,52.28065],[5.09606,52.28063],[5.09624,52.2806],[5.09663,52.28055],[5.09725,52.28048],[5.09758,52.28043],[5.09813,52.28037],[5.0989,52.28026],[5.09895,52.28026],[5.09906,52.28025],[5.09936,52.28022],[5.10033,52.2801],[5.10074,52.28005],[5.10121,52.27999],[5.10134,52.27997],[5.10132,52.27998],[5.10136,52.27998],[5.10207,52.27989],[5.10218,52.28067],[5.10218,52.28084],[5.10218,52.28109],[5.10218,52.28123],[5.10218,52.28129],[5.10216,52.28143],[5.10212,52.28153],[5.10208,52.28158],[5.10206,52.28162],[5.10201,52.28165],[5.10232,52.28186],[5.10241,52.28193],[5.10257,52.28204],[5.10259,52.28205],[5.10267,52.28208],[5.10273,52.28209],[5.10276,52.28209],[5.10278,52.2821],[5.10279,52.28211],[5.1028,52.28213],[5.10276,52.2823],[5.10276,52.28232],[5.10277,52.28235],[5.1028,52.28237],[5.10282,52.28238],[5.1029,52.28242],[5.10308,52.2825],[5.10323,52.28255],[5.10342,52.28268],[5.10349,52.28273],[5.10386,52.28291],[5.10397,52.28298],[5.10408,52.28306],[5.10418,52.28312],[5.10423,52.28315],[5.10426,52.28318],[5.10428,52.28321],[5.1043,52.28326],[5.10431,52.28332],[5.10431,52.28343],[5.10426,52.28374],[5.10426,52.28379],[5.10427,52.28381],[5.10428,52.28384],[5.10432,52.28387],[5.10438,52.28391],[5.10448,52.28396],[5.10456,52.28401],[5.1047,52.2841],[5.10476,52.28417],[5.10478,52.28421],[5.10479,52.28423],[5.1048,52.28429],[5.10481,52.28432],[5.1048,52.2844],[5.10484,52.28454],[5.10484,52.28464],[5.10484,52.28467],[5.10482,52.28472],[5.10473,52.28488],[5.10469,52.28493],[5.10467,52.28496],[5.10466,52.285],[5.10464,52.28509],[5.10464,52.28516],[5.10464,52.28528],[5.10465,52.28543],[5.10465,52.28552],[5.1047,52.28556],[5.10468,52.28558],[5.10461,52.28564],[5.10455,52.28567],[5.10438,52.28579],[5.10389,52.28614],[5.10353,52.28641],[5.10322,52.28665],[5.10269,52.28711],[5.10206,52.28766],[5.10179,52.28789],[5.10165,52.28804],[5.10176,52.28808],[5.10171,52.28812],[5.1016,52.28818],[5.10153,52.28826],[5.10147,52.28834],[5.10142,52.28838],[5.10138,52.28843],[5.10132,52.28849],[5.10117,52.28861],[5.10101,52.28872],[5.10065,52.28899],[5.10058,52.28905],[5.10046,52.28917],[5.10024,52.28939],[5.09991,52.28977],[5.09975,52.28993],[5.0997,52.29],[5.09962,52.29006],[5.09884,52.29063],[5.09872,52.29057],[5.09865,52.29067],[5.09857,52.29083],[5.09846,52.29114],[5.09844,52.29123],[5.09843,52.29134],[5.09843,52.29141],[5.09844,52.29147],[5.09848,52.29164],[5.09849,52.29169],[5.09859,52.29192],[5.09865,52.29203],[5.09871,52.29211],[5.09874,52.29217],[5.09874,52.29219],[5.09895,52.29236],[5.0992,52.29254],[5.09947,52.2927],[5.09948,52.29271],[5.09948,52.29272],[5.09948,52.29273],[5.09944,52.29275],[5.09938,52.29279],[5.09936,52.2928],[5.09948,52.29286],[5.10061,52.2934],[5.10143,52.29376],[5.10226,52.29414],[5.10234,52.29418],[5.10272,52.29437],[5.10279,52.2944],[5.10292,52.29447],[5.10298,52.29449],[5.10307,52.2945],[5.10322,52.29453],[5.1035,52.29453],[5.10369,52.29455],[5.10401,52.29456],[5.10466,52.29459],[5.10592,52.29465],[5.10603,52.29466],[5.10607,52.29467],[5.10612,52.29472],[5.10639,52.29502],[5.10645,52.29509],[5.10646,52.29511],[5.10645,52.29513],[5.10643,52.29515],[5.10642,52.29516],[5.10671,52.29546],[5.10707,52.29586],[5.10719,52.29597],[5.10721,52.296],[5.10723,52.29603],[5.10732,52.29628],[5.10738,52.29629],[5.1074,52.2963],[5.10742,52.29633],[5.10757,52.29668],[5.10767,52.29698],[5.10769,52.29711],[5.1077,52.29723],[5.10769,52.29725],[5.10768,52.29729],[5.10742,52.2977],[5.10735,52.29777],[5.10731,52.29781],[5.10725,52.29786],[5.10705,52.298],[5.10699,52.29804],[5.10682,52.29813],[5.10666,52.2982],[5.1065,52.29827],[5.10632,52.29833],[5.10626,52.29834],[5.10623,52.29834],[5.1061,52.29834],[5.10607,52.29834],[5.10604,52.29832],[5.10568,52.29837],[5.10552,52.29839],[5.10534,52.29842],[5.1053,52.29843],[5.10526,52.29843],[5.10516,52.29841],[5.1049,52.29836],[5.10439,52.29829],[5.10375,52.29818],[5.10337,52.29812],[5.10319,52.29809],[5.10304,52.29805],[5.10291,52.29802],[5.10276,52.29798],[5.10226,52.29787],[5.10197,52.2978],[5.10191,52.29781],[5.10173,52.29784],[5.10148,52.29788],[5.1013,52.29792],[5.10088,52.29804],[5.10038,52.29819],[5.10025,52.29823],[5.1,52.29832],[5.09999,52.29835],[5.09997,52.29836],[5.09967,52.29846],[5.09931,52.29858],[5.09911,52.29865],[5.09905,52.29866],[5.09894,52.2987],[5.09872,52.29882],[5.098,52.29927],[5.09785,52.29935],[5.09781,52.29938],[5.09757,52.29963],[5.09736,52.29982],[5.09719,52.29995],[5.09689,52.30031],[5.09684,52.30039],[5.09677,52.30046],[5.09672,52.30065],[5.09669,52.30073],[5.09665,52.30087],[5.09659,52.3011],[5.09653,52.30128],[5.09649,52.30137],[5.09647,52.30144],[5.09644,52.30152],[5.09639,52.30167],[5.09637,52.30178],[5.09634,52.30183],[5.09632,52.30199],[5.09628,52.30207],[5.09625,52.30216],[5.0962,52.30237],[5.09617,52.30246],[5.09612,52.30264],[5.09606,52.30289],[5.09603,52.30292],[5.09602,52.30296],[5.09597,52.30313],[5.0959,52.30336],[5.09581,52.30358],[5.09583,52.30364],[5.09583,52.30368],[5.09583,52.30371],[5.09582,52.30374],[5.09579,52.30375],[5.09577,52.30376],[5.09582,52.30419],[5.09585,52.30427],[5.09587,52.30449],[5.09589,52.30461],[5.0959,52.30484],[5.09604,52.30561],[5.09608,52.30573],[5.09609,52.30576],[5.09608,52.3058],[5.0961,52.30592],[5.09616,52.30618],[5.09618,52.30643],[5.09622,52.30655],[5.09626,52.30686],[5.09628,52.30691],[5.09641,52.30716],[5.09648,52.30729],[5.09649,52.30729],[5.09654,52.30731],[5.09662,52.30739],[5.09671,52.30749],[5.09682,52.3076],[5.09692,52.30767],[5.0972,52.30783],[5.09737,52.30791],[5.09762,52.30807],[5.09777,52.30817],[5.09824,52.30845],[5.09856,52.30866],[5.09871,52.30877],[5.09898,52.30901],[5.09917,52.30916],[5.09927,52.30922],[5.0995,52.30942],[5.0996,52.30953],[5.09973,52.30971],[5.09974,52.30975],[5.0998,52.31003],[5.09986,52.31006],[5.09992,52.31008],[5.1,52.31009],[5.10011,52.31013],[5.10016,52.31015],[5.10022,52.31018],[5.10028,52.31023],[5.10035,52.31027],[5.10057,52.3103],[5.10055,52.31039],[5.10056,52.31044],[5.10053,52.31046],[5.10044,52.3105],[5.10028,52.31046],[5.09972,52.31073],[5.09885,52.31113],[5.0988,52.31114],[5.09874,52.31116],[5.09819,52.31137],[5.09799,52.31141],[5.09787,52.31145],[5.09767,52.31154],[5.09745,52.3116],[5.09635,52.31191],[5.09601,52.31201],[5.09553,52.31216],[5.09462,52.31243],[5.09392,52.3126],[5.09322,52.31277],[5.0923,52.31297],[5.09213,52.31301],[5.09211,52.31302],[5.09231,52.31332],[5.09259,52.31371],[5.09265,52.31378],[5.09271,52.31385],[5.0928,52.31393],[5.09299,52.31409],[5.09308,52.31415],[5.09297,52.3142],[5.09286,52.31424],[5.09281,52.31427],[5.09274,52.3142],[5.09264,52.31424],[5.09262,52.31422],[5.0919,52.31453],[5.09166,52.31464],[5.09069,52.31495],[5.09053,52.31499],[5.08962,52.31519],[5.08945,52.31522],[5.08886,52.31534],[5.08812,52.3155],[5.08785,52.31557],[5.08735,52.31569],[5.08711,52.31573],[5.08684,52.3158],[5.08675,52.31581],[5.08676,52.31587],[5.08675,52.31589],[5.08673,52.3159],[5.08664,52.31593],[5.08628,52.316],[5.08605,52.31605],[5.08496,52.3163],[5.08481,52.31633],[5.08484,52.31642],[5.08484,52.31644],[5.08483,52.31646],[5.08482,52.31647],[5.08478,52.3165],[5.08477,52.31651],[5.08476,52.31652],[5.08478,52.31655],[5.08484,52.3166],[5.08491,52.31664],[5.08494,52.31666],[5.08494,52.31668],[5.08494,52.3167],[5.08493,52.31671],[5.08491,52.31674],[5.08483,52.31677],[5.0838,52.31707],[5.08343,52.3172],[5.08322,52.31727],[5.08321,52.31727],[5.08314,52.31719],[5.08307,52.31706],[5.08306,52.31705],[5.08305,52.31704],[5.08301,52.31702],[5.08297,52.31702],[5.0814,52.31732],[5.08097,52.3174],[5.07922,52.31778],[5.07752,52.31818],[5.07746,52.3182],[5.07689,52.31847],[5.0754,52.31915],[5.07518,52.31924],[5.0743,52.31961],[5.07389,52.3198],[5.07358,52.31995],[5.07311,52.32018],[5.07291,52.31997],[5.07286,52.3199],[5.07281,52.31992],[5.07276,52.31994],[5.07236,52.32017],[5.07201,52.32038],[5.0719,52.32045],[5.07135,52.32079],[5.07106,52.32098],[5.07082,52.32114],[5.07038,52.3214],[5.07016,52.3215],[5.06994,52.3216],[5.06951,52.32179],[5.06941,52.32174],[5.06935,52.32169],[5.06928,52.32164],[5.06924,52.32158],[5.06909,52.32153],[5.06904,52.32154],[5.06897,52.32163],[5.06878,52.32172],[5.06616,52.3222],[5.066,52.32223],[5.06582,52.32224],[5.06572,52.32224],[5.06556,52.32224],[5.06551,52.32224],[5.06533,52.32222],[5.06525,52.32221],[5.06519,52.3222],[5.0651,52.32218],[5.06503,52.32215],[5.06493,52.32211],[5.06469,52.32201],[5.06485,52.32186],[5.06517,52.32157],[5.06524,52.32151],[5.06528,52.32144],[5.06533,52.32138],[5.06537,52.3213],[5.06553,52.32098],[5.06563,52.32073],[5.06572,52.32048],[5.06526,52.31918],[5.06386,52.31847],[5.06362,52.31835],[5.06346,52.31829],[5.06339,52.31826],[5.0633,52.31821],[5.06321,52.31816],[5.06308,52.31807],[5.06274,52.31777],[5.06263,52.3177],[5.06248,52.31761],[5.06241,52.31758],[5.06231,52.31754],[5.06217,52.3175],[5.06175,52.31738],[5.0615,52.31731],[5.06144,52.31728],[5.06137,52.31725],[5.06111,52.31709],[5.06104,52.31705],[5.06098,52.31702],[5.06084,52.31698],[5.06069,52.31694],[5.06061,52.31693],[5.0605,52.31691],[5.0604,52.31691],[5.06022,52.31689],[5.06013,52.31687],[5.05993,52.31684],[5.05982,52.31681],[5.05972,52.31679],[5.05959,52.31675],[5.05956,52.31673],[5.05938,52.31667],[5.05921,52.31662],[5.05896,52.31651],[5.05859,52.31638],[5.05848,52.31635],[5.05834,52.31632],[5.05824,52.31629],[5.05793,52.31624],[5.05776,52.3162],[5.05748,52.31612],[5.0573,52.31607],[5.05715,52.31603],[5.05685,52.31632],[5.05669,52.31645],[5.05617,52.31628],[5.05488,52.31596],[5.05319,52.31556],[5.052,52.31488],[5.05167,52.3142],[5.052,52.3135],[5.0529,52.31293],[5.05374,52.31248],[5.05563,52.31182],[5.05664,52.31139],[5.05692,52.31069],[5.05625,52.31036],[5.05488,52.31015],[5.0519,52.31],[5.04983,52.31],[5.04775,52.30998],[5.04665,52.30962]]]}},{"type":"Feature","properties":{"name":"Hoofdcentrum-Zuidoost","wijk":"Amstel III/Bullewijk","stadsdeel":"Zuidoost","pop":15},"geometry":{"type":"Polygon","coordinates":[[[4.94021,52.31933],[4.93959,52.31912],[4.94033,52.3183],[4.94033,52.31825],[4.94031,52.3182],[4.94025,52.3181],[4.94013,52.31781],[4.93999,52.31747],[4.93983,52.31712],[4.93804,52.31651],[4.93812,52.31638],[4.93866,52.3158],[4.93874,52.31564],[4.93873,52.31509],[4.93523,52.31389],[4.93636,52.31267],[4.93612,52.31258],[4.93657,52.31211],[4.93799,52.31048],[4.9416,52.31168],[4.94253,52.31073],[4.94636,52.31206],[4.94397,52.31467],[4.94392,52.31482],[4.94395,52.31488],[4.94382,52.31502],[4.94372,52.31514],[4.94362,52.31514],[4.94296,52.31576],[4.94298,52.31583],[4.94295,52.31597],[4.94195,52.31746],[4.94142,52.31795],[4.94091,52.31851],[4.94069,52.31854],[4.94026,52.31906],[4.94035,52.31916],[4.94021,52.31933]]]}},{"type":"Feature","properties":{"name":"Amstel III deel C/D-Noord","wijk":"Amstel III/Bullewijk","stadsdeel":"Zuidoost","pop":20},"geometry":{"type":"Polygon","coordinates":[[[4.93612,52.31258],[4.93414,52.31191],[4.93333,52.31137],[4.9327,52.31094],[4.9324,52.31075],[4.93166,52.31027],[4.93146,52.31015],[4.93073,52.30972],[4.93044,52.30955],[4.93007,52.30934],[4.93031,52.30918],[4.92997,52.30899],[4.92962,52.30881],[4.92933,52.30853],[4.92991,52.30811],[4.92964,52.30796],[4.92942,52.30783],[4.92983,52.30752],[4.92948,52.30742],[4.93026,52.30643],[4.9305,52.30617],[4.93099,52.30569],[4.93169,52.30503],[4.93249,52.30448],[4.93272,52.30426],[4.93322,52.30356],[4.93369,52.30311],[4.93414,52.30274],[4.93494,52.30197],[4.93487,52.30194],[4.93603,52.30073],[4.93705,52.29959],[4.93714,52.29947],[4.93708,52.29945],[4.93925,52.29694],[4.94712,52.29965],[4.94514,52.3018],[4.94478,52.30226],[4.94445,52.30277],[4.94416,52.30315],[4.94219,52.3053],[4.94116,52.30647],[4.94105,52.30662],[4.94097,52.30677],[4.94077,52.30725],[4.94072,52.30736],[4.9405,52.30773],[4.94032,52.30798],[4.93984,52.30846],[4.93799,52.31048],[4.93657,52.31211],[4.93612,52.31258]]]}},{"type":"Feature","properties":{"name":"Amstel III deel A/B-Noord","wijk":"Amstel III/Bullewijk","stadsdeel":"Zuidoost","pop":865},"geometry":{"type":"Polygon","coordinates":[[[4.93799,52.31048],[4.93984,52.30846],[4.94032,52.30798],[4.9405,52.30773],[4.94072,52.30736],[4.94077,52.30725],[4.94097,52.30677],[4.94105,52.30662],[4.94116,52.30647],[4.94219,52.3053],[4.94416,52.30315],[4.94445,52.30277],[4.94478,52.30226],[4.94514,52.3018],[4.94712,52.29965],[4.9554,52.3025],[4.95533,52.30258],[4.95506,52.30281],[4.95314,52.30496],[4.95249,52.30571],[4.9521,52.30608],[4.95155,52.30664],[4.94775,52.31055],[4.94751,52.31081],[4.94636,52.31206],[4.94253,52.31073],[4.9416,52.31168],[4.93799,52.31048]]]}},{"type":"Feature","properties":{"name":"Amstel III deel C/D-Zuid","wijk":"Amstel III/Bullewijk","stadsdeel":"Zuidoost","pop":0},"geometry":{"type":"Polygon","coordinates":[[[4.93925,52.29694],[4.9432,52.29236],[4.94601,52.29333],[4.94777,52.29392],[4.95127,52.29513],[4.95005,52.29648],[4.94712,52.29965],[4.93925,52.29694]]]}},{"type":"Feature","properties":{"name":"Amstel III deel A/B-Zuid","wijk":"Amstel III/Bullewijk","stadsdeel":"Zuidoost","pop":2505},"geometry":{"type":"Polygon","coordinates":[[[4.94712,52.29965],[4.95005,52.29648],[4.95127,52.29513],[4.95277,52.29561],[4.95962,52.29797],[4.95958,52.29802],[4.95932,52.29821],[4.95845,52.29919],[4.9561,52.30173],[4.95575,52.3021],[4.9554,52.3025],[4.94712,52.29965]]]}},{"type":"Feature","properties":{"name":"AMC","wijk":"Amstel III/Bullewijk","stadsdeel":"Zuidoost","pop":30},"geometry":{"type":"Polygon","coordinates":[[[4.94777,52.29392],[4.9517,52.28962],[4.95185,52.28948],[4.95207,52.28934],[4.95228,52.28924],[4.95496,52.28822],[4.95513,52.28817],[4.95532,52.28813],[4.95551,52.28811],[4.9557,52.2881],[4.95822,52.28815],[4.95853,52.28817],[4.95878,52.28822],[4.95899,52.28828],[4.96208,52.28939],[4.96492,52.29036],[4.9661,52.29075],[4.96602,52.29086],[4.96584,52.291],[4.96396,52.29306],[4.96367,52.29331],[4.96319,52.29388],[4.96175,52.29538],[4.96116,52.29601],[4.96096,52.29625],[4.961,52.2963],[4.96018,52.29735],[4.95962,52.29797],[4.95277,52.29561],[4.95127,52.29513],[4.94777,52.29392]]]}},{"type":"Feature","properties":{"name":"Hoge Dijk","wijk":"Amstel III/Bullewijk","stadsdeel":"Zuidoost","pop":110},"geometry":{"type":"Polygon","coordinates":[[[4.9432,52.29236],[4.94646,52.28858],[4.94641,52.28856],[4.94676,52.2882],[4.94699,52.28797],[4.94768,52.28723],[4.95209,52.28254],[4.95184,52.28245],[4.95376,52.28017],[4.95495,52.27868],[4.95524,52.27831],[4.95574,52.27842],[4.95585,52.27845],[4.95639,52.2786],[4.95657,52.27864],[4.95668,52.27866],[4.95678,52.27867],[4.95699,52.27868],[4.95715,52.27867],[4.9573,52.27867],[4.95749,52.27865],[4.95764,52.27864],[4.95774,52.27863],[4.95781,52.27861],[4.95788,52.2786],[4.95805,52.27854],[4.95835,52.27843],[4.95842,52.2784],[4.95848,52.27838],[4.95856,52.27837],[4.95867,52.27834],[4.95873,52.27834],[4.95886,52.27833],[4.95894,52.27833],[4.95965,52.27836],[4.95979,52.27836],[4.95997,52.27835],[4.9603,52.27832],[4.96047,52.27829],[4.96076,52.27824],[4.96106,52.27818],[4.96126,52.2784],[4.96134,52.27853],[4.96146,52.27877],[4.9615,52.27884],[4.96155,52.27895],[4.96164,52.27919],[4.96182,52.27961],[4.96188,52.27971],[4.96203,52.27996],[4.96208,52.28005],[4.96213,52.28012],[4.96218,52.28017],[4.96225,52.28021],[4.96232,52.28025],[4.96238,52.28026],[4.96249,52.28028],[4.96255,52.28029],[4.96263,52.28029],[4.96319,52.2803],[4.96333,52.28032],[4.96345,52.28033],[4.96368,52.28036],[4.96393,52.28039],[4.96416,52.28041],[4.96426,52.28041],[4.96468,52.28038],[4.96485,52.28038],[4.96513,52.28042],[4.96532,52.28045],[4.96552,52.28049],[4.96562,52.28053],[4.96566,52.28055],[4.96571,52.28058],[4.9658,52.28065],[4.96598,52.28084],[4.96616,52.28098],[4.96617,52.28098],[4.96619,52.28098],[4.96621,52.28098],[4.96622,52.28097],[4.96625,52.28089],[4.96627,52.28081],[4.96628,52.28078],[4.9663,52.28046],[4.96633,52.28034],[4.96636,52.28027],[4.9664,52.2802],[4.96644,52.28016],[4.96649,52.2801],[4.96655,52.28005],[4.96663,52.27999],[4.96673,52.27993],[4.96684,52.27988],[4.96741,52.27966],[4.96752,52.2796],[4.96758,52.27956],[4.96768,52.27958],[4.96788,52.27984],[4.96799,52.27997],[4.96807,52.28006],[4.9681,52.28011],[4.96816,52.28021],[4.96821,52.28027],[4.96826,52.28034],[4.96833,52.28041],[4.96847,52.28054],[4.96854,52.28061],[4.96858,52.28063],[4.9686,52.28064],[4.9687,52.28069],[4.96874,52.28071],[4.96876,52.28073],[4.96877,52.28077],[4.96877,52.28085],[4.96878,52.28089],[4.9688,52.28094],[4.96882,52.28097],[4.96892,52.28112],[4.96897,52.28117],[4.96898,52.28118],[4.96903,52.28127],[4.96915,52.28142],[4.96918,52.2815],[4.96921,52.28158],[4.96924,52.28162],[4.96932,52.28172],[4.96936,52.28176],[4.96938,52.28179],[4.96939,52.28183],[4.96938,52.28192],[4.96938,52.28196],[4.96966,52.28291],[4.96971,52.2831],[4.96973,52.28312],[4.96975,52.28313],[4.96986,52.28317],[4.96991,52.28319],[4.96999,52.28325],[4.97027,52.28343],[4.97067,52.28365],[4.97079,52.28372],[4.9709,52.28379],[4.97113,52.28391],[4.9714,52.28407],[4.97184,52.28436],[4.97,52.28637],[4.96974,52.28662],[4.96931,52.28713],[4.96629,52.29046],[4.9661,52.29075],[4.96492,52.29036],[4.96208,52.28939],[4.95899,52.28828],[4.95878,52.28822],[4.95853,52.28817],[4.95822,52.28815],[4.9557,52.2881],[4.95551,52.28811],[4.95532,52.28813],[4.95513,52.28817],[4.95496,52.28822],[4.95228,52.28924],[4.95207,52.28934],[4.95185,52.28948],[4.9517,52.28962],[4.94777,52.29392],[4.94601,52.29333],[4.9432,52.29236]]]}},{"type":"Feature","properties":{"name":"Venserpolder-West","wijk":"Venserpolder","stadsdeel":"Zuidoost","pop":5100},"geometry":{"type":"Polygon","coordinates":[[[4.94188,52.32615],[4.9405,52.32568],[4.94035,52.32556],[4.94011,52.32538],[4.93998,52.32529],[4.93989,52.32521],[4.93986,52.32519],[4.93986,52.32519],[4.93958,52.325],[4.93946,52.32492],[4.93937,52.32484],[4.93932,52.32478],[4.93909,52.3246],[4.93891,52.32445],[4.93869,52.32429],[4.93863,52.32423],[4.93861,52.32422],[4.93855,52.32419],[4.93846,52.32417],[4.93827,52.32415],[4.93819,52.32414],[4.93796,52.32412],[4.93786,52.32376],[4.93775,52.32354],[4.93766,52.32339],[4.93762,52.3233],[4.9378,52.32324],[4.93792,52.32313],[4.938,52.32306],[4.93826,52.3229],[4.93837,52.32284],[4.93852,52.3228],[4.93863,52.32274],[4.93873,52.32267],[4.93895,52.32251],[4.93914,52.32239],[4.93945,52.32218],[4.93957,52.32211],[4.93976,52.32203],[4.93993,52.32194],[4.93995,52.32176],[4.93999,52.32145],[4.94007,52.32115],[4.94021,52.32082],[4.94038,52.32051],[4.94049,52.32035],[4.9406,52.32019],[4.94105,52.31962],[4.94021,52.31933],[4.94035,52.31916],[4.94026,52.31906],[4.94069,52.31854],[4.94091,52.31851],[4.94142,52.31795],[4.94195,52.31746],[4.94295,52.31597],[4.94298,52.31583],[4.94296,52.31576],[4.94362,52.31514],[4.94372,52.31514],[4.94382,52.31502],[4.94461,52.3153],[4.94513,52.31545],[4.94545,52.31551],[4.94578,52.31559],[4.9463,52.31574],[4.95046,52.31717],[4.94813,52.31976],[4.94762,52.32029],[4.94759,52.32034],[4.94757,52.32041],[4.94758,52.32048],[4.94761,52.32053],[4.9475,52.32056],[4.9474,52.32061],[4.94731,52.32066],[4.94724,52.32071],[4.94694,52.32102],[4.94582,52.32224],[4.94537,52.32259],[4.94504,52.32281],[4.94459,52.32319],[4.94336,52.32457],[4.94306,52.32496],[4.94283,52.32506],[4.94263,52.32532],[4.94188,52.32615]]]}},{"type":"Feature","properties":{"name":"Venserpolder-Oost","wijk":"Venserpolder","stadsdeel":"Zuidoost","pop":3415},"geometry":{"type":"Polygon","coordinates":[[[4.94188,52.32615],[4.94263,52.32532],[4.94283,52.32506],[4.94306,52.32496],[4.94336,52.32457],[4.94459,52.32319],[4.94504,52.32281],[4.94537,52.32259],[4.94582,52.32224],[4.94694,52.32102],[4.94724,52.32071],[4.94731,52.32066],[4.9474,52.32061],[4.9475,52.32056],[4.94761,52.32053],[4.9477,52.32062],[4.94781,52.32067],[4.95286,52.32244],[4.95268,52.32265],[4.95107,52.3244],[4.94984,52.32575],[4.94766,52.32814],[4.94188,52.32615]]]}},{"type":"Feature","properties":{"name":"D-buurt","wijk":"Amsterdamse Poort e.o.","stadsdeel":"Zuidoost","pop":1940},"geometry":{"type":"Polygon","coordinates":[[[4.94758,52.32048],[4.94757,52.32041],[4.94759,52.32034],[4.94762,52.32029],[4.94813,52.31976],[4.95046,52.31717],[4.95104,52.31653],[4.95182,52.3168],[4.95134,52.31733],[4.95152,52.31755],[4.95421,52.31844],[4.95436,52.31851],[4.95449,52.31861],[4.95454,52.31868],[4.95458,52.31876],[4.9546,52.31884],[4.95459,52.31892],[4.95454,52.31903],[4.95442,52.31917],[4.95431,52.31935],[4.95424,52.31954],[4.95423,52.31974],[4.95425,52.31983],[4.95432,52.32002],[4.95444,52.3202],[4.95452,52.32029],[4.95678,52.32106],[4.95807,52.32098],[4.9582,52.32083],[4.95934,52.32122],[4.95676,52.32405],[4.95518,52.3235],[4.95505,52.32346],[4.95503,52.32348],[4.95499,52.32346],[4.955,52.32345],[4.95375,52.32301],[4.95343,52.3229],[4.95268,52.32265],[4.95286,52.32244],[4.94781,52.32067],[4.9477,52.32062],[4.94761,52.32053],[4.94758,52.32048]]]}},{"type":"Feature","properties":{"name":"F-buurt","wijk":"Amsterdamse Poort e.o.","stadsdeel":"Zuidoost","pop":4360},"geometry":{"type":"Polygon","coordinates":[[[4.95104,52.31653],[4.95217,52.31529],[4.95805,52.31731],[4.96176,52.31857],[4.95934,52.32122],[4.9582,52.32083],[4.95807,52.32098],[4.95678,52.32106],[4.95452,52.32029],[4.95444,52.3202],[4.95432,52.32002],[4.95425,52.31983],[4.95423,52.31974],[4.95424,52.31954],[4.95431,52.31935],[4.95442,52.31917],[4.95454,52.31903],[4.95459,52.31892],[4.9546,52.31884],[4.95458,52.31876],[4.95454,52.31868],[4.95449,52.31861],[4.95436,52.31851],[4.95421,52.31844],[4.95152,52.31755],[4.95134,52.31733],[4.95182,52.3168],[4.95104,52.31653]]]}},{"type":"Feature","properties":{"name":"Amsterdamse Poort","wijk":"Amsterdamse Poort e.o.","stadsdeel":"Zuidoost","pop":1300},"geometry":{"type":"Polygon","coordinates":[[[4.94382,52.31502],[4.94395,52.31488],[4.94392,52.31482],[4.94397,52.31467],[4.94636,52.31206],[4.94751,52.31081],[4.95253,52.31254],[4.95705,52.3141],[4.95836,52.31267],[4.959,52.31311],[4.95866,52.31367],[4.95866,52.31372],[4.95868,52.31376],[4.95874,52.3138],[4.96021,52.31431],[4.96031,52.31436],[4.96044,52.31444],[4.96059,52.31458],[4.96068,52.3147],[4.96102,52.31551],[4.9605,52.3156],[4.96014,52.31559],[4.95993,52.31561],[4.95974,52.31566],[4.95961,52.31571],[4.95953,52.31575],[4.95946,52.3158],[4.95936,52.31587],[4.95805,52.31731],[4.95217,52.31529],[4.95104,52.31653],[4.95046,52.31717],[4.9463,52.31574],[4.94578,52.31559],[4.94545,52.31551],[4.94513,52.31545],[4.94461,52.3153],[4.94382,52.31502]]]}},{"type":"Feature","properties":{"name":"Vogeltjeswei","wijk":"Amsterdamse Poort e.o.","stadsdeel":"Zuidoost","pop":660},"geometry":{"type":"Polygon","coordinates":[[[4.95805,52.31731],[4.95936,52.31587],[4.95946,52.3158],[4.95953,52.31575],[4.95961,52.31571],[4.95974,52.31566],[4.95993,52.31561],[4.96014,52.31559],[4.9605,52.3156],[4.96102,52.31551],[4.96107,52.31562],[4.96113,52.31569],[4.96122,52.31577],[4.96135,52.31583],[4.96357,52.3166],[4.96176,52.31857],[4.95805,52.31731]]]}},{"type":"Feature","properties":{"name":"Nelson Mandelapark","wijk":"Amsterdamse Poort e.o.","stadsdeel":"Zuidoost","pop":0},"geometry":{"type":"Polygon","coordinates":[[[4.95836,52.31267],[4.96093,52.30986],[4.96156,52.31007],[4.96537,52.30592],[4.97142,52.308],[4.96518,52.31482],[4.96357,52.3166],[4.96135,52.31583],[4.96122,52.31577],[4.96113,52.31569],[4.96107,52.31562],[4.96102,52.31551],[4.96068,52.3147],[4.96059,52.31458],[4.96044,52.31444],[4.96031,52.31436],[4.96021,52.31431],[4.95874,52.3138],[4.95868,52.31376],[4.95866,52.31372],[4.95866,52.31367],[4.959,52.31311],[4.95836,52.31267]]]}},{"type":"Feature","properties":{"name":"Hoptille","wijk":"H-buurt","stadsdeel":"Zuidoost","pop":1945},"geometry":{"type":"Polygon","coordinates":[[[4.94751,52.31081],[4.94775,52.31055],[4.95155,52.30664],[4.95645,52.30832],[4.95538,52.30949],[4.9553,52.30954],[4.95521,52.30959],[4.95482,52.30976],[4.9547,52.30982],[4.95458,52.3099],[4.95447,52.31],[4.95356,52.31101],[4.95336,52.31126],[4.95327,52.3114],[4.95293,52.31209],[4.95253,52.31254],[4.94751,52.31081]]]}},{"type":"Feature","properties":{"name":"Rechte H-buurt","wijk":"H-buurt","stadsdeel":"Zuidoost","pop":3030},"geometry":{"type":"Polygon","coordinates":[[[4.95253,52.31254],[4.95293,52.31209],[4.95327,52.3114],[4.95336,52.31126],[4.95356,52.31101],[4.95447,52.31],[4.95458,52.3099],[4.9547,52.30982],[4.95482,52.30976],[4.95521,52.30959],[4.9553,52.30954],[4.95538,52.30949],[4.95645,52.30832],[4.95869,52.30909],[4.96093,52.30986],[4.95836,52.31267],[4.95705,52.3141],[4.95253,52.31254]]]}},{"type":"Feature","properties":{"name":"Hakfort/Huigenbos","wijk":"H-buurt","stadsdeel":"Zuidoost","pop":2420},"geometry":{"type":"Polygon","coordinates":[[[4.95155,52.30664],[4.9521,52.30608],[4.95249,52.30571],[4.95314,52.30496],[4.95506,52.30281],[4.95533,52.30258],[4.9554,52.3025],[4.96249,52.30493],[4.95869,52.30909],[4.95645,52.30832],[4.95155,52.30664]]]}},{"type":"Feature","properties":{"name":"Huntum","wijk":"H-buurt","stadsdeel":"Zuidoost","pop":195},"geometry":{"type":"Polygon","coordinates":[[[4.95869,52.30909],[4.96249,52.30493],[4.96537,52.30592],[4.96156,52.31007],[4.96093,52.30986],[4.95869,52.30909]]]}},{"type":"Feature","properties":{"name":"E-buurt","wijk":"Ganzenhoef e.o.","stadsdeel":"Zuidoost","pop":2250},"geometry":{"type":"Polygon","coordinates":[[[4.95676,52.32405],[4.95934,52.32122],[4.9617,52.32204],[4.9617,52.32246],[4.96294,52.3229],[4.96431,52.32285],[4.96473,52.32299],[4.96558,52.32293],[4.96646,52.32325],[4.96748,52.32334],[4.96734,52.3235],[4.96727,52.32362],[4.96722,52.32376],[4.9672,52.3239],[4.96802,52.32493],[4.9684,52.32506],[4.96849,52.32498],[4.96854,52.32496],[4.96985,52.32489],[4.97023,52.32503],[4.97028,52.32503],[4.97051,52.32504],[4.97062,52.32506],[4.97148,52.32535],[4.97115,52.3257],[4.97048,52.32629],[4.97026,52.32617],[4.96961,52.32652],[4.96921,52.32678],[4.96755,52.32776],[4.96404,52.32656],[4.96251,52.32604],[4.96103,52.32552],[4.95754,52.32432],[4.95676,52.32405]]]}},{"type":"Feature","properties":{"name":"G-buurt-West","wijk":"Ganzenhoef e.o.","stadsdeel":"Zuidoost","pop":3700},"geometry":{"type":"Polygon","coordinates":[[[4.95934,52.32122],[4.96176,52.31857],[4.96357,52.3166],[4.96441,52.31688],[4.96494,52.31704],[4.96534,52.31716],[4.967,52.31773],[4.96709,52.31781],[4.9675,52.31795],[4.96759,52.31803],[4.97034,52.31897],[4.96897,52.3205],[4.97426,52.32231],[4.97455,52.32198],[4.97555,52.32232],[4.97563,52.32223],[4.9777,52.32293],[4.97691,52.32381],[4.97598,52.32348],[4.97564,52.32338],[4.9748,52.32309],[4.97436,52.32287],[4.9739,52.3227],[4.97316,52.32351],[4.97012,52.32247],[4.96972,52.32292],[4.96963,52.3229],[4.96957,52.32289],[4.96795,52.32297],[4.96784,52.323],[4.96775,52.32306],[4.96748,52.32334],[4.96646,52.32325],[4.96558,52.32293],[4.96473,52.32299],[4.96431,52.32285],[4.96294,52.3229],[4.9617,52.32246],[4.9617,52.32204],[4.95934,52.32122]]]}},{"type":"Feature","properties":{"name":"G-buurt-Noord","wijk":"Ganzenhoef e.o.","stadsdeel":"Zuidoost","pop":1765},"geometry":{"type":"Polygon","coordinates":[[[4.97062,52.32506],[4.97051,52.32504],[4.97028,52.32503],[4.97023,52.32503],[4.96985,52.32489],[4.96854,52.32496],[4.96849,52.32498],[4.9684,52.32506],[4.96802,52.32493],[4.9672,52.3239],[4.96722,52.32376],[4.96727,52.32362],[4.96734,52.3235],[4.96748,52.32334],[4.96775,52.32306],[4.96784,52.323],[4.96795,52.32297],[4.96957,52.32289],[4.96963,52.3229],[4.96972,52.32292],[4.97012,52.32247],[4.97316,52.32351],[4.97215,52.32461],[4.97148,52.32535],[4.97062,52.32506]]]}},{"type":"Feature","properties":{"name":"G-buurt-Oost","wijk":"Geerdinkhof/Kantershof","stadsdeel":"Zuidoost","pop":3155},"geometry":{"type":"Polygon","coordinates":[[[4.97048,52.32629],[4.97115,52.3257],[4.97148,52.32535],[4.97215,52.32461],[4.97316,52.32351],[4.9739,52.3227],[4.97436,52.32287],[4.9748,52.32309],[4.97564,52.32338],[4.97598,52.32348],[4.97691,52.32381],[4.97876,52.32442],[4.97884,52.32444],[4.97896,52.32444],[4.97907,52.32441],[4.98053,52.32315],[4.98189,52.32174],[4.98231,52.32124],[4.99167,52.32444],[4.99162,52.32454],[4.99151,52.32475],[4.99117,52.32557],[4.991,52.32593],[4.99089,52.32614],[4.99074,52.32635],[4.99058,52.32654],[4.98994,52.32721],[4.98961,52.32755],[4.98948,52.32767],[4.9892,52.32788],[4.98905,52.32799],[4.98863,52.32822],[4.988,52.32855],[4.98794,52.32858],[4.98786,52.32862],[4.98759,52.32876],[4.9873,52.32893],[4.98703,52.32912],[4.98685,52.32926],[4.98637,52.3296],[4.98604,52.32981],[4.9855,52.33014],[4.9853,52.33026],[4.9851,52.33036],[4.98495,52.33043],[4.98479,52.33048],[4.98448,52.33057],[4.98397,52.33067],[4.98368,52.33071],[4.98336,52.33075],[4.98308,52.33077],[4.98252,52.3308],[4.98165,52.33081],[4.98114,52.33077],[4.98092,52.33076],[4.98069,52.33076],[4.98051,52.33078],[4.9798,52.331],[4.97835,52.33108],[4.97795,52.33116],[4.97714,52.33064],[4.97635,52.33065],[4.97597,52.33064],[4.97564,52.33061],[4.97531,52.33056],[4.97501,52.32998],[4.97483,52.3297],[4.97451,52.32933],[4.97403,52.32891],[4.97342,52.32848],[4.97216,52.32772],[4.97181,52.32747],[4.97137,52.32696],[4.97132,52.32689],[4.97122,52.32677],[4.97118,52.32672],[4.97112,52.32666],[4.97107,52.32662],[4.97099,52.32657],[4.97086,52.32649],[4.97071,52.32641],[4.97048,52.32629]]]}},{"type":"Feature","properties":{"name":"Grunder/Koningshoef","wijk":"Geerdinkhof/Kantershof","stadsdeel":"Zuidoost","pop":1750},"geometry":{"type":"Polygon","coordinates":[[[4.97691,52.32381],[4.9777,52.32293],[4.97898,52.32154],[4.97998,52.31981],[4.98268,52.31827],[4.98432,52.31883],[4.98231,52.32124],[4.98189,52.32174],[4.98053,52.32315],[4.97907,52.32441],[4.97896,52.32444],[4.97884,52.32444],[4.97876,52.32442],[4.97691,52.32381]]]}},{"type":"Feature","properties":{"name":"Kantershof","wijk":"Geerdinkhof/Kantershof","stadsdeel":"Zuidoost","pop":2250},"geometry":{"type":"Polygon","coordinates":[[[4.98231,52.32124],[4.98432,52.31883],[4.98475,52.31831],[4.98542,52.31802],[4.98577,52.31758],[4.98595,52.31737],[4.98674,52.31756],[4.98805,52.31557],[4.98772,52.31489],[4.98809,52.31471],[4.98864,52.31482],[4.98913,52.31411],[4.99009,52.31449],[4.99114,52.31492],[4.99211,52.31533],[4.99318,52.3158],[4.99423,52.31629],[4.99505,52.31669],[4.99546,52.3169],[4.9969,52.31764],[4.99679,52.31776],[4.99621,52.31846],[4.99593,52.31884],[4.99585,52.31894],[4.99558,52.3192],[4.99548,52.31931],[4.99537,52.31945],[4.99526,52.31962],[4.99492,52.32012],[4.99484,52.32022],[4.99472,52.32037],[4.99434,52.32083],[4.9943,52.32089],[4.99427,52.32094],[4.99425,52.32098],[4.99421,52.32103],[4.99346,52.32195],[4.9926,52.32314],[4.99217,52.32371],[4.99211,52.32377],[4.99176,52.32428],[4.99167,52.32444],[4.98231,52.32124]]]}},{"type":"Feature","properties":{"name":"Bijlmermuseum-Noord","wijk":"Bijlmermuseum","stadsdeel":"Zuidoost","pop":2310},"geometry":{"type":"Polygon","coordinates":[[[4.97563,52.32223],[4.97555,52.32232],[4.97455,52.32198],[4.97426,52.32231],[4.96897,52.3205],[4.97034,52.31897],[4.97084,52.31914],[4.97099,52.31917],[4.97109,52.31917],[4.97232,52.31916],[4.97241,52.31917],[4.97252,52.3192],[4.97261,52.31924],[4.97267,52.31928],[4.97337,52.32],[4.97345,52.32005],[4.97356,52.32007],[4.97419,52.32006],[4.97427,52.32005],[4.97436,52.32002],[4.97441,52.31999],[4.97445,52.31995],[4.97483,52.31944],[4.97486,52.3194],[4.97493,52.31937],[4.97556,52.31914],[4.97563,52.31912],[4.97571,52.31911],[4.97607,52.31911],[4.97621,52.31912],[4.97634,52.31915],[4.97648,52.31921],[4.97657,52.31928],[4.97693,52.31965],[4.97703,52.31974],[4.97757,52.3201],[4.9777,52.3202],[4.9781,52.3206],[4.97898,52.32154],[4.9777,52.32293],[4.97563,52.32223]]]}},{"type":"Feature","properties":{"name":"Bijlmermuseum-Zuid","wijk":"Bijlmermuseum","stadsdeel":"Zuidoost","pop":3115},"geometry":{"type":"Polygon","coordinates":[[[4.97034,52.31897],[4.97097,52.31825],[4.97253,52.31656],[4.97323,52.31582],[4.97375,52.31521],[4.97522,52.31571],[4.97531,52.31573],[4.97555,52.31577],[4.97583,52.31586],[4.97602,52.31594],[4.97621,52.31607],[4.97638,52.31616],[4.97754,52.31656],[4.97794,52.31665],[4.97869,52.3169],[4.97855,52.31705],[4.98003,52.31755],[4.98016,52.3174],[4.98268,52.31827],[4.97998,52.31981],[4.97898,52.32154],[4.9781,52.3206],[4.9777,52.3202],[4.97757,52.3201],[4.97703,52.31974],[4.97693,52.31965],[4.97657,52.31928],[4.97648,52.31921],[4.97634,52.31915],[4.97621,52.31912],[4.97607,52.31911],[4.97571,52.31911],[4.97563,52.31912],[4.97556,52.31914],[4.97493,52.31937],[4.97486,52.3194],[4.97483,52.31944],[4.97445,52.31995],[4.97441,52.31999],[4.97436,52.32002],[4.97427,52.32005],[4.97419,52.32006],[4.97356,52.32007],[4.97345,52.32005],[4.97337,52.32],[4.97267,52.31928],[4.97261,52.31924],[4.97252,52.3192],[4.97241,52.31917],[4.97232,52.31916],[4.97109,52.31917],[4.97099,52.31917],[4.97084,52.31914],[4.97034,52.31897]]]}},{"type":"Feature","properties":{"name":"De Kameleon e.o.","wijk":"Bijlmermuseum","stadsdeel":"Zuidoost","pop":2365},"geometry":{"type":"Polygon","coordinates":[[[4.97375,52.31521],[4.97439,52.31448],[4.97491,52.31388],[4.97496,52.31384],[4.97502,52.31381],[4.9751,52.3138],[4.97572,52.31379],[4.97573,52.31395],[4.97618,52.31409],[4.97661,52.3142],[4.9769,52.31429],[4.97708,52.31436],[4.97737,52.3145],[4.97764,52.31461],[4.97916,52.31513],[4.97938,52.31523],[4.97971,52.3154],[4.97989,52.31547],[4.98013,52.31554],[4.98038,52.3156],[4.98069,52.31566],[4.98089,52.31572],[4.9821,52.31613],[4.98237,52.31623],[4.98265,52.31634],[4.98309,52.3165],[4.98398,52.31673],[4.98416,52.31678],[4.98446,52.3169],[4.98484,52.31707],[4.985,52.31713],[4.98521,52.31719],[4.98545,52.31725],[4.98595,52.31737],[4.98577,52.31758],[4.98542,52.31802],[4.98475,52.31831],[4.98432,52.31883],[4.98268,52.31827],[4.98016,52.3174],[4.98003,52.31755],[4.97855,52.31705],[4.97869,52.3169],[4.97794,52.31665],[4.97754,52.31656],[4.97638,52.31616],[4.97621,52.31607],[4.97602,52.31594],[4.97583,52.31586],[4.97555,52.31577],[4.97531,52.31573],[4.97522,52.31571],[4.97375,52.31521]]]}},{"type":"Feature","properties":{"name":"Gooise Kant","wijk":"K-buurt","stadsdeel":"Zuidoost","pop":745},"geometry":{"type":"Polygon","coordinates":[[[4.96357,52.3166],[4.96518,52.31482],[4.97142,52.308],[4.97397,52.30887],[4.97329,52.30962],[4.97309,52.30958],[4.97288,52.30955],[4.97277,52.30954],[4.97267,52.30954],[4.97246,52.30955],[4.97225,52.30958],[4.97215,52.3096],[4.97196,52.30965],[4.97178,52.30973],[4.97162,52.30981],[4.97155,52.30986],[4.97142,52.30996],[4.97005,52.31148],[4.97001,52.31153],[4.96999,52.31159],[4.96998,52.31165],[4.96998,52.31171],[4.97001,52.31176],[4.97004,52.31182],[4.9704,52.31223],[4.97042,52.31227],[4.97043,52.31232],[4.97039,52.31239],[4.96989,52.31293],[4.9684,52.31454],[4.96829,52.31464],[4.96821,52.31468],[4.96812,52.31473],[4.96795,52.31478],[4.96724,52.31488],[4.96708,52.31491],[4.96691,52.31498],[4.96677,52.31507],[4.96494,52.31704],[4.96441,52.31688],[4.96357,52.3166]]]}},{"type":"Feature","properties":{"name":"Kortvoort","wijk":"K-buurt","stadsdeel":"Zuidoost","pop":2855},"geometry":{"type":"Polygon","coordinates":[[[4.96494,52.31704],[4.96677,52.31507],[4.96691,52.31498],[4.96708,52.31491],[4.96724,52.31488],[4.96795,52.31478],[4.96812,52.31473],[4.96821,52.31468],[4.96829,52.31464],[4.9684,52.31454],[4.96989,52.31293],[4.97439,52.31448],[4.97375,52.31521],[4.97323,52.31582],[4.97253,52.31656],[4.97097,52.31825],[4.97034,52.31897],[4.96759,52.31803],[4.9675,52.31795],[4.96709,52.31781],[4.967,52.31773],[4.96534,52.31716],[4.96494,52.31704]]]}},{"type":"Feature","properties":{"name":"Kelbergen","wijk":"K-buurt","stadsdeel":"Zuidoost","pop":1010},"geometry":{"type":"Polygon","coordinates":[[[4.96989,52.31293],[4.97039,52.31239],[4.97043,52.31232],[4.97042,52.31227],[4.9704,52.31223],[4.97004,52.31182],[4.97001,52.31176],[4.96998,52.31171],[4.96998,52.31165],[4.96999,52.31159],[4.97001,52.31153],[4.97005,52.31148],[4.97142,52.30996],[4.97155,52.30986],[4.97162,52.30981],[4.97178,52.30973],[4.97196,52.30965],[4.97215,52.3096],[4.97225,52.30958],[4.97246,52.30955],[4.97267,52.30954],[4.97277,52.30954],[4.97288,52.30955],[4.97309,52.30958],[4.97329,52.30962],[4.97397,52.30887],[4.97867,52.31049],[4.97797,52.31127],[4.97786,52.31135],[4.97762,52.31147],[4.97749,52.31156],[4.97744,52.31159],[4.97732,52.31172],[4.97725,52.31183],[4.97692,52.31244],[4.97687,52.31252],[4.9768,52.31259],[4.97665,52.31269],[4.97643,52.31278],[4.97633,52.31281],[4.97576,52.31293],[4.97572,52.31294],[4.97568,52.31297],[4.97566,52.31301],[4.97572,52.31379],[4.9751,52.3138],[4.97502,52.31381],[4.97496,52.31384],[4.97491,52.31388],[4.97439,52.31448],[4.96989,52.31293]]]}},{"type":"Feature","properties":{"name":"K-buurt-Zuidwest","wijk":"K-buurt","stadsdeel":"Zuidoost","pop":1405},"geometry":{"type":"Polygon","coordinates":[[[4.97566,52.31301],[4.97568,52.31297],[4.97572,52.31294],[4.97576,52.31293],[4.97633,52.31281],[4.97643,52.31278],[4.97665,52.31269],[4.9768,52.31259],[4.97687,52.31252],[4.97692,52.31244],[4.97725,52.31183],[4.97732,52.31172],[4.97744,52.31159],[4.97749,52.31156],[4.97762,52.31147],[4.97786,52.31135],[4.97797,52.31127],[4.97867,52.31049],[4.98353,52.31215],[4.98209,52.31371],[4.98038,52.3156],[4.98013,52.31554],[4.97989,52.31547],[4.97971,52.3154],[4.97938,52.31523],[4.97916,52.31513],[4.97764,52.31461],[4.97737,52.3145],[4.97708,52.31436],[4.9769,52.31429],[4.97661,52.3142],[4.97618,52.31409],[4.97573,52.31395],[4.97572,52.31379],[4.97566,52.31301]]]}},{"type":"Feature","properties":{"name":"K-buurt-Zuidoost","wijk":"K-buurt","stadsdeel":"Zuidoost","pop":1420},"geometry":{"type":"Polygon","coordinates":[[[4.98038,52.3156],[4.98209,52.31371],[4.98353,52.31215],[4.98733,52.31345],[4.98823,52.31378],[4.98913,52.31411],[4.98864,52.31482],[4.98809,52.31471],[4.98772,52.31489],[4.98805,52.31557],[4.98674,52.31756],[4.98595,52.31737],[4.98545,52.31725],[4.98521,52.31719],[4.985,52.31713],[4.98484,52.31707],[4.98446,52.3169],[4.98416,52.31678],[4.98398,52.31673],[4.98309,52.3165],[4.98265,52.31634],[4.98237,52.31623],[4.9821,52.31613],[4.98089,52.31572],[4.98069,52.31566],[4.98038,52.3156]]]}},{"type":"Feature","properties":{"name":"Holendrecht-West","wijk":"Holendrecht","stadsdeel":"Zuidoost","pop":2735},"geometry":{"type":"Polygon","coordinates":[[[4.9554,52.3025],[4.95575,52.3021],[4.9561,52.30173],[4.95845,52.29919],[4.95932,52.29821],[4.95958,52.29802],[4.95962,52.29797],[4.96344,52.29928],[4.96428,52.29836],[4.96475,52.29852],[4.96558,52.29877],[4.96575,52.29884],[4.96621,52.29905],[4.96644,52.29915],[4.96745,52.2995],[4.96249,52.30493],[4.9554,52.3025]]]}},{"type":"Feature","properties":{"name":"Holendrecht-Oost","wijk":"Holendrecht","stadsdeel":"Zuidoost","pop":2500},"geometry":{"type":"Polygon","coordinates":[[[4.96249,52.30493],[4.96745,52.2995],[4.9686,52.29823],[4.96866,52.29819],[4.96876,52.29813],[4.96888,52.29809],[4.969,52.29806],[4.96918,52.29805],[4.96931,52.29805],[4.9694,52.29806],[4.97243,52.29857],[4.97279,52.29865],[4.97304,52.29871],[4.97325,52.29878],[4.97407,52.29908],[4.97747,52.30024],[4.97772,52.30034],[4.97788,52.30044],[4.97803,52.30054],[4.97815,52.30066],[4.97823,52.30074],[4.97832,52.30087],[4.97872,52.30161],[4.97828,52.3017],[4.978,52.30178],[4.9776,52.30191],[4.97734,52.30202],[4.9771,52.30213],[4.97676,52.30232],[4.97645,52.30254],[4.97627,52.30269],[4.97142,52.308],[4.96537,52.30592],[4.96249,52.30493]]]}},{"type":"Feature","properties":{"name":"Holendrecht-Zuid","wijk":"Holendrecht","stadsdeel":"Zuidoost","pop":4265},"geometry":{"type":"Polygon","coordinates":[[[4.95962,52.29797],[4.96018,52.29735],[4.961,52.2963],[4.96096,52.29625],[4.96116,52.29601],[4.96175,52.29538],[4.96232,52.29558],[4.96248,52.29543],[4.96263,52.29532],[4.96282,52.29518],[4.96303,52.29506],[4.96325,52.29494],[4.96348,52.29483],[4.96374,52.29473],[4.96399,52.29464],[4.96425,52.29456],[4.96451,52.29449],[4.96479,52.29444],[4.96506,52.29439],[4.96534,52.29436],[4.96562,52.29434],[4.96591,52.29432],[4.96619,52.29432],[4.96649,52.29433],[4.96678,52.29436],[4.96709,52.29439],[4.96747,52.29445],[4.9697,52.29483],[4.97166,52.29519],[4.97416,52.29562],[4.97355,52.29699],[4.97324,52.29772],[4.97279,52.29865],[4.97243,52.29857],[4.9694,52.29806],[4.96931,52.29805],[4.96918,52.29805],[4.969,52.29806],[4.96888,52.29809],[4.96876,52.29813],[4.96866,52.29819],[4.9686,52.29823],[4.96745,52.2995],[4.96644,52.29915],[4.96621,52.29905],[4.96575,52.29884],[4.96558,52.29877],[4.96475,52.29852],[4.96428,52.29836],[4.96344,52.29928],[4.95962,52.29797]]]}},{"type":"Feature","properties":{"name":"L-buurt","wijk":"Nellestein","stadsdeel":"Zuidoost","pop":3095},"geometry":{"type":"Polygon","coordinates":[[[4.97142,52.308],[4.97627,52.30269],[4.97645,52.30254],[4.97676,52.30232],[4.9771,52.30213],[4.97734,52.30202],[4.9776,52.30191],[4.978,52.30178],[4.97828,52.3017],[4.97872,52.30161],[4.97897,52.30157],[4.97944,52.30152],[4.9799,52.30152],[4.9863,52.30154],[4.98626,52.30357],[4.98618,52.30358],[4.98601,52.30359],[4.98584,52.30358],[4.98576,52.30357],[4.98568,52.30356],[4.98552,52.30351],[4.98545,52.30349],[4.98529,52.3034],[4.9852,52.30337],[4.98511,52.30335],[4.98501,52.30333],[4.98485,52.30333],[4.98475,52.30335],[4.98465,52.30337],[4.98452,52.30342],[4.98445,52.30346],[4.98372,52.30412],[4.98334,52.30453],[4.98218,52.30566],[4.98392,52.30629],[4.98473,52.30663],[4.98543,52.30687],[4.98635,52.30717],[4.98769,52.3076],[4.98353,52.31215],[4.97867,52.31049],[4.97397,52.30887],[4.97142,52.308]]]}},{"type":"Feature","properties":{"name":"Gaasperpark","wijk":"Nellestein","stadsdeel":"Zuidoost","pop":15},"geometry":{"type":"Polygon","coordinates":[[[4.98353,52.31215],[4.98769,52.3076],[4.98635,52.30717],[4.98654,52.30701],[4.98675,52.30663],[4.9868,52.30658],[4.98687,52.30652],[4.98717,52.30637],[4.98738,52.30629],[4.98753,52.30625],[4.98768,52.30624],[4.98835,52.30622],[4.98966,52.30623],[4.9904,52.30625],[4.99142,52.30632],[4.99149,52.30632],[4.99176,52.30626],[4.99263,52.30614],[4.99277,52.30614],[4.99304,52.30616],[4.99312,52.30617],[4.9932,52.30619],[4.99328,52.30623],[4.99334,52.30627],[4.99342,52.30634],[4.99379,52.30643],[4.99388,52.30648],[4.99406,52.30667],[4.994,52.30688],[4.99408,52.30706],[4.99412,52.30731],[4.9941,52.30738],[4.99397,52.30755],[4.99395,52.30765],[4.99398,52.30775],[4.9941,52.30792],[4.99471,52.30822],[4.9951,52.30844],[4.99524,52.30851],[4.99558,52.30865],[4.99636,52.30894],[4.99653,52.30896],[4.9967,52.30896],[4.9975,52.30886],[4.99763,52.30866],[4.99769,52.30859],[4.99779,52.30853],[4.9983,52.30827],[4.99844,52.30821],[4.99863,52.30816],[4.99875,52.30814],[4.99887,52.30813],[4.999,52.30813],[4.99911,52.30815],[4.99927,52.30817],[4.99941,52.30821],[4.99955,52.30825],[4.99995,52.30841],[5.0002,52.30849],[5.00043,52.30855],[5.00066,52.3086],[5.00102,52.30871],[5.00135,52.30877],[5.00146,52.30881],[5.00153,52.30884],[5.0016,52.30888],[5.00167,52.30895],[5.00198,52.30929],[5.00157,52.30974],[5.00152,52.30983],[5.00149,52.30992],[5.0015,52.30998],[5.0016,52.31023],[5.00187,52.31082],[5.00163,52.31094],[5.00141,52.31107],[4.99996,52.31195],[4.99906,52.31244],[4.99761,52.31327],[4.9972,52.3135],[4.99794,52.31394],[4.99808,52.31404],[4.99786,52.31398],[4.99759,52.31415],[4.99746,52.31425],[4.9973,52.3142],[4.9972,52.31429],[4.99713,52.31439],[4.99709,52.31446],[4.99709,52.31448],[4.99712,52.31464],[4.99712,52.3147],[4.9971,52.31481],[4.99707,52.31485],[4.99709,52.31508],[4.99715,52.31591],[4.99718,52.31604],[4.99723,52.31622],[4.99726,52.31632],[4.99734,52.31652],[4.99736,52.31659],[4.99737,52.31667],[4.99736,52.31677],[4.99733,52.31691],[4.99727,52.31706],[4.99718,52.31726],[4.99711,52.31739],[4.99702,52.31752],[4.9969,52.31764],[4.99546,52.3169],[4.99505,52.31669],[4.99423,52.31629],[4.99318,52.3158],[4.99211,52.31533],[4.99114,52.31492],[4.99009,52.31449],[4.98913,52.31411],[4.98823,52.31378],[4.98733,52.31345],[4.98353,52.31215]]]}},{"type":"Feature","properties":{"name":"Gaasperplas","wijk":"Nellestein","stadsdeel":"Zuidoost","pop":5},"geometry":{"type":"Polygon","coordinates":[[[4.98543,52.30687],[4.98473,52.30663],[4.98392,52.30629],[4.98218,52.30566],[4.98334,52.30453],[4.98372,52.30412],[4.98445,52.30346],[4.98452,52.30342],[4.98465,52.30337],[4.98475,52.30335],[4.98485,52.30333],[4.98501,52.30333],[4.98511,52.30335],[4.9852,52.30337],[4.98529,52.3034],[4.98545,52.30349],[4.98552,52.30351],[4.98568,52.30356],[4.98576,52.30357],[4.98584,52.30358],[4.98601,52.30359],[4.98618,52.30358],[4.98626,52.30357],[4.9863,52.30154],[4.9892,52.30155],[4.99048,52.30156],[4.99066,52.30157],[4.99079,52.3016],[4.99092,52.30164],[4.99134,52.30182],[4.99149,52.30187],[4.99169,52.30191],[4.99191,52.30193],[4.99213,52.30191],[4.99229,52.30188],[4.99239,52.30186],[4.99263,52.30175],[4.99273,52.30172],[4.99287,52.30169],[4.99305,52.30167],[4.99512,52.30168],[4.99538,52.30171],[4.99563,52.30176],[4.99589,52.30181],[4.99625,52.30182],[4.99654,52.30181],[4.99703,52.3017],[4.99721,52.30167],[4.99736,52.30166],[5.00035,52.30161],[5.00288,52.30158],[5.00542,52.30156],[5.00795,52.30155],[5.00808,52.30157],[5.00834,52.3016],[5.00873,52.30167],[5.00892,52.30172],[5.00904,52.30175],[5.00921,52.3018],[5.00943,52.30189],[5.00958,52.30195],[5.00992,52.3021],[5.01004,52.30216],[5.01012,52.30221],[5.01021,52.30228],[5.0105,52.30251],[5.01067,52.30266],[5.01086,52.30287],[5.01097,52.30297],[5.01111,52.30307],[5.01143,52.30325],[5.01154,52.3033],[5.01172,52.30337],[5.01184,52.30341],[5.012,52.30346],[5.01228,52.30352],[5.01246,52.30355],[5.01272,52.30359],[5.01265,52.30388],[5.01183,52.30378],[5.01131,52.30428],[5.01189,52.30451],[5.01112,52.30489],[5.01105,52.30484],[5.01104,52.30484],[5.01102,52.30484],[5.01071,52.30495],[5.01068,52.30495],[5.01066,52.30495],[5.01048,52.30485],[5.01046,52.30484],[5.01044,52.30485],[5.01043,52.30485],[5.01003,52.30509],[5.00987,52.30516],[5.00958,52.3053],[5.00984,52.30548],[5.00989,52.30552],[5.0099,52.30556],[5.00988,52.3056],[5.00968,52.30577],[5.00949,52.30603],[5.00995,52.3061],[5.01014,52.30613],[5.0102,52.30615],[5.0102,52.30615],[5.0102,52.30617],[5.01019,52.30618],[5.01,52.30642],[5.00987,52.30666],[5.00961,52.30722],[5.00959,52.30723],[5.00954,52.30724],[5.00921,52.3072],[5.00908,52.30718],[5.00895,52.30716],[5.00886,52.30715],[5.00881,52.30714],[5.00878,52.30712],[5.00873,52.30708],[5.0087,52.30705],[5.00865,52.30704],[5.00858,52.30703],[5.0085,52.30703],[5.00843,52.30703],[5.00836,52.30705],[5.00829,52.30707],[5.00827,52.30711],[5.00827,52.30714],[5.0083,52.3072],[5.00835,52.30725],[5.00841,52.3073],[5.0085,52.30733],[5.00863,52.30737],[5.00877,52.3074],[5.00938,52.3075],[5.01021,52.30773],[5.01001,52.30814],[5.00998,52.30821],[5.00994,52.30827],[5.00983,52.3084],[5.00977,52.30846],[5.0097,52.30852],[5.00884,52.30915],[5.00869,52.30926],[5.00853,52.30935],[5.00841,52.30942],[5.00818,52.30953],[5.00793,52.30964],[5.00781,52.30969],[5.00754,52.30978],[5.00727,52.30986],[5.00713,52.30989],[5.00699,52.30992],[5.00684,52.30995],[5.0067,52.30998],[5.0064,52.31002],[5.00616,52.31004],[5.00449,52.31015],[5.00421,52.31018],[5.00407,52.3102],[5.00392,52.31022],[5.00365,52.31026],[5.00344,52.3103],[5.00317,52.31036],[5.00285,52.31045],[5.00265,52.31051],[5.0024,52.3106],[5.00222,52.31067],[5.0021,52.31072],[5.00187,52.31082],[5.0016,52.31023],[5.0015,52.30998],[5.00149,52.30992],[5.00152,52.30983],[5.00157,52.30974],[5.00198,52.30929],[5.00167,52.30895],[5.0016,52.30888],[5.00153,52.30884],[5.00146,52.30881],[5.00135,52.30877],[5.00102,52.30871],[5.00066,52.3086],[5.00043,52.30855],[5.0002,52.30849],[4.99995,52.30841],[4.99955,52.30825],[4.99941,52.30821],[4.99927,52.30817],[4.99911,52.30815],[4.999,52.30813],[4.99887,52.30813],[4.99875,52.30814],[4.99863,52.30816],[4.99844,52.30821],[4.9983,52.30827],[4.99779,52.30853],[4.99769,52.30859],[4.99763,52.30866],[4.9975,52.30886],[4.9967,52.30896],[4.99653,52.30896],[4.99636,52.30894],[4.99558,52.30865],[4.99524,52.30851],[4.9951,52.30844],[4.99471,52.30822],[4.9941,52.30792],[4.99398,52.30775],[4.99395,52.30765],[4.99397,52.30755],[4.9941,52.30738],[4.99412,52.30731],[4.99408,52.30706],[4.994,52.30688],[4.99406,52.30667],[4.99388,52.30648],[4.99379,52.30643],[4.99342,52.30634],[4.99334,52.30627],[4.99328,52.30623],[4.9932,52.30619],[4.99312,52.30617],[4.99304,52.30616],[4.99277,52.30614],[4.99263,52.30614],[4.99176,52.30626],[4.99149,52.30632],[4.99142,52.30632],[4.9904,52.30625],[4.98966,52.30623],[4.98835,52.30622],[4.98768,52.30624],[4.98753,52.30625],[4.98738,52.30629],[4.98717,52.30637],[4.98687,52.30652],[4.9868,52.30658],[4.98675,52.30663],[4.98654,52.30701],[4.98635,52.30717],[4.98543,52.30687]]]}},{"type":"Feature","properties":{"name":"Reigersbos 1","wijk":"Reigersbos","stadsdeel":"Zuidoost","pop":2055},"geometry":{"type":"Polygon","coordinates":[[[4.97279,52.29865],[4.97324,52.29772],[4.97355,52.29699],[4.97416,52.29562],[4.97602,52.29593],[4.97618,52.29564],[4.97632,52.29563],[4.97674,52.2957],[4.97662,52.29603],[4.97739,52.29614],[4.97822,52.29623],[4.97889,52.29628],[4.97956,52.29631],[4.98204,52.29632],[4.98204,52.29656],[4.98205,52.29661],[4.98209,52.29669],[4.9822,52.29682],[4.98186,52.29694],[4.98202,52.29712],[4.98205,52.29717],[4.98206,52.29723],[4.98204,52.29741],[4.98187,52.29801],[4.98186,52.29859],[4.98181,52.29864],[4.98146,52.29884],[4.98137,52.2989],[4.97995,52.30047],[4.97992,52.30053],[4.97991,52.30058],[4.9799,52.30152],[4.97944,52.30152],[4.97897,52.30157],[4.97872,52.30161],[4.97832,52.30087],[4.97823,52.30074],[4.97815,52.30066],[4.97803,52.30054],[4.97788,52.30044],[4.97772,52.30034],[4.97747,52.30024],[4.97407,52.29908],[4.97325,52.29878],[4.97304,52.29871],[4.97279,52.29865]]]}},{"type":"Feature","properties":{"name":"Reigersbos 2","wijk":"Reigersbos","stadsdeel":"Zuidoost","pop":1530},"geometry":{"type":"Polygon","coordinates":[[[4.97416,52.29562],[4.97449,52.29489],[4.97454,52.2947],[4.97455,52.29459],[4.97456,52.29334],[4.97461,52.29291],[4.97591,52.29286],[4.98094,52.29272],[4.98197,52.29272],[4.98196,52.29287],[4.98209,52.29452],[4.98211,52.29456],[4.98216,52.2946],[4.98237,52.29465],[4.98242,52.29469],[4.98246,52.29472],[4.98247,52.29477],[4.9825,52.2951],[4.98249,52.29518],[4.98246,52.29525],[4.98216,52.29557],[4.98211,52.29564],[4.98207,52.29571],[4.98205,52.29583],[4.98204,52.29632],[4.97956,52.29631],[4.97889,52.29628],[4.97822,52.29623],[4.97739,52.29614],[4.97662,52.29603],[4.97674,52.2957],[4.97632,52.29563],[4.97618,52.29564],[4.97602,52.29593],[4.97416,52.29562]]]}},{"type":"Feature","properties":{"name":"Reigersbos 3","wijk":"Reigersbos","stadsdeel":"Zuidoost","pop":2440},"geometry":{"type":"Polygon","coordinates":[[[4.96175,52.29538],[4.96319,52.29388],[4.96367,52.29331],[4.96396,52.29306],[4.96584,52.291],[4.96602,52.29086],[4.9661,52.29075],[4.96824,52.29146],[4.97437,52.29286],[4.97461,52.29291],[4.97456,52.29334],[4.97455,52.29459],[4.97454,52.2947],[4.97449,52.29489],[4.97416,52.29562],[4.97166,52.29519],[4.9697,52.29483],[4.96747,52.29445],[4.96709,52.29439],[4.96678,52.29436],[4.96649,52.29433],[4.96619,52.29432],[4.96591,52.29432],[4.96562,52.29434],[4.96534,52.29436],[4.96506,52.29439],[4.96479,52.29444],[4.96451,52.29449],[4.96425,52.29456],[4.96399,52.29464],[4.96374,52.29473],[4.96348,52.29483],[4.96325,52.29494],[4.96303,52.29506],[4.96282,52.29518],[4.96263,52.29532],[4.96248,52.29543],[4.96232,52.29558],[4.96175,52.29538]]]}},{"type":"Feature","properties":{"name":"Reigersbos 4","wijk":"Reigersbos","stadsdeel":"Zuidoost","pop":2520},"geometry":{"type":"Polygon","coordinates":[[[4.9661,52.29075],[4.96629,52.29046],[4.96931,52.28713],[4.96974,52.28662],[4.97,52.28637],[4.97184,52.28436],[4.97194,52.28443],[4.9724,52.28472],[4.97261,52.28485],[4.97272,52.2849],[4.97283,52.28495],[4.97296,52.28499],[4.97304,52.28501],[4.97307,52.28502],[4.9731,52.28505],[4.97313,52.28511],[4.97317,52.28517],[4.9732,52.2852],[4.97324,52.28523],[4.97346,52.28534],[4.97371,52.28545],[4.97477,52.28609],[4.97485,52.28616],[4.97494,52.28623],[4.97515,52.28634],[4.97554,52.28649],[4.97594,52.28665],[4.97601,52.28669],[4.97609,52.28674],[4.97612,52.28675],[4.97628,52.28682],[4.97639,52.28686],[4.97728,52.28727],[4.97769,52.28745],[4.97808,52.28762],[4.97857,52.28784],[4.9787,52.28789],[4.9789,52.28797],[4.97924,52.2881],[4.97939,52.28817],[4.97979,52.28835],[4.97985,52.28838],[4.97985,52.28838],[4.98011,52.28851],[4.98045,52.28865],[4.98094,52.28886],[4.98111,52.28893],[4.98126,52.28897],[4.98134,52.289],[4.98147,52.28906],[4.98167,52.28915],[4.98196,52.28927],[4.98205,52.28931],[4.98219,52.28935],[4.98227,52.28939],[4.98231,52.28941],[4.98234,52.28943],[4.98247,52.28947],[4.98257,52.28951],[4.98262,52.28952],[4.98266,52.28954],[4.98271,52.28957],[4.98275,52.28959],[4.98289,52.28964],[4.98291,52.28965],[4.98292,52.28967],[4.98294,52.28971],[4.98298,52.28979],[4.98309,52.28989],[4.98337,52.29022],[4.98348,52.29033],[4.98351,52.29037],[4.98358,52.29046],[4.98227,52.29062],[4.9822,52.29064],[4.98217,52.29067],[4.98197,52.29272],[4.98094,52.29272],[4.97591,52.29286],[4.97461,52.29291],[4.97437,52.29286],[4.96824,52.29146],[4.9661,52.29075]]]}},{"type":"Feature","properties":{"name":"Gein 1","wijk":"Gein","stadsdeel":"Zuidoost","pop":3005},"geometry":{"type":"Polygon","coordinates":[[[4.9799,52.30152],[4.97991,52.30058],[4.97992,52.30053],[4.97995,52.30047],[4.98137,52.2989],[4.98146,52.29884],[4.98181,52.29864],[4.98186,52.29859],[4.98187,52.29801],[4.98204,52.29741],[4.98206,52.29723],[4.98205,52.29717],[4.98202,52.29712],[4.98186,52.29694],[4.9822,52.29682],[4.98209,52.29669],[4.98205,52.29661],[4.98204,52.29656],[4.98204,52.29632],[4.98546,52.29633],[4.98925,52.29634],[4.9892,52.30155],[4.9863,52.30154],[4.9799,52.30152]]]}},{"type":"Feature","properties":{"name":"Gein 2","wijk":"Gein","stadsdeel":"Zuidoost","pop":1655},"geometry":{"type":"Polygon","coordinates":[[[4.98204,52.29632],[4.98205,52.29583],[4.98207,52.29571],[4.98211,52.29564],[4.98216,52.29557],[4.98246,52.29525],[4.98249,52.29518],[4.9825,52.2951],[4.98247,52.29477],[4.98246,52.29472],[4.98242,52.29469],[4.98237,52.29465],[4.98216,52.2946],[4.98211,52.29456],[4.98209,52.29452],[4.98196,52.29287],[4.98197,52.29272],[4.98769,52.29292],[4.98784,52.29293],[4.98805,52.29297],[4.98825,52.29304],[4.98842,52.29313],[4.98856,52.29323],[4.98866,52.29335],[4.98872,52.29349],[4.9892,52.29521],[4.98923,52.29537],[4.98926,52.29562],[4.98925,52.29634],[4.98546,52.29633],[4.98204,52.29632]]]}},{"type":"Feature","properties":{"name":"Gein 3","wijk":"Gein","stadsdeel":"Zuidoost","pop":3195},"geometry":{"type":"Polygon","coordinates":[[[4.9892,52.30155],[4.98925,52.29634],[5.00325,52.2964],[5.00323,52.2966],[5.00323,52.29675],[5.00324,52.29703],[5.00323,52.29739],[5.00325,52.29743],[5.0034,52.29767],[5.00368,52.29817],[5.00377,52.29834],[5.00384,52.29851],[5.00527,52.29839],[5.00678,52.30007],[5.00706,52.30038],[5.00736,52.30066],[5.00755,52.30087],[5.00763,52.30101],[5.0077,52.30118],[5.00773,52.30128],[5.00775,52.30137],[5.00781,52.30144],[5.00789,52.30152],[5.00795,52.30155],[5.00542,52.30156],[5.00288,52.30158],[5.00035,52.30161],[4.99736,52.30166],[4.99721,52.30167],[4.99703,52.3017],[4.99654,52.30181],[4.99625,52.30182],[4.99589,52.30181],[4.99563,52.30176],[4.99538,52.30171],[4.99512,52.30168],[4.99305,52.30167],[4.99287,52.30169],[4.99273,52.30172],[4.99263,52.30175],[4.99239,52.30186],[4.99229,52.30188],[4.99213,52.30191],[4.99191,52.30193],[4.99169,52.30191],[4.99149,52.30187],[4.99134,52.30182],[4.99092,52.30164],[4.99079,52.3016],[4.99066,52.30157],[4.99048,52.30156],[4.9892,52.30155]]]}},{"type":"Feature","properties":{"name":"Gein 4","wijk":"Gein","stadsdeel":"Zuidoost","pop":3365},"geometry":{"type":"Polygon","coordinates":[[[4.98197,52.29272],[4.98217,52.29067],[4.9822,52.29064],[4.98227,52.29062],[4.98358,52.29046],[4.98351,52.29037],[4.98389,52.29032],[4.98462,52.29023],[4.98511,52.29017],[4.98655,52.29001],[4.98668,52.29],[4.98757,52.2899],[4.9883,52.28983],[4.98903,52.28975],[4.98974,52.28967],[4.99046,52.2896],[4.99119,52.28955],[4.99265,52.28941],[4.99291,52.2894],[4.99337,52.28936],[4.99368,52.28933],[4.99412,52.28929],[4.99502,52.28923],[4.99554,52.28922],[4.99672,52.28916],[4.99748,52.28912],[4.99776,52.28935],[4.9981,52.28964],[4.99822,52.28975],[4.99829,52.28981],[4.99833,52.28983],[4.99845,52.28984],[4.99846,52.28985],[4.99848,52.28998],[4.99852,52.29018],[4.99852,52.2902],[4.99855,52.29024],[4.99866,52.29023],[4.99874,52.29022],[4.99877,52.29022],[4.99878,52.29022],[4.99882,52.29024],[4.99883,52.29026],[4.99924,52.29062],[5.00001,52.29127],[5.00008,52.29133],[5.00018,52.29142],[5.00054,52.29172],[5.00056,52.29175],[5.00061,52.29178],[5.00068,52.29185],[5.00082,52.29196],[5.00091,52.29204],[5.00125,52.29233],[5.00133,52.29241],[5.00136,52.29246],[5.00137,52.29248],[5.0015,52.29258],[5.0016,52.29265],[5.00168,52.29272],[5.00179,52.29279],[5.00182,52.29284],[5.00184,52.29292],[5.0018,52.29306],[5.0018,52.29318],[5.00182,52.29341],[5.00182,52.29376],[5.00183,52.29421],[5.00183,52.29428],[5.00184,52.29444],[5.00185,52.29505],[5.00185,52.2952],[5.00186,52.29537],[5.00185,52.29551],[5.00184,52.29561],[5.00185,52.29572],[5.00185,52.29588],[5.00204,52.29592],[5.0021,52.29593],[5.0023,52.296],[5.00238,52.29602],[5.00249,52.29604],[5.0026,52.29605],[5.00282,52.29605],[5.00288,52.29604],[5.00306,52.29602],[5.00311,52.29602],[5.00318,52.29604],[5.00323,52.29607],[5.00324,52.29608],[5.00325,52.29613],[5.00325,52.29616],[5.00325,52.2963],[5.00325,52.2964],[4.98925,52.29634],[4.98926,52.29562],[4.98923,52.29537],[4.9892,52.29521],[4.98872,52.29349],[4.98866,52.29335],[4.98856,52.29323],[4.98842,52.29313],[4.98825,52.29304],[4.98805,52.29297],[4.98784,52.29293],[4.98769,52.29292],[4.98197,52.29272]]]}}]}