{"type":"FeatureCollection","features":[{"type":"Feature","properties":{"name":"Zuidoost","stadsdeel":"Zuidoost","pop":90385},"geometry":{"type":"MultiPolygon","coordinates":[[[[5.00997,52.30821],[5.01001,52.30814],[5.01007,52.30801],[5.01012,52.30792],[5.01016,52.30782],[5.01021,52.30773],[5.00979,52.30761],[5.00938,52.3075],[5.00921,52.30747],[5.00905,52.30744],[5.00891,52.30742],[5.00877,52.3074],[5.0087,52.30739],[5.00863,52.30737],[5.00856,52.30735],[5.0085,52.30733],[5.00845,52.30732],[5.00841,52.3073],[5.00838,52.30728],[5.00834,52.30725],[5.00832,52.30723],[5.00829,52.3072],[5.00828,52.30717],[5.00827,52.30714],[5.00827,52.30711],[5.00829,52.30707],[5.00835,52.30705],[5.00843,52.30703],[5.0085,52.30702],[5.00858,52.30703],[5.00865,52.30703],[5.0087,52.30705],[5.00873,52.30707],[5.00877,52.30712],[5.00881,52.30714],[5.00885,52.30715],[5.00895,52.30716],[5.00908,52.30718],[5.00914,52.30719],[5.0092,52.3072],[5.00954,52.30724],[5.00956,52.30724],[5.00957,52.30724],[5.00959,52.30723],[5.0096,52.30722],[5.00961,52.30721],[5.00987,52.30666],[5.01,52.30641],[5.01002,52.30638],[5.01009,52.3063],[5.01014,52.30624],[5.01019,52.30618],[5.0102,52.30617],[5.0102,52.30616],[5.0102,52.30615],[5.0102,52.30615],[5.0102,52.30615],[5.01014,52.30613],[5.00995,52.3061],[5.00949,52.30603],[5.00968,52.30577],[5.00987,52.3056],[5.0099,52.30556],[5.00988,52.30552],[5.00984,52.30548],[5.00973,52.3054],[5.00958,52.3053],[5.00987,52.30516],[5.01002,52.30508],[5.01042,52.30485],[5.01044,52.30485],[5.01046,52.30484],[5.01047,52.30484],[5.01048,52.30484],[5.0105,52.30485],[5.01066,52.30495],[5.01067,52.30495],[5.01069,52.30495],[5.0107,52.30495],[5.01071,52.30495],[5.01102,52.30484],[5.01103,52.30484],[5.01103,52.30484],[5.01104,52.30484],[5.01105,52.30484],[5.01112,52.30489],[5.01189,52.3045],[5.01131,52.30428],[5.01183,52.30378],[5.01265,52.30388],[5.01272,52.30358],[5.01265,52.30358],[5.01255,52.30357],[5.01246,52.30355],[5.01236,52.30354],[5.01228,52.30352],[5.01217,52.3035],[5.01207,52.30347],[5.01199,52.30346],[5.01192,52.30344],[5.01184,52.30341],[5.01182,52.30341],[5.01177,52.30339],[5.01171,52.30337],[5.01162,52.30334],[5.01154,52.3033],[5.0115,52.30328],[5.01142,52.30325],[5.01135,52.30321],[5.01125,52.30315],[5.01116,52.3031],[5.01111,52.30307],[5.01105,52.30303],[5.01096,52.30297],[5.0109,52.30291],[5.01086,52.30287],[5.01083,52.30284],[5.01073,52.30273],[5.01067,52.30266],[5.01061,52.30262],[5.01055,52.30255],[5.01049,52.3025],[5.0104,52.30242],[5.01025,52.30231],[5.01021,52.30227],[5.01016,52.30224],[5.01012,52.30221],[5.0101,52.3022],[5.01009,52.30219],[5.01004,52.30216],[5.01002,52.30215],[5.00993,52.3021],[5.00992,52.30209],[5.00979,52.30204],[5.00971,52.302],[5.00957,52.30195],[5.00947,52.3019],[5.00943,52.30188],[5.00934,52.30185],[5.00921,52.3018],[5.00912,52.30177],[5.00904,52.30175],[5.00896,52.30173],[5.00891,52.30172],[5.00883,52.30169],[5.00873,52.30167],[5.00866,52.30166],[5.00859,52.30165],[5.00853,52.30163],[5.00833,52.3016],[5.0082,52.30158],[5.00808,52.30157],[5.00795,52.30155],[5.00789,52.30152],[5.00784,52.30147],[5.00781,52.30144],[5.00775,52.30137],[5.00775,52.30135],[5.00772,52.30128],[5.00771,52.30124],[5.0077,52.30121],[5.0077,52.30121],[5.0077,52.30118],[5.00763,52.30101],[5.00754,52.30087],[5.00736,52.30066],[5.00723,52.30054],[5.00717,52.30048],[5.00715,52.30047],[5.00706,52.30038],[5.00678,52.30007],[5.00651,52.29978],[5.0062,52.29944],[5.00605,52.29926],[5.00568,52.29886],[5.00526,52.29839],[5.00508,52.29841],[5.00507,52.29841],[5.00506,52.29841],[5.00504,52.29841],[5.00497,52.29842],[5.00481,52.29843],[5.00423,52.29848],[5.00402,52.2985],[5.00394,52.2985],[5.00394,52.2985],[5.00383,52.29851],[5.00382,52.29846],[5.00381,52.29846],[5.00381,52.29845],[5.0038,52.29843],[5.00379,52.29841],[5.00378,52.29838],[5.00376,52.29834],[5.00368,52.29816],[5.00358,52.29798],[5.00357,52.29798],[5.00349,52.29782],[5.0034,52.29767],[5.00329,52.29749],[5.00324,52.29742],[5.00323,52.29739],[5.00323,52.29733],[5.00324,52.29728],[5.00324,52.29722],[5.00324,52.29715],[5.00324,52.29713],[5.00324,52.29703],[5.00323,52.29692],[5.00323,52.29684],[5.00323,52.29675],[5.00323,52.29668],[5.00323,52.2966],[5.00324,52.2965],[5.00325,52.2964],[5.00325,52.29639],[5.00325,52.29637],[5.00325,52.2963],[5.00325,52.29624],[5.00324,52.29615],[5.00324,52.29615],[5.00325,52.29613],[5.00325,52.29613],[5.00324,52.2961],[5.00324,52.29608],[5.00324,52.29608],[5.00323,52.29606],[5.00321,52.29605],[5.00318,52.29604],[5.00315,52.29603],[5.00311,52.29602],[5.00306,52.29602],[5.003,52.29603],[5.00294,52.29604],[5.00288,52.29604],[5.00282,52.29605],[5.00273,52.29604],[5.0026,52.29604],[5.00248,52.29604],[5.00238,52.29602],[5.0023,52.296],[5.00223,52.29598],[5.00216,52.29595],[5.0021,52.29593],[5.00203,52.29592],[5.00185,52.29588],[5.00185,52.29583],[5.00185,52.29572],[5.00185,52.2957],[5.00184,52.29565],[5.00184,52.29561],[5.00185,52.29551],[5.00185,52.29537],[5.00184,52.2952],[5.00185,52.29505],[5.00184,52.29485],[5.00184,52.2947],[5.00184,52.2946],[5.00183,52.29444],[5.00183,52.29433],[5.00183,52.29428],[5.00183,52.29421],[5.00183,52.29406],[5.00182,52.29376],[5.00181,52.29341],[5.00181,52.29333],[5.00181,52.29328],[5.0018,52.29325],[5.0018,52.29317],[5.0018,52.29315],[5.0018,52.29306],[5.00183,52.29292],[5.00182,52.29284],[5.00179,52.29279],[5.00178,52.29279],[5.00176,52.29277],[5.00168,52.29272],[5.0016,52.29265],[5.00149,52.29258],[5.00143,52.29253],[5.00137,52.29248],[5.00135,52.29246],[5.00135,52.29245],[5.00134,52.29243],[5.00133,52.29241],[5.00132,52.29239],[5.00125,52.29233],[5.00112,52.29222],[5.00102,52.29213],[5.00091,52.29204],[5.00087,52.29201],[5.00082,52.29196],[5.00073,52.29189],[5.00067,52.29185],[5.00062,52.2918],[5.00061,52.29178],[5.00058,52.29176],[5.00056,52.29174],[5.00054,52.29172],[5.00052,52.29171],[5.00049,52.29169],[5.0003,52.29153],[5.00018,52.29142],[5.00008,52.29133],[5.00001,52.29127],[4.99979,52.29109],[4.99965,52.29096],[4.99957,52.2909],[4.99949,52.29083],[4.99924,52.29062],[4.999,52.29041],[4.99883,52.29026],[4.99882,52.29025],[4.99881,52.29024],[4.9988,52.29023],[4.99879,52.29023],[4.99878,52.29022],[4.99876,52.29022],[4.99874,52.29022],[4.9987,52.29022],[4.99866,52.29023],[4.99862,52.29023],[4.99858,52.29023],[4.99855,52.29023],[4.99854,52.29023],[4.99854,52.29022],[4.99853,52.29021],[4.99852,52.2902],[4.99852,52.29018],[4.99851,52.29015],[4.9985,52.29011],[4.99848,52.28997],[4.99846,52.28985],[4.99845,52.28984],[4.99843,52.28984],[4.9984,52.28984],[4.99837,52.28984],[4.99834,52.28983],[4.99833,52.28983],[4.99832,52.28983],[4.99831,52.28982],[4.9983,52.28981],[4.99829,52.28981],[4.99822,52.28974],[4.9981,52.28964],[4.99795,52.28952],[4.99776,52.28935],[4.99769,52.28929],[4.99769,52.28929],[4.99768,52.28928],[4.99762,52.28923],[4.99758,52.2892],[4.99755,52.28918],[4.99755,52.28918],[4.99747,52.28912],[4.99713,52.28914],[4.99712,52.28914],[4.99672,52.28916],[4.99586,52.2892],[4.99553,52.28922],[4.99502,52.28923],[4.99412,52.28929],[4.99368,52.28933],[4.99337,52.28936],[4.99331,52.28936],[4.99324,52.28937],[4.99316,52.28937],[4.99305,52.28938],[4.99297,52.28939],[4.99294,52.28939],[4.99291,52.28939],[4.99264,52.28941],[4.99118,52.28955],[4.99046,52.2896],[4.99014,52.28963],[4.98974,52.28967],[4.98929,52.28972],[4.98902,52.28975],[4.98876,52.28978],[4.9883,52.28983],[4.98757,52.2899],[4.98706,52.28995],[4.98668,52.29],[4.98668,52.29],[4.98655,52.29001],[4.98648,52.29002],[4.98642,52.29003],[4.98638,52.29003],[4.98634,52.29004],[4.98629,52.29004],[4.98622,52.29005],[4.98616,52.29006],[4.98609,52.29006],[4.98603,52.29007],[4.98597,52.29008],[4.98588,52.29009],[4.98575,52.2901],[4.98565,52.29011],[4.98556,52.29012],[4.98546,52.29013],[4.98538,52.29014],[4.98529,52.29015],[4.9852,52.29016],[4.98511,52.29017],[4.9849,52.2902],[4.98481,52.29021],[4.9847,52.29022],[4.98462,52.29023],[4.98454,52.29024],[4.98444,52.29025],[4.9843,52.29027],[4.98423,52.29028],[4.98415,52.29029],[4.98406,52.2903],[4.98397,52.29031],[4.98388,52.29032],[4.98386,52.29033],[4.98383,52.29033],[4.98377,52.29034],[4.98371,52.29034],[4.98365,52.29035],[4.98361,52.29036],[4.98351,52.29037],[4.9835,52.29036],[4.98349,52.29035],[4.98348,52.29034],[4.98348,52.29033],[4.98347,52.29032],[4.98346,52.29031],[4.98344,52.29029],[4.98342,52.29028],[4.9834,52.29026],[4.98339,52.29025],[4.98338,52.29024],[4.98337,52.29023],[4.98337,52.29022],[4.98335,52.29021],[4.98334,52.2902],[4.98333,52.29018],[4.98331,52.29016],[4.9833,52.29014],[4.98328,52.29012],[4.98326,52.2901],[4.98325,52.29008],[4.98323,52.29006],[4.98318,52.29001],[4.98314,52.28996],[4.98312,52.28994],[4.98311,52.28992],[4.9831,52.28991],[4.98309,52.28989],[4.98307,52.28987],[4.98305,52.28986],[4.98303,52.28983],[4.98301,52.28982],[4.98298,52.28979],[4.98296,52.28976],[4.98295,52.28975],[4.98295,52.28973],[4.98294,52.28972],[4.98294,52.28971],[4.98293,52.2897],[4.98293,52.28969],[4.98292,52.28968],[4.98292,52.28967],[4.98291,52.28966],[4.98291,52.28966],[4.9829,52.28965],[4.9829,52.28965],[4.98289,52.28965],[4.98289,52.28964],[4.98288,52.28964],[4.98285,52.28963],[4.98284,52.28963],[4.98283,52.28962],[4.98282,52.28962],[4.9828,52.28961],[4.98279,52.28961],[4.98279,52.28961],[4.98278,52.2896],[4.98277,52.2896],[4.98276,52.28959],[4.98275,52.28959],[4.98274,52.28959],[4.98273,52.28958],[4.98272,52.28957],[4.98271,52.28957],[4.9827,52.28957],[4.98269,52.28956],[4.98268,52.28956],[4.98268,52.28956],[4.98267,52.28955],[4.98267,52.28955],[4.98266,52.28954],[4.98265,52.28954],[4.98264,52.28953],[4.98264,52.28953],[4.98262,52.28953],[4.98262,52.28952],[4.98261,52.28952],[4.9826,52.28952],[4.98259,52.28952],[4.98259,52.28951],[4.98258,52.28951],[4.98257,52.28951],[4.98256,52.2895],[4.98255,52.2895],[4.98254,52.28949],[4.98252,52.28949],[4.98251,52.28948],[4.9825,52.28948],[4.9825,52.28948],[4.98249,52.28948],[4.98248,52.28947],[4.98247,52.28946],[4.98246,52.28946],[4.98245,52.28946],[4.98243,52.28945],[4.98242,52.28945],[4.9824,52.28945],[4.98239,52.28944],[4.98238,52.28944],[4.98237,52.28944],[4.98236,52.28943],[4.98235,52.28943],[4.98234,52.28943],[4.98234,52.28943],[4.98233,52.28942],[4.98233,52.28942],[4.98232,52.28942],[4.98232,52.28942],[4.98231,52.28941],[4.9823,52.28941],[4.9823,52.2894],[4.98229,52.2894],[4.98229,52.28939],[4.98228,52.28939],[4.98227,52.28939],[4.98227,52.28938],[4.98226,52.28938],[4.98225,52.28938],[4.98224,52.28937],[4.98224,52.28937],[4.98223,52.28936],[4.98221,52.28936],[4.98221,52.28936],[4.9822,52.28935],[4.98219,52.28935],[4.98217,52.28934],[4.98216,52.28934],[4.98215,52.28933],[4.98214,52.28933],[4.98212,52.28933],[4.98211,52.28932],[4.9821,52.28932],[4.98209,52.28932],[4.98208,52.28931],[4.98207,52.28931],[4.98206,52.28931],[4.98205,52.2893],[4.98204,52.2893],[4.98203,52.2893],[4.98199,52.28928],[4.98196,52.28927],[4.98194,52.28926],[4.98191,52.28925],[4.98187,52.28923],[4.98183,52.28921],[4.9818,52.2892],[4.98178,52.2892],[4.98177,52.28919],[4.98175,52.28918],[4.98174,52.28918],[4.98171,52.28917],[4.98169,52.28916],[4.98166,52.28915],[4.98165,52.28914],[4.98164,52.28914],[4.98163,52.28913],[4.98161,52.28912],[4.98159,52.28911],[4.98156,52.2891],[4.98154,52.28909],[4.98152,52.28908],[4.98149,52.28907],[4.98147,52.28906],[4.98146,52.28905],[4.98145,52.28905],[4.98144,52.28904],[4.98143,52.28904],[4.98142,52.28903],[4.9814,52.28903],[4.98139,52.28902],[4.98138,52.28901],[4.98137,52.28901],[4.98135,52.289],[4.98134,52.289],[4.98133,52.28899],[4.98132,52.28899],[4.9813,52.28898],[4.98128,52.28898],[4.98127,52.28897],[4.98126,52.28897],[4.98125,52.28896],[4.98123,52.28896],[4.98121,52.28895],[4.98119,52.28895],[4.98117,52.28894],[4.98114,52.28893],[4.98111,52.28892],[4.98108,52.28892],[4.98106,52.28891],[4.98101,52.28889],[4.98098,52.28888],[4.98096,52.28887],[4.98094,52.28886],[4.98091,52.28885],[4.98088,52.28884],[4.98085,52.28882],[4.98077,52.28879],[4.98072,52.28877],[4.98064,52.28873],[4.9806,52.28872],[4.98058,52.2887],[4.98055,52.28869],[4.98053,52.28868],[4.98047,52.28866],[4.98044,52.28864],[4.98043,52.28864],[4.98042,52.28864],[4.98041,52.28863],[4.98039,52.28862],[4.98038,52.28862],[4.98036,52.28861],[4.98034,52.2886],[4.98032,52.2886],[4.98027,52.28857],[4.98024,52.28856],[4.9802,52.28854],[4.98017,52.28854],[4.98014,52.28852],[4.98011,52.28851],[4.98008,52.28849],[4.98005,52.28848],[4.98003,52.28847],[4.98001,52.28846],[4.97999,52.28845],[4.97994,52.28843],[4.97991,52.28841],[4.97988,52.2884],[4.97985,52.28838],[4.97984,52.28838],[4.97982,52.28836],[4.97979,52.28835],[4.97977,52.28834],[4.97974,52.28833],[4.97971,52.28831],[4.97969,52.28831],[4.97966,52.28829],[4.97962,52.28828],[4.97955,52.28825],[4.9795,52.28822],[4.97947,52.28821],[4.97942,52.28818],[4.97939,52.28817],[4.97935,52.28815],[4.97923,52.2881],[4.97919,52.28808],[4.97915,52.28806],[4.97912,52.28805],[4.97908,52.28804],[4.97907,52.28803],[4.97901,52.28801],[4.97895,52.28799],[4.9789,52.28796],[4.97885,52.28795],[4.97877,52.28792],[4.97874,52.2879],[4.9787,52.28789],[4.97867,52.28788],[4.97866,52.28787],[4.97866,52.28787],[4.97862,52.28786],[4.97859,52.28785],[4.97857,52.28784],[4.97855,52.28783],[4.97853,52.28782],[4.97852,52.28782],[4.97849,52.2878],[4.97846,52.28779],[4.97844,52.28778],[4.97842,52.28777],[4.97838,52.28775],[4.97835,52.28774],[4.97833,52.28773],[4.97828,52.28771],[4.97825,52.2877],[4.97822,52.28769],[4.97819,52.28767],[4.97813,52.28764],[4.97811,52.28764],[4.97808,52.28762],[4.97803,52.2876],[4.97797,52.28757],[4.97795,52.28756],[4.97792,52.28755],[4.97787,52.28753],[4.97782,52.2875],[4.97778,52.28749],[4.97775,52.28747],[4.97773,52.28746],[4.97769,52.28745],[4.97766,52.28743],[4.97764,52.28742],[4.97761,52.28741],[4.97754,52.28738],[4.9775,52.28737],[4.97747,52.28735],[4.97742,52.28733],[4.97735,52.2873],[4.97732,52.28729],[4.97728,52.28727],[4.97727,52.28726],[4.97727,52.28726],[4.97724,52.28725],[4.97722,52.28724],[4.97715,52.28721],[4.97713,52.2872],[4.9771,52.28718],[4.97705,52.28716],[4.97699,52.28714],[4.97696,52.28712],[4.9769,52.2871],[4.97684,52.28706],[4.97678,52.28704],[4.97672,52.28701],[4.97665,52.28698],[4.97658,52.28695],[4.97651,52.28692],[4.97647,52.2869],[4.97641,52.28687],[4.97639,52.28686],[4.97636,52.28685],[4.97635,52.28684],[4.97632,52.28684],[4.97628,52.28682],[4.97626,52.28681],[4.97624,52.28681],[4.97621,52.28679],[4.97618,52.28678],[4.97616,52.28677],[4.97614,52.28676],[4.97612,52.28675],[4.9761,52.28675],[4.97609,52.28674],[4.97607,52.28673],[4.97605,52.28672],[4.97604,52.28671],[4.97602,52.2867],[4.97601,52.28668],[4.97599,52.28668],[4.97597,52.28667],[4.97595,52.28666],[4.97594,52.28665],[4.97593,52.28664],[4.97591,52.28664],[4.97589,52.28663],[4.97587,52.28662],[4.97584,52.28661],[4.97581,52.2866],[4.97578,52.28658],[4.97575,52.28657],[4.97572,52.28656],[4.97568,52.28655],[4.97565,52.28653],[4.97561,52.28652],[4.97558,52.2865],[4.97554,52.28649],[4.9755,52.28648],[4.97545,52.28646],[4.9754,52.28644],[4.97536,52.28642],[4.97532,52.28641],[4.97527,52.28639],[4.9752,52.28636],[4.97515,52.28634],[4.97513,52.28633],[4.97511,52.28632],[4.97508,52.2863],[4.97503,52.28628],[4.975,52.28626],[4.97498,52.28625],[4.97496,52.28624],[4.97494,52.28622],[4.97491,52.2862],[4.97487,52.28618],[4.97485,52.28616],[4.97481,52.28613],[4.97478,52.2861],[4.97477,52.28609],[4.97475,52.28608],[4.97473,52.28606],[4.97469,52.28604],[4.97464,52.28601],[4.97463,52.28601],[4.97457,52.28597],[4.97451,52.28593],[4.97445,52.2859],[4.97439,52.28586],[4.97433,52.28582],[4.97427,52.28579],[4.97422,52.28576],[4.9742,52.28575],[4.97414,52.28571],[4.97408,52.28567],[4.974,52.28562],[4.97394,52.28559],[4.97384,52.28552],[4.9738,52.2855],[4.97374,52.28546],[4.97374,52.28546],[4.97373,52.28546],[4.97371,52.28545],[4.9737,52.28544],[4.97369,52.28543],[4.97368,52.28543],[4.97366,52.28542],[4.97363,52.28541],[4.9736,52.2854],[4.97357,52.28538],[4.97354,52.28537],[4.97351,52.28536],[4.97346,52.28534],[4.97345,52.28534],[4.97343,52.28532],[4.9734,52.28531],[4.97337,52.2853],[4.97334,52.28528],[4.97332,52.28527],[4.97328,52.28525],[4.97327,52.28525],[4.97325,52.28524],[4.97324,52.28523],[4.97322,52.28521],[4.97321,52.28521],[4.9732,52.2852],[4.97319,52.28519],[4.97319,52.28518],[4.97318,52.28518],[4.97317,52.28517],[4.97316,52.28515],[4.97315,52.28514],[4.97315,52.28513],[4.97314,52.28513],[4.97314,52.28512],[4.97314,52.28512],[4.97313,52.28511],[4.97313,52.2851],[4.97312,52.28509],[4.97312,52.28508],[4.97311,52.28507],[4.97311,52.28505],[4.9731,52.28504],[4.97309,52.28504],[4.97308,52.28503],[4.97307,52.28502],[4.97306,52.28502],[4.97305,52.28501],[4.97305,52.28501],[4.97304,52.28501],[4.97303,52.28501],[4.97301,52.285],[4.97299,52.285],[4.97297,52.285],[4.97295,52.28499],[4.97292,52.28498],[4.9729,52.28497],[4.97288,52.28496],[4.97285,52.28495],[4.97282,52.28495],[4.97281,52.28494],[4.97278,52.28493],[4.97276,52.28492],[4.97274,52.28491],[4.97273,52.2849],[4.97272,52.2849],[4.9727,52.28489],[4.97268,52.28488],[4.97266,52.28487],[4.97265,52.28486],[4.97263,52.28486],[4.97261,52.28485],[4.97259,52.28483],[4.97259,52.28483],[4.97257,52.28482],[4.97255,52.28481],[4.97254,52.2848],[4.97252,52.28479],[4.97248,52.28477],[4.97245,52.28475],[4.97244,52.28474],[4.97243,52.28474],[4.97242,52.28473],[4.97242,52.28473],[4.97239,52.28472],[4.97236,52.28469],[4.97232,52.28466],[4.97228,52.28464],[4.97225,52.28462],[4.97225,52.28462],[4.97222,52.28461],[4.9722,52.28459],[4.97218,52.28458],[4.97216,52.28457],[4.97213,52.28455],[4.97211,52.28453],[4.97209,52.28452],[4.97206,52.2845],[4.97202,52.28448],[4.97201,52.28447],[4.97197,52.28445],[4.97194,52.28443],[4.97194,52.28443],[4.97194,52.28443],[4.97194,52.28443],[4.9719,52.2844],[4.97188,52.28439],[4.97186,52.28437],[4.97185,52.28437],[4.97185,52.28437],[4.97184,52.28436],[4.97183,52.28435],[4.97179,52.28433],[4.97179,52.28433],[4.97178,52.28433],[4.97175,52.2843],[4.97174,52.28429],[4.97172,52.28428],[4.97169,52.28426],[4.97168,52.28426],[4.97166,52.28424],[4.97164,52.28423],[4.97159,52.28419],[4.97157,52.28418],[4.97155,52.28417],[4.97153,52.28415],[4.97152,52.28415],[4.97149,52.28413],[4.97147,52.28411],[4.97145,52.2841],[4.97142,52.28408],[4.97142,52.28408],[4.9714,52.28407],[4.9714,52.28407],[4.97139,52.28406],[4.97138,52.28405],[4.97136,52.28404],[4.97133,52.28403],[4.97131,52.28402],[4.97129,52.28401],[4.97127,52.28399],[4.97124,52.28398],[4.97121,52.28396],[4.97112,52.28391],[4.9711,52.2839],[4.97105,52.28387],[4.97102,52.28386],[4.97101,52.28385],[4.971,52.28384],[4.97099,52.28384],[4.97098,52.28383],[4.97098,52.28383],[4.97097,52.28383],[4.97096,52.28382],[4.97094,52.28381],[4.97091,52.28379],[4.9709,52.28379],[4.97088,52.28377],[4.97086,52.28376],[4.97084,52.28375],[4.97081,52.28373],[4.97079,52.28372],[4.97076,52.2837],[4.97074,52.28369],[4.9707,52.28366],[4.97067,52.28365],[4.97061,52.28362],[4.97059,52.2836],[4.97056,52.28359],[4.97053,52.28357],[4.97052,52.28357],[4.97049,52.28355],[4.97047,52.28354],[4.97045,52.28353],[4.97042,52.28352],[4.97037,52.28349],[4.97035,52.28347],[4.97033,52.28346],[4.9703,52.28345],[4.97028,52.28344],[4.97027,52.28343],[4.97027,52.28343],[4.97025,52.28342],[4.97024,52.28341],[4.97023,52.28341],[4.97021,52.28339],[4.9702,52.28339],[4.97018,52.28337],[4.97016,52.28336],[4.97013,52.28334],[4.9701,52.28332],[4.97007,52.2833],[4.97005,52.28329],[4.97004,52.28328],[4.97002,52.28328],[4.97001,52.28327],[4.97,52.28326],[4.97,52.28326],[4.96999,52.28325],[4.96999,52.28325],[4.96998,52.28325],[4.96997,52.28324],[4.96997,52.28324],[4.96996,52.28323],[4.96996,52.28323],[4.96995,52.28323],[4.96995,52.28322],[4.96994,52.28321],[4.96992,52.2832],[4.96991,52.28319],[4.96991,52.28319],[4.9699,52.28319],[4.96989,52.28318],[4.96988,52.28318],[4.96987,52.28317],[4.96985,52.28316],[4.96984,52.28316],[4.96983,52.28316],[4.96981,52.28315],[4.9698,52.28315],[4.96979,52.28315],[4.96978,52.28314],[4.96977,52.28314],[4.96975,52.28313],[4.96974,52.28313],[4.96974,52.28313],[4.96974,52.28313],[4.96973,52.28312],[4.96973,52.28312],[4.96972,52.28312],[4.96972,52.28311],[4.96972,52.28311],[4.96972,52.28311],[4.96971,52.28311],[4.96971,52.2831],[4.96971,52.28309],[4.96971,52.28308],[4.9697,52.28307],[4.9697,52.28306],[4.9697,52.28305],[4.96969,52.28304],[4.96969,52.28302],[4.96969,52.28301],[4.96968,52.28298],[4.96967,52.28295],[4.96966,52.2829],[4.96965,52.28287],[4.96964,52.28284],[4.96964,52.28282],[4.96963,52.28281],[4.96962,52.28277],[4.96961,52.28274],[4.9696,52.2827],[4.96959,52.28267],[4.96958,52.28263],[4.96957,52.28259],[4.96955,52.28256],[4.96952,52.28245],[4.9695,52.28235],[4.96948,52.2823],[4.96947,52.28226],[4.96945,52.28219],[4.96944,52.28216],[4.96943,52.28212],[4.96943,52.28211],[4.96942,52.2821],[4.96942,52.28209],[4.96941,52.28207],[4.96941,52.28205],[4.9694,52.28204],[4.9694,52.28203],[4.9694,52.28201],[4.96939,52.282],[4.96939,52.28199],[4.96939,52.28198],[4.96938,52.28196],[4.96938,52.28196],[4.96938,52.28195],[4.96938,52.28194],[4.96938,52.28193],[4.96938,52.28192],[4.96938,52.28191],[4.96938,52.2819],[4.96938,52.28189],[4.96939,52.28188],[4.96939,52.28188],[4.96939,52.28186],[4.96939,52.28185],[4.96939,52.28183],[4.96939,52.28182],[4.96939,52.28182],[4.96939,52.28181],[4.96938,52.2818],[4.96938,52.2818],[4.96938,52.28179],[4.96937,52.28178],[4.96936,52.28177],[4.96936,52.28176],[4.96935,52.28175],[4.96934,52.28174],[4.96933,52.28173],[4.96932,52.28172],[4.96929,52.28169],[4.96928,52.28167],[4.96926,52.28165],[4.96925,52.28164],[4.96924,52.28162],[4.96923,52.2816],[4.96922,52.28159],[4.96921,52.28158],[4.9692,52.28156],[4.9692,52.28155],[4.9692,52.28154],[4.96919,52.28153],[4.96919,52.28152],[4.96918,52.28151],[4.96918,52.2815],[4.96917,52.28148],[4.96916,52.28146],[4.96916,52.28145],[4.96915,52.28143],[4.96914,52.28142],[4.96914,52.28141],[4.96913,52.2814],[4.96913,52.2814],[4.96912,52.28139],[4.96912,52.28138],[4.96911,52.28138],[4.96911,52.28137],[4.9691,52.28136],[4.96909,52.28135],[4.96908,52.28134],[4.96908,52.28133],[4.96907,52.28132],[4.96906,52.28131],[4.96905,52.2813],[4.96905,52.28129],[4.96904,52.28128],[4.96903,52.28128],[4.96903,52.28126],[4.96902,52.28126],[4.96902,52.28125],[4.96901,52.28124],[4.969,52.28123],[4.969,52.28121],[4.96899,52.2812],[4.96898,52.28119],[4.96898,52.28118],[4.96897,52.28117],[4.96896,52.28116],[4.96896,52.28115],[4.96895,52.28114],[4.96892,52.28111],[4.96891,52.2811],[4.9689,52.28109],[4.96889,52.28107],[4.96888,52.28106],[4.96887,52.28104],[4.96886,52.28103],[4.96885,52.28102],[4.96884,52.281],[4.96883,52.28099],[4.96882,52.28098],[4.96882,52.28097],[4.96881,52.28096],[4.96881,52.28096],[4.9688,52.28095],[4.9688,52.28095],[4.9688,52.28094],[4.96879,52.28093],[4.96879,52.28092],[4.96879,52.28092],[4.96878,52.28091],[4.96878,52.2809],[4.96878,52.28089],[4.96878,52.28088],[4.96878,52.28087],[4.96877,52.28086],[4.96877,52.28085],[4.96877,52.28085],[4.96877,52.28084],[4.96877,52.28083],[4.96877,52.28082],[4.96877,52.28081],[4.96877,52.28079],[4.96877,52.28079],[4.96877,52.28077],[4.96877,52.28077],[4.96877,52.28076],[4.96877,52.28076],[4.96876,52.28075],[4.96876,52.28074],[4.96875,52.28073],[4.96875,52.28073],[4.96875,52.28072],[4.96874,52.28071],[4.96874,52.28071],[4.96873,52.2807],[4.96873,52.2807],[4.96872,52.28069],[4.96871,52.28069],[4.9687,52.28068],[4.96869,52.28068],[4.96868,52.28067],[4.96867,52.28067],[4.96866,52.28066],[4.96864,52.28066],[4.96863,52.28065],[4.96862,52.28064],[4.9686,52.28064],[4.9686,52.28064],[4.96859,52.28063],[4.96858,52.28063],[4.96858,52.28063],[4.96857,52.28062],[4.96856,52.28062],[4.96855,52.28061],[4.96854,52.28061],[4.96854,52.2806],[4.96852,52.28059],[4.96851,52.28058],[4.9685,52.28057],[4.96849,52.28056],[4.96848,52.28055],[4.96846,52.28054],[4.96845,52.28053],[4.96843,52.28051],[4.96842,52.2805],[4.9684,52.28049],[4.9684,52.28048],[4.96839,52.28047],[4.96838,52.28046],[4.96837,52.28045],[4.96835,52.28044],[4.96834,52.28043],[4.96834,52.28042],[4.96833,52.28041],[4.96832,52.2804],[4.96831,52.28039],[4.9683,52.28038],[4.96829,52.28037],[4.96827,52.28034],[4.96826,52.28034],[4.96825,52.28033],[4.96824,52.28032],[4.96823,52.2803],[4.96822,52.28029],[4.96821,52.28027],[4.9682,52.28026],[4.96819,52.28024],[4.96817,52.28023],[4.96816,52.28021],[4.96816,52.2802],[4.96814,52.28018],[4.96813,52.28015],[4.96813,52.28015],[4.96812,52.28014],[4.96812,52.28014],[4.96811,52.28012],[4.96811,52.28011],[4.9681,52.2801],[4.96809,52.28009],[4.96808,52.28007],[4.96807,52.28006],[4.96804,52.28003],[4.96802,52.28001],[4.96801,52.27999],[4.96799,52.27997],[4.96798,52.27995],[4.96794,52.27991],[4.96792,52.27989],[4.9679,52.27987],[4.96788,52.27984],[4.96786,52.27982],[4.96785,52.27981],[4.96784,52.2798],[4.96783,52.27978],[4.96783,52.27978],[4.96781,52.27976],[4.96779,52.27974],[4.96778,52.27972],[4.96778,52.27972],[4.96777,52.2797],[4.96776,52.27969],[4.96775,52.27967],[4.96775,52.27967],[4.96773,52.27966],[4.96773,52.27965],[4.96771,52.27962],[4.9677,52.27962],[4.96769,52.2796],[4.96767,52.27958],[4.96766,52.27958],[4.96763,52.27957],[4.96758,52.27956],[4.96756,52.27958],[4.96752,52.2796],[4.96747,52.27963],[4.96741,52.27966],[4.9673,52.2797],[4.96729,52.2797],[4.96728,52.27971],[4.96725,52.27972],[4.96722,52.27973],[4.96719,52.27974],[4.96716,52.27975],[4.96711,52.27977],[4.96706,52.27979],[4.96702,52.27981],[4.96695,52.27983],[4.96692,52.27985],[4.96689,52.27986],[4.96687,52.27987],[4.96684,52.27988],[4.96681,52.27989],[4.96678,52.27991],[4.96675,52.27992],[4.96673,52.27993],[4.96671,52.27994],[4.96669,52.27996],[4.96667,52.27997],[4.96665,52.27998],[4.96662,52.27999],[4.96661,52.28001],[4.96659,52.28002],[4.96655,52.28005],[4.96653,52.28006],[4.96651,52.28008],[4.96649,52.2801],[4.96646,52.28013],[4.96643,52.28016],[4.96642,52.28017],[4.96641,52.28018],[4.9664,52.2802],[4.96639,52.28022],[4.96638,52.28023],[4.96637,52.28024],[4.96637,52.28025],[4.96636,52.28027],[4.96635,52.28028],[4.96634,52.2803],[4.96634,52.28032],[4.96633,52.28033],[4.96633,52.28034],[4.96632,52.28036],[4.96632,52.28037],[4.96631,52.28039],[4.96631,52.28041],[4.9663,52.28044],[4.9663,52.28046],[4.96629,52.28048],[4.96629,52.2805],[4.96629,52.28055],[4.96629,52.28062],[4.96628,52.2807],[4.96628,52.28078],[4.96626,52.28081],[4.96625,52.28089],[4.96624,52.28094],[4.96623,52.28096],[4.96622,52.28097],[4.96621,52.28098],[4.9662,52.28098],[4.96619,52.28098],[4.96618,52.28098],[4.96617,52.28098],[4.96616,52.28098],[4.96615,52.28097],[4.96613,52.28095],[4.96598,52.28084],[4.96587,52.28072],[4.9658,52.28065],[4.96575,52.28061],[4.96571,52.28058],[4.96566,52.28055],[4.96561,52.28053],[4.96557,52.28051],[4.96551,52.28049],[4.96544,52.28048],[4.96541,52.28047],[4.96539,52.28046],[4.96537,52.28046],[4.96536,52.28046],[4.96535,52.28046],[4.96533,52.28045],[4.96532,52.28045],[4.9653,52.28045],[4.96528,52.28044],[4.96526,52.28044],[4.96524,52.28043],[4.96522,52.28043],[4.96518,52.28042],[4.96515,52.28042],[4.96513,52.28041],[4.96511,52.28041],[4.96508,52.28041],[4.96505,52.2804],[4.96503,52.2804],[4.96501,52.2804],[4.96498,52.2804],[4.96496,52.28039],[4.96494,52.28039],[4.96492,52.28039],[4.96489,52.28039],[4.96486,52.28038],[4.96485,52.28038],[4.96483,52.28038],[4.9648,52.28038],[4.96475,52.28038],[4.96471,52.28038],[4.96468,52.28038],[4.96462,52.28038],[4.9646,52.28039],[4.96457,52.28039],[4.96455,52.28039],[4.96452,52.28039],[4.96449,52.28039],[4.96447,52.28039],[4.96444,52.2804],[4.96443,52.2804],[4.9644,52.2804],[4.96434,52.2804],[4.96431,52.2804],[4.96429,52.28041],[4.96426,52.28041],[4.96423,52.28041],[4.96421,52.28041],[4.96418,52.28041],[4.96416,52.28041],[4.96413,52.28041],[4.96408,52.2804],[4.96406,52.2804],[4.96403,52.2804],[4.964,52.2804],[4.96397,52.2804],[4.96393,52.28039],[4.9639,52.28039],[4.96388,52.28039],[4.96383,52.28038],[4.96375,52.28037],[4.96368,52.28036],[4.96357,52.28034],[4.96349,52.28034],[4.96345,52.28033],[4.96332,52.28031],[4.96319,52.2803],[4.96298,52.2803],[4.96276,52.28029],[4.96263,52.28029],[4.96255,52.28028],[4.96249,52.28028],[4.96244,52.28027],[4.96241,52.28027],[4.96238,52.28026],[4.96235,52.28025],[4.96232,52.28024],[4.96231,52.28024],[4.96224,52.28021],[4.96222,52.28019],[4.9622,52.28018],[4.96218,52.28016],[4.96216,52.28015],[4.96213,52.28012],[4.96208,52.28004],[4.96203,52.27995],[4.96194,52.27981],[4.96188,52.27971],[4.96182,52.2796],[4.96173,52.2794],[4.96163,52.27918],[4.96155,52.27895],[4.9615,52.27884],[4.96146,52.27876],[4.96142,52.27868],[4.96134,52.27853],[4.96128,52.27844],[4.96127,52.27842],[4.96126,52.2784],[4.96125,52.27839],[4.96123,52.27837],[4.96117,52.2783],[4.96115,52.27828],[4.96113,52.27826],[4.96105,52.27817],[4.961,52.27819],[4.96095,52.2782],[4.96086,52.27822],[4.96076,52.27824],[4.96063,52.27827],[4.96047,52.27829],[4.96037,52.27831],[4.9603,52.27832],[4.96022,52.27833],[4.96007,52.27834],[4.96002,52.27834],[4.95997,52.27835],[4.9599,52.27835],[4.95979,52.27835],[4.95972,52.27835],[4.95965,52.27835],[4.95959,52.27835],[4.95939,52.27835],[4.95921,52.27834],[4.95904,52.27833],[4.95894,52.27833],[4.95886,52.27833],[4.9588,52.27833],[4.95873,52.27834],[4.95866,52.27834],[4.95861,52.27835],[4.95855,52.27837],[4.95848,52.27838],[4.95841,52.2784],[4.95835,52.27842],[4.95817,52.27849],[4.95805,52.27854],[4.95794,52.27857],[4.95787,52.2786],[4.95781,52.27861],[4.95774,52.27862],[4.95769,52.27863],[4.95764,52.27864],[4.95749,52.27865],[4.9573,52.27866],[4.95714,52.27867],[4.95703,52.27867],[4.95698,52.27867],[4.95681,52.27867],[4.95677,52.27867],[4.95674,52.27867],[4.95668,52.27866],[4.95665,52.27866],[4.95661,52.27865],[4.95656,52.27864],[4.95651,52.27863],[4.95644,52.27861],[4.95639,52.2786],[4.9563,52.27857],[4.95616,52.27853],[4.956,52.27849],[4.95584,52.27845],[4.95574,52.27842],[4.95549,52.27836],[4.95524,52.27831],[4.95524,52.27831],[4.95513,52.27844],[4.95508,52.2785],[4.95506,52.27853],[4.95503,52.27857],[4.95499,52.27862],[4.95498,52.27863],[4.95495,52.27867],[4.95494,52.27868],[4.95472,52.27895],[4.95425,52.27956],[4.95376,52.28017],[4.95324,52.28079],[4.95289,52.2812],[4.95235,52.28184],[4.95184,52.28244],[4.95209,52.28253],[4.95031,52.28442],[4.94942,52.28537],[4.94872,52.28611],[4.94827,52.28659],[4.94768,52.28722],[4.94699,52.28797],[4.94675,52.2882],[4.94661,52.28835],[4.94644,52.28852],[4.94641,52.28856],[4.94646,52.28858],[4.94638,52.28867],[4.94604,52.28907],[4.94415,52.29126],[4.94364,52.29184],[4.94322,52.29233],[4.9432,52.29236],[4.94318,52.29238],[4.9431,52.29248],[4.94135,52.2945],[4.94125,52.29462],[4.9401,52.29595],[4.93976,52.29634],[4.93924,52.29694],[4.93898,52.29724],[4.93723,52.29927],[4.93715,52.29937],[4.93708,52.29945],[4.93714,52.29947],[4.93704,52.29958],[4.93701,52.29963],[4.93603,52.30073],[4.93487,52.30194],[4.93494,52.30197],[4.93414,52.30274],[4.93406,52.3028],[4.93368,52.3031],[4.93322,52.30355],[4.933,52.30386],[4.93272,52.30426],[4.93249,52.30447],[4.93196,52.30483],[4.93168,52.30503],[4.93142,52.30528],[4.93099,52.30569],[4.93049,52.30616],[4.93026,52.30643],[4.92997,52.30679],[4.92972,52.30711],[4.92947,52.30741],[4.92983,52.30752],[4.92942,52.30783],[4.92964,52.30796],[4.92981,52.30805],[4.92991,52.3081],[4.92933,52.30853],[4.92962,52.30881],[4.92966,52.30883],[4.92969,52.30885],[4.92988,52.30894],[4.92992,52.30897],[4.92997,52.30899],[4.93011,52.30907],[4.9303,52.30918],[4.93006,52.30934],[4.93011,52.30936],[4.93012,52.30937],[4.93031,52.30948],[4.93043,52.30954],[4.93073,52.30972],[4.93103,52.3099],[4.93124,52.31002],[4.93146,52.31014],[4.93166,52.31027],[4.93179,52.31035],[4.932,52.31048],[4.9322,52.31061],[4.9324,52.31074],[4.9327,52.31094],[4.93301,52.31115],[4.93333,52.31137],[4.93366,52.31159],[4.9337,52.31161],[4.93399,52.31181],[4.93414,52.3119],[4.93506,52.31222],[4.93541,52.31234],[4.93611,52.31258],[4.93615,52.31259],[4.93635,52.31266],[4.93616,52.31287],[4.93608,52.31296],[4.93591,52.31314],[4.93523,52.31389],[4.93652,52.31433],[4.93813,52.31489],[4.93869,52.31508],[4.93872,52.31509],[4.93873,52.31549],[4.93874,52.31564],[4.93865,52.3158],[4.93812,52.31638],[4.93804,52.3165],[4.93947,52.317],[4.93983,52.31712],[4.93999,52.31747],[4.94,52.3175],[4.94013,52.31781],[4.94017,52.31792],[4.9402,52.31799],[4.94025,52.3181],[4.94028,52.31816],[4.94029,52.31816],[4.94031,52.3182],[4.94032,52.31824],[4.94033,52.31829],[4.94033,52.3183],[4.93991,52.31876],[4.93959,52.31912],[4.93965,52.31914],[4.94,52.31926],[4.94007,52.31929],[4.9402,52.31933],[4.94021,52.31933],[4.94021,52.31933],[4.94028,52.31936],[4.94031,52.31937],[4.9404,52.3194],[4.94043,52.31941],[4.94064,52.31948],[4.94067,52.31949],[4.94073,52.31951],[4.94083,52.31954],[4.94103,52.31962],[4.94104,52.31962],[4.941,52.31967],[4.94085,52.31986],[4.94075,52.31999],[4.9406,52.32019],[4.94049,52.32035],[4.94046,52.32038],[4.94046,52.32039],[4.94037,52.32051],[4.94026,52.32072],[4.9402,52.32082],[4.94011,52.32105],[4.9401,52.32107],[4.94007,52.32115],[4.93999,52.32145],[4.93998,52.3215],[4.93997,52.32159],[4.93994,52.32176],[4.93993,52.32183],[4.93993,52.32194],[4.93978,52.32202],[4.93976,52.32203],[4.9397,52.32205],[4.93961,52.32209],[4.93957,52.32211],[4.93952,52.32214],[4.93948,52.32216],[4.93945,52.32218],[4.93936,52.32224],[4.93926,52.32231],[4.93918,52.32236],[4.93914,52.32239],[4.939,52.32247],[4.93898,52.32248],[4.93895,52.3225],[4.93893,52.32252],[4.93873,52.32267],[4.93871,52.32268],[4.93863,52.32274],[4.93852,52.3228],[4.93846,52.32282],[4.93837,52.32284],[4.93825,52.3229],[4.93814,52.32297],[4.93811,52.32299],[4.93803,52.32304],[4.938,52.32306],[4.93797,52.32309],[4.93792,52.32312],[4.9378,52.32323],[4.93776,52.32325],[4.93772,52.32326],[4.93764,52.32329],[4.93762,52.3233],[4.93763,52.32333],[4.93764,52.32335],[4.93766,52.32338],[4.93767,52.32341],[4.9377,52.32346],[4.93775,52.32354],[4.93777,52.3236],[4.93778,52.3236],[4.93785,52.32373],[4.93786,52.32376],[4.93787,52.32378],[4.93788,52.32385],[4.93791,52.32394],[4.93791,52.32395],[4.93792,52.32397],[4.93795,52.32408],[4.93796,52.32412],[4.93802,52.32413],[4.93805,52.32413],[4.93809,52.32413],[4.93818,52.32413],[4.93818,52.32413],[4.9382,52.32414],[4.9382,52.32414],[4.93825,52.32414],[4.93826,52.32414],[4.93842,52.32417],[4.93845,52.32417],[4.93852,52.32418],[4.93855,52.32419],[4.93858,52.3242],[4.93861,52.32422],[4.93862,52.32422],[4.93863,52.32423],[4.93864,52.32424],[4.93868,52.32427],[4.93869,52.32429],[4.93872,52.32431],[4.93874,52.32433],[4.93876,52.32434],[4.9388,52.32437],[4.93887,52.32443],[4.9389,52.32445],[4.93895,52.32449],[4.93909,52.3246],[4.93932,52.32478],[4.93937,52.32484],[4.9394,52.32487],[4.93946,52.32491],[4.93949,52.32494],[4.9395,52.32494],[4.93952,52.32496],[4.93957,52.325],[4.93963,52.32503],[4.93972,52.3251],[4.93985,52.32519],[4.93986,52.32519],[4.93988,52.32521],[4.93997,52.32529],[4.93999,52.3253],[4.94004,52.32533],[4.9401,52.32537],[4.94012,52.32539],[4.94018,52.32543],[4.94032,52.32554],[4.94035,52.32556],[4.94036,52.32557],[4.94039,52.32559],[4.94049,52.32568],[4.94094,52.32583],[4.94138,52.32598],[4.94184,52.32614],[4.94187,52.32615],[4.94216,52.32625],[4.94311,52.32658],[4.94379,52.32681],[4.94472,52.32713],[4.94552,52.3274],[4.94638,52.3277],[4.94653,52.32775],[4.94665,52.32779],[4.94675,52.32783],[4.94684,52.32785],[4.94766,52.32814],[4.94769,52.32811],[4.94769,52.32811],[4.94775,52.32804],[4.94783,52.32795],[4.94821,52.32753],[4.94837,52.32736],[4.94854,52.32717],[4.94858,52.32713],[4.94894,52.32674],[4.94944,52.32618],[4.94983,52.32575],[4.9502,52.32535],[4.95075,52.32475],[4.95107,52.3244],[4.95137,52.32407],[4.95167,52.32375],[4.9521,52.32327],[4.95237,52.32298],[4.95262,52.32271],[4.95268,52.32264],[4.95343,52.3229],[4.95375,52.32301],[4.95444,52.32325],[4.955,52.32344],[4.95498,52.32346],[4.95503,52.32348],[4.95504,52.32346],[4.95517,52.3235],[4.9561,52.32382],[4.9566,52.32399],[4.95675,52.32404],[4.9569,52.32409],[4.95754,52.32432],[4.95754,52.32432],[4.96103,52.32552],[4.96228,52.32595],[4.96251,52.32604],[4.96284,52.32615],[4.96328,52.3263],[4.96385,52.32649],[4.96404,52.32655],[4.96542,52.32703],[4.96754,52.32776],[4.96795,52.32752],[4.96846,52.32722],[4.96887,52.32699],[4.96921,52.32678],[4.96938,52.32667],[4.96957,52.32655],[4.96961,52.32652],[4.97025,52.32617],[4.9704,52.32625],[4.97047,52.32629],[4.9705,52.3263],[4.97056,52.32633],[4.97071,52.32641],[4.97072,52.32641],[4.97074,52.32642],[4.97075,52.32643],[4.97076,52.32643],[4.97077,52.32644],[4.97079,52.32644],[4.9708,52.32645],[4.97081,52.32646],[4.97082,52.32647],[4.97084,52.32647],[4.97085,52.32648],[4.97086,52.32649],[4.97087,52.32649],[4.97088,52.3265],[4.9709,52.32651],[4.97091,52.32652],[4.97092,52.32652],[4.97093,52.32653],[4.97094,52.32654],[4.97095,52.32654],[4.97096,52.32655],[4.97098,52.32656],[4.97099,52.32657],[4.97103,52.3266],[4.97104,52.32661],[4.97105,52.32661],[4.97106,52.32662],[4.97107,52.32662],[4.97107,52.32663],[4.97108,52.32663],[4.97109,52.32664],[4.97109,52.32664],[4.9711,52.32665],[4.97111,52.32666],[4.97112,52.32666],[4.97112,52.32667],[4.97113,52.32667],[4.97114,52.32668],[4.97114,52.32669],[4.97115,52.32669],[4.97115,52.3267],[4.97116,52.3267],[4.97117,52.32671],[4.97117,52.32672],[4.97118,52.32672],[4.97118,52.32673],[4.97119,52.32674],[4.9712,52.32675],[4.97121,52.32676],[4.97122,52.32677],[4.97123,52.32678],[4.97124,52.32679],[4.97125,52.32681],[4.97126,52.32682],[4.97127,52.32683],[4.97128,52.32684],[4.97128,52.32685],[4.97129,52.32686],[4.9713,52.32688],[4.97131,52.32689],[4.97132,52.3269],[4.97133,52.32691],[4.97134,52.32692],[4.97135,52.32693],[4.97135,52.32695],[4.97136,52.32696],[4.97163,52.32727],[4.97181,52.32747],[4.97215,52.32772],[4.97342,52.32847],[4.97403,52.32891],[4.97424,52.3291],[4.97451,52.32933],[4.97483,52.3297],[4.975,52.32998],[4.97531,52.33056],[4.97555,52.3306],[4.97563,52.33061],[4.97596,52.33064],[4.97634,52.33065],[4.977,52.33064],[4.97714,52.33064],[4.97753,52.33089],[4.97795,52.33116],[4.97807,52.33114],[4.97821,52.33111],[4.97835,52.33108],[4.9784,52.33107],[4.97849,52.33107],[4.9786,52.33107],[4.97914,52.33104],[4.9798,52.331],[4.98051,52.33078],[4.98068,52.33076],[4.98086,52.33076],[4.98091,52.33076],[4.98114,52.33077],[4.98135,52.33078],[4.98145,52.33079],[4.98163,52.3308],[4.98165,52.33081],[4.98175,52.3308],[4.98207,52.3308],[4.98207,52.3308],[4.98208,52.3308],[4.98231,52.3308],[4.98252,52.3308],[4.98252,52.3308],[4.98261,52.3308],[4.9829,52.33078],[4.98308,52.33077],[4.98336,52.33075],[4.98367,52.33071],[4.98395,52.33067],[4.98397,52.33067],[4.98417,52.33063],[4.98448,52.33056],[4.98453,52.33055],[4.98459,52.33053],[4.98479,52.33048],[4.98483,52.33047],[4.98495,52.33043],[4.985,52.3304],[4.9851,52.33036],[4.98525,52.33029],[4.98525,52.33029],[4.98526,52.33028],[4.9853,52.33026],[4.9855,52.33014],[4.98561,52.33008],[4.98569,52.33003],[4.98578,52.32997],[4.98579,52.32997],[4.98604,52.32981],[4.98609,52.32978],[4.98613,52.32975],[4.98619,52.32971],[4.98637,52.3296],[4.98659,52.32944],[4.98682,52.32927],[4.98684,52.32926],[4.98685,52.32925],[4.98703,52.32912],[4.9873,52.32893],[4.98759,52.32876],[4.98785,52.32862],[4.98794,52.32858],[4.98799,52.32855],[4.98833,52.32837],[4.98856,52.32825],[4.98863,52.32822],[4.98878,52.32813],[4.9888,52.32812],[4.98882,52.32811],[4.98885,52.32809],[4.98904,52.32798],[4.98908,52.32796],[4.9892,52.32788],[4.98947,52.32767],[4.9896,52.32755],[4.98979,52.32736],[4.98994,52.32721],[4.99016,52.32698],[4.99035,52.32678],[4.9904,52.32672],[4.99041,52.32672],[4.99057,52.32654],[4.99074,52.32635],[4.99084,52.32621],[4.99089,52.32614],[4.99097,52.326],[4.991,52.32593],[4.99107,52.3258],[4.99117,52.32557],[4.99131,52.32525],[4.99143,52.32493],[4.99148,52.32481],[4.99151,52.32475],[4.99155,52.32467],[4.99162,52.32454],[4.99167,52.32444],[4.99176,52.32428],[4.99203,52.32387],[4.99204,52.32387],[4.99204,52.32387],[4.99211,52.32377],[4.99212,52.32375],[4.99217,52.32371],[4.99219,52.32368],[4.99224,52.32362],[4.9926,52.32314],[4.99303,52.32254],[4.99346,52.32195],[4.99421,52.32103],[4.99425,52.32098],[4.99426,52.32094],[4.9943,52.32089],[4.99434,52.32083],[4.99437,52.32079],[4.99443,52.32072],[4.99454,52.32058],[4.99472,52.32037],[4.99484,52.32022],[4.99492,52.32012],[4.99501,52.31998],[4.99514,52.31979],[4.99526,52.31961],[4.99537,52.31945],[4.99548,52.31931],[4.99558,52.3192],[4.99572,52.31907],[4.99585,52.31894],[4.99593,52.31884],[4.99603,52.3187],[4.99605,52.31867],[4.99609,52.31862],[4.99621,52.31846],[4.99621,52.31845],[4.99641,52.31821],[4.99643,52.31819],[4.99659,52.31799],[4.99678,52.31776],[4.99678,52.31776],[4.9969,52.31764],[4.99701,52.31753],[4.99701,52.31752],[4.99702,52.31752],[4.9971,52.31739],[4.99718,52.31725],[4.99726,52.31706],[4.99733,52.31691],[4.99733,52.31689],[4.99736,52.31677],[4.99737,52.31667],[4.99736,52.31659],[4.99734,52.31652],[4.99731,52.31644],[4.99726,52.31632],[4.99726,52.31631],[4.99723,52.31622],[4.99717,52.31603],[4.99715,52.31591],[4.99714,52.31578],[4.99713,52.31562],[4.99712,52.31555],[4.99711,52.31543],[4.99711,52.31527],[4.9971,52.31524],[4.99709,52.31512],[4.99709,52.31508],[4.99709,52.31507],[4.99707,52.31485],[4.99708,52.31484],[4.99709,52.31482],[4.9971,52.31481],[4.99711,52.31476],[4.99712,52.31471],[4.99712,52.3147],[4.99712,52.31469],[4.99712,52.31469],[4.99712,52.31464],[4.99709,52.31448],[4.99709,52.31446],[4.99713,52.31439],[4.99719,52.31429],[4.99728,52.31421],[4.9973,52.3142],[4.99746,52.31425],[4.99749,52.31422],[4.99759,52.31415],[4.99778,52.31403],[4.99786,52.31398],[4.99795,52.314],[4.99808,52.31403],[4.99794,52.31394],[4.9972,52.3135],[4.9974,52.31338],[4.99761,52.31327],[4.99833,52.31285],[4.99905,52.31244],[4.99951,52.3122],[4.99996,52.31195],[5.00068,52.31151],[5.00141,52.31107],[5.00162,52.31094],[5.00186,52.31082],[5.00198,52.31077],[5.0021,52.31072],[5.00222,52.31067],[5.0024,52.3106],[5.00253,52.31055],[5.00265,52.31051],[5.00284,52.31045],[5.00297,52.31041],[5.00304,52.3104],[5.00317,52.31036],[5.00331,52.31033],[5.00344,52.3103],[5.00358,52.31028],[5.00365,52.31026],[5.00378,52.31024],[5.00392,52.31022],[5.00406,52.3102],[5.0042,52.31018],[5.00434,52.31016],[5.00449,52.31015],[5.00532,52.3101],[5.00615,52.31004],[5.00625,52.31003],[5.00633,52.31003],[5.0064,52.31002],[5.00647,52.31001],[5.00655,52.31],[5.00662,52.30999],[5.00669,52.30998],[5.00677,52.30996],[5.00684,52.30995],[5.00691,52.30994],[5.00698,52.30992],[5.00706,52.30991],[5.00713,52.30989],[5.0072,52.30987],[5.00727,52.30986],[5.00734,52.30984],[5.0074,52.30982],[5.00747,52.3098],[5.00754,52.30978],[5.00761,52.30976],[5.00767,52.30974],[5.00774,52.30971],[5.0078,52.30969],[5.00787,52.30967],[5.00793,52.30964],[5.008,52.30961],[5.00806,52.30959],[5.00812,52.30956],[5.00818,52.30953],[5.00824,52.3095],[5.0083,52.30947],[5.00835,52.30944],[5.00841,52.30942],[5.00847,52.30938],[5.00852,52.30935],[5.00858,52.30932],[5.00863,52.30929],[5.00868,52.30925],[5.00874,52.30922],[5.00879,52.30919],[5.00884,52.30915],[5.00922,52.30886],[5.00923,52.30886],[5.00961,52.30858],[5.0097,52.30851],[5.00977,52.30846],[5.00983,52.3084],[5.00988,52.30834],[5.00994,52.30827],[5.00997,52.30821]]]]}},{"type":"Feature","properties":{"name":"Centrum","stadsdeel":"Centrum","pop":89980},"geometry":{"type":"MultiPolygon","coordinates":[[[[4.93297,52.37041],[4.93296,52.3704],[4.9329,52.37036],[4.93291,52.37005],[4.93295,52.3699],[4.93289,52.3694],[4.93282,52.36907],[4.93269,52.3687],[4.93259,52.3685],[4.93209,52.36767],[4.93211,52.36766],[4.9321,52.36763],[4.93212,52.3676],[4.93218,52.36757],[4.93198,52.36723],[4.93158,52.36657],[4.92751,52.3665],[4.92732,52.36649],[4.92713,52.36646],[4.92698,52.36642],[4.92685,52.36638],[4.92672,52.36633],[4.9266,52.36627],[4.9256,52.36566],[4.92477,52.36525],[4.92231,52.36376],[4.9222,52.36368],[4.92206,52.36362],[4.92191,52.36356],[4.92176,52.36352],[4.92148,52.36348],[4.9211,52.36343],[4.92038,52.36337],[4.92021,52.36333],[4.92004,52.36329],[4.91987,52.36322],[4.91972,52.36313],[4.91903,52.36255],[4.91887,52.36245],[4.9187,52.36237],[4.91842,52.36227],[4.91813,52.36219],[4.91781,52.36214],[4.91749,52.36213],[4.91641,52.36209],[4.91624,52.36207],[4.916,52.36203],[4.91578,52.36198],[4.91507,52.36178],[4.91403,52.36149],[4.91285,52.36136],[4.91178,52.36125],[4.91162,52.36122],[4.91149,52.36118],[4.91137,52.36112],[4.91129,52.36107],[4.9112,52.361],[4.91108,52.36093],[4.91083,52.36079],[4.91056,52.36069],[4.91025,52.36062],[4.90996,52.36059],[4.90964,52.36058],[4.90935,52.3606],[4.90903,52.36065],[4.90881,52.36066],[4.90856,52.36064],[4.90832,52.36059],[4.90797,52.3605],[4.90778,52.36043],[4.90764,52.36037],[4.9075,52.3603],[4.90737,52.36022],[4.9071,52.36],[4.90692,52.35988],[4.90664,52.35972],[4.9065,52.35966],[4.90617,52.35955],[4.90597,52.3595],[4.90516,52.35935],[4.90463,52.35921],[4.904,52.35905],[4.90167,52.35859],[4.89924,52.3581],[4.899,52.35805],[4.89876,52.358],[4.89851,52.35797],[4.89825,52.35795],[4.89803,52.35793],[4.89617,52.35804],[4.89088,52.35837],[4.89065,52.3584],[4.89043,52.35843],[4.89021,52.35848],[4.89,52.35853],[4.8898,52.35859],[4.8896,52.35867],[4.8894,52.35875],[4.88925,52.35883],[4.88893,52.35902],[4.88864,52.35923],[4.88841,52.35944],[4.88829,52.35958],[4.88817,52.3597],[4.88795,52.35989],[4.88768,52.36007],[4.88738,52.36023],[4.88629,52.36078],[4.88538,52.36124],[4.8844,52.36172],[4.88423,52.36179],[4.88404,52.36185],[4.88384,52.36189],[4.88363,52.36191],[4.88263,52.36193],[4.88251,52.36194],[4.88239,52.36196],[4.88225,52.36199],[4.88209,52.36205],[4.88196,52.36212],[4.88185,52.36218],[4.88174,52.36228],[4.88171,52.36232],[4.88165,52.36241],[4.88162,52.36251],[4.88157,52.36276],[4.88151,52.36294],[4.88141,52.36312],[4.88123,52.36327],[4.88112,52.36336],[4.88085,52.36354],[4.8807,52.36362],[4.88054,52.36371],[4.88026,52.36382],[4.88006,52.36389],[4.87978,52.36396],[4.8796,52.36404],[4.87949,52.36411],[4.87941,52.36418],[4.87935,52.36426],[4.87931,52.36434],[4.87926,52.36449],[4.87922,52.36463],[4.87921,52.36478],[4.87922,52.36492],[4.87923,52.36499],[4.87921,52.36512],[4.87918,52.36526],[4.87913,52.36538],[4.87906,52.3655],[4.87895,52.36566],[4.87881,52.36583],[4.87869,52.36595],[4.87853,52.36608],[4.87839,52.36617],[4.87813,52.36631],[4.87788,52.36646],[4.87772,52.36659],[4.87751,52.36677],[4.87742,52.36695],[4.87734,52.36718],[4.87731,52.3673],[4.87726,52.3677],[4.87719,52.3679],[4.87708,52.36811],[4.8768,52.3685],[4.87667,52.36868],[4.8763,52.36897],[4.87599,52.36925],[4.8758,52.36946],[4.87567,52.36964],[4.87504,52.37068],[4.8745,52.37189],[4.87445,52.37206],[4.87443,52.3722],[4.87448,52.37232],[4.87455,52.37245],[4.87464,52.37256],[4.87478,52.37269],[4.87483,52.37273],[4.87516,52.37292],[4.87523,52.37297],[4.87529,52.37303],[4.87538,52.37315],[4.87543,52.37323],[4.87548,52.37341],[4.87547,52.37376],[4.87551,52.37407],[4.87554,52.37421],[4.87585,52.37418],[4.87588,52.37432],[4.87599,52.37454],[4.87659,52.37549],[4.87801,52.37776],[4.8779,52.37779],[4.87807,52.37805],[4.8781,52.37804],[4.87829,52.37835],[4.87809,52.3784],[4.87816,52.3785],[4.87986,52.38122],[4.87987,52.38128],[4.87985,52.38134],[4.87963,52.38159],[4.87958,52.38168],[4.87957,52.38174],[4.87957,52.38181],[4.87959,52.38186],[4.87963,52.38193],[4.8797,52.382],[4.8798,52.38207],[4.8801,52.38218],[4.88033,52.38231],[4.88048,52.38241],[4.88065,52.38256],[4.88075,52.38271],[4.88166,52.38418],[4.88183,52.38444],[4.88234,52.38518],[4.88258,52.38546],[4.88303,52.386],[4.88323,52.38624],[4.884,52.38734],[4.88448,52.38838],[4.88575,52.38817],[4.88597,52.38813],[4.89101,52.38844],[4.89207,52.38851],[4.89221,52.38819],[4.8923,52.38821],[4.8923,52.38822],[4.89231,52.38836],[4.89236,52.38852],[4.89508,52.38869],[4.89565,52.38692],[4.89587,52.38636],[4.89624,52.38565],[4.89676,52.38489],[4.89731,52.38427],[4.89791,52.38367],[4.89866,52.38304],[4.89877,52.38297],[4.89947,52.38249],[4.90006,52.38215],[4.90036,52.38198],[4.90118,52.38156],[4.90209,52.38119],[4.90226,52.38113],[4.90326,52.38077],[4.90431,52.38046],[4.90547,52.3802],[4.906,52.38011],[4.9064,52.38004],[4.90653,52.38002],[4.90762,52.37988],[4.90868,52.37985],[4.91059,52.37991],[4.91115,52.37764],[4.91198,52.37758],[4.91208,52.37718],[4.91203,52.37711],[4.9119,52.3771],[4.91198,52.3768],[4.91208,52.3768],[4.91209,52.37678],[4.91212,52.37677],[4.9124,52.37679],[4.91272,52.3768],[4.9133,52.37678],[4.91355,52.37677],[4.91411,52.37671],[4.91451,52.37666],[4.9205,52.37569],[4.92124,52.37557],[4.92126,52.37561],[4.92127,52.37561],[4.92129,52.37562],[4.92141,52.3756],[4.92156,52.37558],[4.92154,52.37553],[4.92303,52.3753],[4.92351,52.37521],[4.92404,52.37508],[4.92425,52.37502],[4.92493,52.3748],[4.92769,52.37391],[4.9279,52.37385],[4.92855,52.37368],[4.9294,52.37347],[4.92985,52.37334],[4.93019,52.37322],[4.93055,52.37308],[4.93088,52.37292],[4.93117,52.37275],[4.93143,52.37259],[4.93174,52.37235],[4.93197,52.37215],[4.9321,52.37198],[4.93217,52.37196],[4.93225,52.37196],[4.93239,52.37178],[4.93233,52.37175],[4.93232,52.37173],[4.93232,52.3717],[4.9325,52.3715],[4.93262,52.37128],[4.93276,52.3709],[4.93277,52.37073],[4.93281,52.37069],[4.93284,52.37068],[4.93289,52.37068],[4.9329,52.37066],[4.93291,52.37067],[4.93294,52.37055],[4.93297,52.37041]]]]}},{"type":"Feature","properties":{"name":"Noord","stadsdeel":"Noord","pop":106885},"geometry":{"type":"MultiPolygon","coordinates":[[[[5.01821,52.41906],[5.0183,52.41909],[5.0183,52.41909],[5.0183,52.41909],[5.01831,52.4191],[5.01835,52.41911],[5.01837,52.41912],[5.01839,52.41912],[5.01841,52.41913],[5.01845,52.41914],[5.01846,52.41913],[5.01851,52.41912],[5.01862,52.41921],[5.01864,52.41922],[5.01903,52.41938],[5.01931,52.41951],[5.01972,52.41969],[5.01993,52.41977],[5.02019,52.41984],[5.02031,52.4199],[5.02039,52.41996],[5.02047,52.42006],[5.02066,52.42034],[5.02096,52.42078],[5.02111,52.421],[5.02116,52.42107],[5.02128,52.42113],[5.02129,52.42113],[5.02141,52.42117],[5.02152,52.4212],[5.02161,52.42122],[5.02161,52.42122],[5.02166,52.4212],[5.02166,52.4212],[5.02193,52.42106],[5.02237,52.42077],[5.0232,52.42037],[5.02356,52.42027],[5.02386,52.42021],[5.02386,52.42021],[5.02428,52.42012],[5.02428,52.42012],[5.02429,52.42012],[5.0243,52.42012],[5.02431,52.42012],[5.02431,52.42012],[5.02442,52.42011],[5.02475,52.42009],[5.02482,52.42009],[5.02482,52.42009],[5.02494,52.42008],[5.02496,52.42008],[5.02496,52.42009],[5.02539,52.42013],[5.0254,52.42013],[5.02562,52.42015],[5.02562,52.42015],[5.02607,52.42012],[5.0265,52.42006],[5.02692,52.41997],[5.02726,52.41987],[5.02836,52.41942],[5.02869,52.41918],[5.02886,52.41899],[5.02887,52.41898],[5.02898,52.41886],[5.02924,52.41847],[5.02929,52.41839],[5.02951,52.41806],[5.02973,52.41771],[5.02994,52.4172],[5.03005,52.41683],[5.03008,52.41661],[5.03008,52.41659],[5.03011,52.41621],[5.03005,52.41564],[5.03249,52.41628],[5.03347,52.41669],[5.03406,52.41717],[5.0344,52.41781],[5.03477,52.41806],[5.03505,52.4182],[5.03524,52.41825],[5.03547,52.41827],[5.03587,52.41827],[5.03631,52.4182],[5.03687,52.41809],[5.03737,52.41794],[5.03864,52.41759],[5.03939,52.41738],[5.04071,52.41725],[5.04259,52.41698],[5.04349,52.41674],[5.044,52.41661],[5.04727,52.41567],[5.04918,52.41513],[5.05093,52.41528],[5.05252,52.41554],[5.05509,52.41597],[5.05776,52.41654],[5.06209,52.41618],[5.06256,52.41617],[5.06319,52.41626],[5.06368,52.41643],[5.06438,52.41676],[5.06483,52.41695],[5.06541,52.41724],[5.06581,52.41713],[5.06625,52.41701],[5.0673,52.41674],[5.0676,52.41666],[5.06767,52.41664],[5.06769,52.41663],[5.06781,52.4166],[5.06785,52.41659],[5.06786,52.41659],[5.06792,52.41658],[5.06794,52.41657],[5.06796,52.41657],[5.06808,52.41656],[5.06811,52.41656],[5.06815,52.41656],[5.06825,52.41656],[5.06827,52.41656],[5.06851,52.41645],[5.06854,52.41644],[5.06992,52.41582],[5.07132,52.41518],[5.0718,52.41496],[5.07426,52.41384],[5.07745,52.39744],[5.07916,52.38865],[5.0671,52.38467],[5.06231,52.38317],[5.05233,52.38002],[5.04027,52.37623],[5.03768,52.3754],[5.03768,52.3754],[5.01444,52.36982],[5.00126,52.36859],[4.99874,52.36836],[4.99645,52.36823],[4.99387,52.36824],[4.9914,52.36838],[4.98904,52.36867],[4.98654,52.36912],[4.98419,52.36973],[4.98212,52.37039],[4.97974,52.37133],[4.97736,52.37251],[4.97408,52.37426],[4.97032,52.37626],[4.96661,52.37823],[4.96372,52.37977],[4.96157,52.38122],[4.96061,52.38166],[4.95965,52.38209],[4.95841,52.38247],[4.95671,52.38265],[4.95425,52.38262],[4.95242,52.38257],[4.94958,52.3825],[4.94318,52.38251],[4.93983,52.38251],[4.93735,52.38241],[4.93108,52.38214],[4.92245,52.3811],[4.91985,52.38081],[4.9175,52.38055],[4.911,52.37993],[4.91059,52.37991],[4.90868,52.37985],[4.90762,52.37988],[4.90653,52.38002],[4.9064,52.38004],[4.906,52.38011],[4.90547,52.3802],[4.90431,52.38046],[4.90326,52.38077],[4.90226,52.38113],[4.90209,52.38119],[4.90118,52.38156],[4.90036,52.38198],[4.90006,52.38215],[4.89947,52.38249],[4.89877,52.38297],[4.89866,52.38304],[4.89791,52.38367],[4.89731,52.38427],[4.89676,52.38489],[4.89624,52.38565],[4.89587,52.38636],[4.89565,52.38692],[4.89508,52.38869],[4.89467,52.38994],[4.89398,52.39205],[4.89365,52.39282],[4.89321,52.39356],[4.89265,52.39421],[4.892,52.39479],[4.89155,52.39511],[4.88977,52.39641],[4.88586,52.39938],[4.88338,52.4012],[4.8827,52.4017],[4.87777,52.40525],[4.87354,52.4083],[4.87343,52.40838],[4.87099,52.41013],[4.8671,52.41239],[4.86387,52.41381],[4.86363,52.4139],[4.86087,52.4149],[4.85571,52.41632],[4.85608,52.41666],[4.85616,52.41673],[4.85641,52.41697],[4.85821,52.41861],[4.85877,52.41912],[4.8591,52.41943],[4.85937,52.41968],[4.8594,52.41971],[4.85943,52.41973],[4.85946,52.41976],[4.85949,52.41978],[4.85951,52.41981],[4.85954,52.41984],[4.85956,52.41987],[4.85959,52.4199],[4.85961,52.41993],[4.85963,52.41996],[4.85975,52.42018],[4.85983,52.42038],[4.85984,52.42041],[4.85985,52.42044],[4.85986,52.42047],[4.85987,52.4205],[4.85987,52.42054],[4.85988,52.42057],[4.85988,52.4206],[4.85988,52.42063],[4.85989,52.42066],[4.85989,52.42069],[4.85989,52.42072],[4.85988,52.42075],[4.85988,52.42078],[4.85985,52.42099],[4.85981,52.42113],[4.85972,52.42128],[4.8597,52.42132],[4.85966,52.42137],[4.8596,52.42145],[4.85948,52.42161],[4.85848,52.42291],[4.85833,52.42311],[4.8582,52.42328],[4.85803,52.42351],[4.85798,52.42359],[4.85794,52.42366],[4.85791,52.42373],[4.85787,52.42383],[4.85785,52.4239],[4.85783,52.42398],[4.85782,52.42408],[4.85781,52.42418],[4.85782,52.42427],[4.85783,52.42436],[4.85786,52.42446],[4.85786,52.42448],[4.85788,52.42453],[4.8579,52.42459],[4.85792,52.42466],[4.85795,52.42472],[4.85799,52.42479],[4.85802,52.42484],[4.85805,52.42489],[4.85808,52.42494],[4.85811,52.42498],[4.85815,52.42502],[4.85819,52.42507],[4.85824,52.42512],[4.85839,52.42525],[4.86056,52.42714],[4.86088,52.42743],[4.86127,52.42776],[4.8615,52.42796],[4.86173,52.42816],[4.86221,52.42856],[4.86239,52.42872],[4.86245,52.42878],[4.86251,52.42885],[4.86256,52.42892],[4.86262,52.42902],[4.86267,52.4291],[4.86271,52.4292],[4.86274,52.42931],[4.86275,52.42938],[4.86274,52.42944],[4.86273,52.42951],[4.8627,52.4296],[4.86276,52.42961],[4.8628,52.42962],[4.86277,52.4297],[4.86277,52.42971],[4.86274,52.42979],[4.86274,52.42979],[4.86273,52.42981],[4.86268,52.42994],[4.8628,52.42996],[4.86283,52.42997],[4.86285,52.42997],[4.86304,52.43001],[4.86329,52.43006],[4.86338,52.43008],[4.86351,52.43011],[4.86355,52.43012],[4.86356,52.43012],[4.86376,52.43017],[4.86385,52.43019],[4.86396,52.43022],[4.86396,52.43022],[4.864,52.43022],[4.86411,52.43025],[4.86419,52.43026],[4.8642,52.43032],[4.86421,52.43037],[4.86437,52.43041],[4.86449,52.43043],[4.86473,52.43048],[4.86488,52.43051],[4.86493,52.43053],[4.86499,52.43055],[4.86501,52.43055],[4.86514,52.43054],[4.86517,52.43055],[4.86523,52.43054],[4.86526,52.43054],[4.86533,52.43055],[4.86539,52.43056],[4.86547,52.43059],[4.86555,52.43061],[4.86557,52.43062],[4.86572,52.43064],[4.86586,52.43066],[4.86594,52.43068],[4.86597,52.43068],[4.86606,52.43067],[4.86616,52.43066],[4.86618,52.43066],[4.86623,52.43066],[4.8664,52.43066],[4.86658,52.43067],[4.86669,52.43067],[4.86673,52.43067],[4.86686,52.43066],[4.86699,52.43064],[4.86713,52.43063],[4.86734,52.4306],[4.86753,52.43058],[4.86778,52.43054],[4.86793,52.43052],[4.86802,52.4305],[4.86819,52.43046],[4.86836,52.43042],[4.86855,52.43037],[4.86874,52.43032],[4.86886,52.43028],[4.86891,52.43026],[4.86896,52.43024],[4.86901,52.43021],[4.86907,52.43016],[4.86918,52.43009],[4.86931,52.43],[4.86948,52.42989],[4.86954,52.42985],[4.86966,52.42977],[4.8697,52.42975],[4.86974,52.42977],[4.8698,52.42981],[4.86983,52.42983],[4.86986,52.42986],[4.86989,52.42993],[4.86993,52.42997],[4.86997,52.42999],[4.87004,52.43001],[4.8701,52.43002],[4.87016,52.43005],[4.8702,52.43007],[4.87022,52.4301],[4.87024,52.43012],[4.87027,52.43014],[4.87036,52.4302],[4.87047,52.43028],[4.87048,52.43028],[4.87055,52.43033],[4.8706,52.43036],[4.87062,52.43037],[4.87066,52.43038],[4.87074,52.43039],[4.87096,52.43019],[4.87129,52.43013],[4.87142,52.43011],[4.87156,52.43008],[4.87172,52.43004],[4.87185,52.43001],[4.87197,52.42996],[4.8721,52.42992],[4.87222,52.42986],[4.87234,52.42981],[4.87245,52.42974],[4.87255,52.42968],[4.87264,52.42961],[4.87267,52.42961],[4.87269,52.42959],[4.87274,52.42954],[4.87282,52.42955],[4.87294,52.42956],[4.87305,52.42956],[4.87312,52.42955],[4.87325,52.42954],[4.87334,52.42949],[4.87337,52.42945],[4.8734,52.42939],[4.87343,52.42929],[4.87346,52.42924],[4.87349,52.42917],[4.8735,52.42915],[4.87354,52.42906],[4.8736,52.42895],[4.87366,52.42884],[4.87371,52.42874],[4.87376,52.42864],[4.87381,52.42856],[4.87383,52.42851],[4.87402,52.42814],[4.87411,52.42796],[4.87422,52.42797],[4.87448,52.42774],[4.87464,52.4276],[4.87467,52.42757],[4.87473,52.42752],[4.87504,52.42724],[4.87524,52.42706],[4.87525,52.42705],[4.87548,52.42688],[4.87571,52.42671],[4.87597,52.42655],[4.87609,52.42648],[4.87623,52.4264],[4.87648,52.42629],[4.87654,52.42627],[4.87661,52.42623],[4.87657,52.42623],[4.87664,52.4262],[4.87668,52.42619],[4.87671,52.42618],[4.87674,52.42617],[4.87678,52.42615],[4.87681,52.42614],[4.87688,52.42612],[4.87692,52.4261],[4.87697,52.42609],[4.87701,52.42607],[4.87713,52.42603],[4.87715,52.42603],[4.87722,52.426],[4.87731,52.42598],[4.87734,52.42597],[4.8774,52.42595],[4.87746,52.42593],[4.87748,52.42593],[4.87755,52.42591],[4.87767,52.42588],[4.87778,52.42586],[4.87783,52.42585],[4.87786,52.42584],[4.87789,52.42584],[4.87791,52.42583],[4.87794,52.42583],[4.87794,52.42583],[4.878,52.42582],[4.87804,52.42581],[4.87811,52.4258],[4.87821,52.42578],[4.8783,52.42577],[4.87836,52.42576],[4.87837,52.42576],[4.87846,52.42575],[4.87856,52.42573],[4.8786,52.42573],[4.87866,52.42572],[4.87873,52.42571],[4.8788,52.42571],[4.87886,52.4257],[4.87899,52.4257],[4.87908,52.42569],[4.87912,52.42569],[4.87926,52.42569],[4.87934,52.42569],[4.87941,52.42569],[4.87952,52.42569],[4.87963,52.42569],[4.87972,52.4257],[4.87983,52.42571],[4.87991,52.42571],[4.88,52.42572],[4.88007,52.42573],[4.88016,52.42574],[4.88024,52.42575],[4.88032,52.42575],[4.8804,52.42576],[4.88047,52.42577],[4.88054,52.42578],[4.88061,52.42579],[4.88065,52.4258],[4.88073,52.42582],[4.8808,52.42583],[4.88088,52.42584],[4.88093,52.42586],[4.881,52.42587],[4.88108,52.42589],[4.88121,52.42592],[4.88125,52.42593],[4.88133,52.42594],[4.88136,52.42595],[4.8814,52.42596],[4.88148,52.42598],[4.88151,52.42599],[4.88158,52.426],[4.88162,52.42601],[4.88164,52.42601],[4.88166,52.42601],[4.88167,52.42601],[4.8817,52.42602],[4.88173,52.42602],[4.88176,52.42602],[4.88177,52.42602],[4.88181,52.42602],[4.88183,52.42602],[4.88186,52.42602],[4.88187,52.42602],[4.88189,52.42602],[4.88193,52.42601],[4.88199,52.426],[4.88205,52.426],[4.88209,52.42599],[4.88215,52.42598],[4.88219,52.42597],[4.88221,52.42597],[4.88225,52.42596],[4.88226,52.42595],[4.88231,52.42594],[4.88233,52.42593],[4.88236,52.42593],[4.88239,52.42591],[4.88242,52.4259],[4.88246,52.42589],[4.88247,52.42588],[4.8825,52.42587],[4.88253,52.42585],[4.88257,52.42582],[4.88263,52.42579],[4.88266,52.42577],[4.88269,52.42575],[4.88272,52.42573],[4.88272,52.42572],[4.88276,52.4257],[4.88279,52.42568],[4.88282,52.42565],[4.88284,52.42563],[4.88287,52.4256],[4.8829,52.42557],[4.88291,52.42557],[4.88292,52.42556],[4.88294,52.42553],[4.88296,52.42552],[4.88297,52.42551],[4.88297,52.42551],[4.88298,52.42551],[4.88298,52.42551],[4.88299,52.42551],[4.88301,52.42551],[4.88304,52.42551],[4.88327,52.42552],[4.88338,52.42553],[4.88353,52.42554],[4.88368,52.42555],[4.88385,52.42556],[4.884,52.42557],[4.88414,52.42558],[4.88427,52.42558],[4.88442,52.42559],[4.88465,52.4256],[4.88481,52.4256],[4.88499,52.42561],[4.88514,52.42561],[4.88529,52.42561],[4.88545,52.42561],[4.88564,52.42561],[4.88572,52.42561],[4.88581,52.42561],[4.88584,52.42561],[4.88591,52.42561],[4.88594,52.42561],[4.88599,52.42561],[4.88607,52.4256],[4.8861,52.4256],[4.88622,52.4256],[4.88633,52.4256],[4.88645,52.42559],[4.88654,52.42559],[4.88661,52.42559],[4.88664,52.42558],[4.88676,52.42557],[4.8868,52.42557],[4.88687,52.42556],[4.88705,52.42556],[4.88721,52.42556],[4.88738,52.42557],[4.88739,52.42557],[4.88744,52.42557],[4.88758,52.42557],[4.88757,52.42558],[4.88768,52.42558],[4.88775,52.42559],[4.88777,52.42559],[4.88811,52.42562],[4.88815,52.42562],[4.8883,52.42562],[4.88845,52.42562],[4.88859,52.42563],[4.88874,52.42563],[4.88892,52.42563],[4.88912,52.42564],[4.88931,52.42564],[4.88948,52.42564],[4.88969,52.42563],[4.88985,52.42563],[4.88994,52.42562],[4.8901,52.42562],[4.89025,52.42561],[4.89043,52.4256],[4.89059,52.42559],[4.89069,52.42558],[4.89087,52.42557],[4.89106,52.42556],[4.89122,52.42555],[4.89135,52.42554],[4.89148,52.42553],[4.89156,52.42552],[4.89162,52.42552],[4.89169,52.42551],[4.89186,52.42549],[4.89197,52.42548],[4.8921,52.42547],[4.89221,52.42547],[4.89229,52.42546],[4.89238,52.42545],[4.89246,52.42545],[4.89255,52.42544],[4.89268,52.42542],[4.89286,52.4254],[4.89298,52.42539],[4.89305,52.42538],[4.89316,52.42537],[4.89326,52.42536],[4.89333,52.42535],[4.89344,52.42534],[4.89353,52.42533],[4.8936,52.42533],[4.89365,52.42532],[4.89374,52.42531],[4.8939,52.42529],[4.89419,52.42525],[4.89439,52.42524],[4.89447,52.42523],[4.89457,52.42521],[4.89464,52.4252],[4.89469,52.4252],[4.89478,52.42518],[4.8949,52.42517],[4.89498,52.42516],[4.89507,52.42515],[4.89517,52.42513],[4.89527,52.42512],[4.89536,52.4251],[4.89545,52.42509],[4.89551,52.42509],[4.89564,52.42507],[4.89574,52.42505],[4.8959,52.42503],[4.89599,52.42501],[4.89608,52.425],[4.89615,52.42498],[4.89623,52.42497],[4.89632,52.42496],[4.89641,52.42494],[4.89653,52.42493],[4.89664,52.42491],[4.89672,52.4249],[4.89686,52.42488],[4.89706,52.42483],[4.89714,52.42481],[4.89726,52.4248],[4.89737,52.42478],[4.89743,52.42476],[4.89749,52.42475],[4.89755,52.42474],[4.89773,52.4247],[4.89783,52.42468],[4.89787,52.42467],[4.89796,52.42466],[4.89802,52.42464],[4.89808,52.42463],[4.89815,52.42462],[4.89825,52.4246],[4.89831,52.42459],[4.89834,52.42458],[4.89837,52.42458],[4.89841,52.42458],[4.89839,52.42454],[4.89838,52.42452],[4.89842,52.42452],[4.89845,52.42451],[4.89853,52.4245],[4.89858,52.42449],[4.89874,52.42446],[4.89874,52.42449],[4.89901,52.42443],[4.89901,52.42443],[4.89908,52.42442],[4.89912,52.42441],[4.89917,52.4244],[4.89923,52.42439],[4.89927,52.42438],[4.89935,52.42436],[4.89946,52.42433],[4.89946,52.42433],[4.89947,52.42433],[4.89949,52.42432],[4.89957,52.4243],[4.8996,52.4243],[4.89961,52.4243],[4.89961,52.42429],[4.89966,52.42428],[4.89976,52.42426],[4.89984,52.42423],[4.89985,52.42423],[4.89985,52.42423],[4.89989,52.42422],[4.89989,52.42422],[4.8999,52.42422],[4.89994,52.42421],[4.89994,52.4242],[4.89994,52.4242],[4.89998,52.42419],[4.90006,52.42417],[4.90022,52.42413],[4.90023,52.42413],[4.90023,52.42413],[4.90026,52.42411],[4.90027,52.42411],[4.90027,52.42411],[4.90031,52.4241],[4.90032,52.4241],[4.90032,52.4241],[4.90047,52.42405],[4.9005,52.42405],[4.90052,52.42404],[4.90058,52.42402],[4.90076,52.42396],[4.90076,52.42396],[4.90076,52.42396],[4.90083,52.42395],[4.90083,52.42395],[4.90084,52.42394],[4.90088,52.42393],[4.90089,52.42393],[4.90089,52.42393],[4.90096,52.42391],[4.90103,52.42388],[4.90103,52.42388],[4.90103,52.42388],[4.90109,52.42387],[4.90109,52.42387],[4.9011,52.42386],[4.90112,52.42385],[4.90112,52.42385],[4.90113,52.42385],[4.90126,52.42381],[4.90132,52.42379],[4.90146,52.42375],[4.90189,52.42362],[4.90205,52.42357],[4.90214,52.42354],[4.90218,52.42352],[4.90222,52.4235],[4.90228,52.42349],[4.90236,52.42346],[4.90242,52.42344],[4.90249,52.42342],[4.90258,52.42339],[4.90277,52.42332],[4.90287,52.42329],[4.90291,52.42327],[4.90294,52.42326],[4.903,52.42324],[4.90325,52.42314],[4.90334,52.42311],[4.90365,52.423],[4.90369,52.42298],[4.90369,52.42298],[4.90374,52.42296],[4.90384,52.42292],[4.90395,52.42288],[4.90413,52.4228],[4.90433,52.42272],[4.90437,52.4227],[4.90464,52.42258],[4.90473,52.42254],[4.90486,52.42249],[4.90494,52.42246],[4.90499,52.42243],[4.90506,52.42241],[4.90517,52.42235],[4.90528,52.42231],[4.90534,52.42228],[4.90538,52.42226],[4.90557,52.42218],[4.90562,52.42216],[4.90564,52.42215],[4.90566,52.42215],[4.90567,52.42214],[4.90569,52.42213],[4.9057,52.42213],[4.9057,52.42212],[4.9059,52.42203],[4.90593,52.42202],[4.90599,52.42198],[4.90612,52.42191],[4.90612,52.42191],[4.90613,52.42191],[4.90618,52.42189],[4.90633,52.42181],[4.90633,52.42181],[4.90648,52.42174],[4.90662,52.42167],[4.90668,52.42164],[4.9068,52.42159],[4.90693,52.42153],[4.90701,52.42149],[4.90716,52.42142],[4.9073,52.42135],[4.9074,52.4213],[4.90751,52.42126],[4.90753,52.42125],[4.90757,52.42124],[4.90761,52.42123],[4.90766,52.42122],[4.90773,52.4212],[4.9078,52.42119],[4.90797,52.42115],[4.908,52.42114],[4.90808,52.42113],[4.90807,52.4211],[4.90806,52.42108],[4.90805,52.42104],[4.90803,52.42101],[4.90802,52.42098],[4.908,52.42096],[4.90799,52.42092],[4.90798,52.42091],[4.90797,52.42089],[4.90796,52.42087],[4.90797,52.42087],[4.90798,52.42087],[4.908,52.42086],[4.90807,52.42085],[4.90855,52.42075],[4.90857,52.42074],[4.90857,52.42074],[4.90862,52.42073],[4.90868,52.42072],[4.90869,52.42071],[4.90882,52.42065],[4.90885,52.42063],[4.90895,52.42058],[4.90923,52.42045],[4.90942,52.42036],[4.90961,52.42027],[4.90962,52.42027],[4.91015,52.42004],[4.91026,52.41998],[4.91043,52.41991],[4.9106,52.41983],[4.91068,52.4198],[4.91082,52.41974],[4.91096,52.41968],[4.91111,52.41962],[4.91132,52.41953],[4.91143,52.41949],[4.91163,52.41941],[4.9118,52.41934],[4.91188,52.41931],[4.91192,52.4193],[4.91244,52.4191],[4.91286,52.41893],[4.91308,52.41885],[4.91309,52.41884],[4.91312,52.41883],[4.91326,52.41879],[4.9134,52.41873],[4.91346,52.41871],[4.91353,52.41868],[4.91354,52.41867],[4.91356,52.41867],[4.91359,52.41865],[4.91367,52.41863],[4.9138,52.41858],[4.91391,52.41854],[4.91393,52.41853],[4.91404,52.4185],[4.91411,52.4185],[4.91417,52.4185],[4.91441,52.4185],[4.91453,52.4185],[4.91455,52.4185],[4.91458,52.41849],[4.91458,52.41849],[4.91459,52.41849],[4.9146,52.4185],[4.9146,52.4185],[4.91461,52.4185],[4.91462,52.4185],[4.91462,52.4185],[4.91463,52.4185],[4.91465,52.4185],[4.9147,52.41868],[4.91471,52.41867],[4.91475,52.41867],[4.91493,52.41865],[4.91501,52.41864],[4.9152,52.41862],[4.91539,52.4186],[4.91546,52.4186],[4.9155,52.4186],[4.91557,52.41859],[4.91566,52.41857],[4.91569,52.41856],[4.91573,52.41855],[4.91579,52.41852],[4.91587,52.41849],[4.91591,52.41847],[4.91599,52.41843],[4.91605,52.41841],[4.91613,52.41837],[4.91618,52.41835],[4.91624,52.41833],[4.91627,52.41833],[4.9163,52.41831],[4.91646,52.41824],[4.91656,52.41819],[4.91664,52.41816],[4.91674,52.41811],[4.91682,52.41808],[4.91699,52.41801],[4.91705,52.41799],[4.91715,52.41794],[4.91723,52.41791],[4.91729,52.41788],[4.91739,52.41784],[4.91747,52.41781],[4.91754,52.41777],[4.91762,52.41774],[4.91776,52.41767],[4.91786,52.41763],[4.91793,52.4176],[4.918,52.41758],[4.9181,52.41753],[4.9182,52.4175],[4.91833,52.41743],[4.9184,52.4174],[4.91848,52.41736],[4.91871,52.41726],[4.91879,52.41723],[4.9189,52.41718],[4.91897,52.41716],[4.91912,52.41709],[4.91919,52.41706],[4.91937,52.41698],[4.91937,52.41698],[4.91938,52.41697],[4.91938,52.41697],[4.91939,52.41697],[4.91939,52.41697],[4.91939,52.41697],[4.91945,52.41694],[4.91958,52.41689],[4.91967,52.41684],[4.91972,52.41683],[4.91978,52.4168],[4.91981,52.41679],[4.91986,52.41678],[4.91988,52.41678],[4.91996,52.41674],[4.92012,52.41668],[4.92022,52.41663],[4.92026,52.41662],[4.92026,52.41661],[4.92043,52.41662],[4.92044,52.41661],[4.92045,52.41661],[4.92052,52.41657],[4.92053,52.41655],[4.92054,52.41652],[4.92055,52.41652],[4.92061,52.41651],[4.92066,52.41651],[4.92067,52.4165],[4.92068,52.4165],[4.9207,52.41647],[4.92072,52.41645],[4.92076,52.41642],[4.92077,52.41641],[4.9208,52.41639],[4.92085,52.41635],[4.92089,52.41633],[4.92101,52.41628],[4.9211,52.41624],[4.92115,52.41622],[4.92123,52.41618],[4.92126,52.41616],[4.92136,52.41613],[4.92145,52.41609],[4.92149,52.41608],[4.92154,52.41605],[4.9216,52.41602],[4.92171,52.41597],[4.92193,52.41587],[4.92203,52.41582],[4.92206,52.41581],[4.92275,52.41553],[4.92346,52.41524],[4.9238,52.41508],[4.92415,52.41491],[4.9244,52.41479],[4.92508,52.41447],[4.92512,52.41444],[4.92518,52.4144],[4.92547,52.41427],[4.9255,52.41424],[4.92554,52.41421],[4.92569,52.41415],[4.92573,52.41414],[4.92578,52.41412],[4.92583,52.41409],[4.92596,52.41404],[4.92606,52.41399],[4.92613,52.41396],[4.92618,52.41394],[4.92635,52.41386],[4.92649,52.4138],[4.92656,52.41376],[4.92663,52.41373],[4.92668,52.41371],[4.92678,52.41366],[4.92687,52.41362],[4.92695,52.41359],[4.92704,52.41355],[4.92713,52.41351],[4.92722,52.41347],[4.92731,52.41344],[4.92733,52.41342],[4.92738,52.4134],[4.92748,52.41336],[4.9276,52.41329],[4.92787,52.41319],[4.9279,52.41318],[4.92794,52.41315],[4.92804,52.41311],[4.9281,52.41307],[4.92814,52.41306],[4.92817,52.41305],[4.92821,52.41304],[4.92827,52.41301],[4.92838,52.41296],[4.92844,52.41293],[4.92853,52.41289],[4.92856,52.41288],[4.92862,52.41285],[4.92866,52.41283],[4.92872,52.4128],[4.92877,52.41278],[4.92885,52.41273],[4.92891,52.4127],[4.92903,52.41265],[4.92911,52.41261],[4.9292,52.41258],[4.92924,52.41256],[4.92933,52.41252],[4.9294,52.41248],[4.92947,52.41245],[4.92958,52.41241],[4.92963,52.41239],[4.92965,52.41237],[4.92971,52.41235],[4.92981,52.41231],[4.92986,52.4123],[4.92988,52.41229],[4.9299,52.41227],[4.92993,52.41226],[4.92996,52.41225],[4.92999,52.41224],[4.93006,52.41221],[4.93009,52.4122],[4.93013,52.41217],[4.93017,52.41215],[4.93026,52.41212],[4.93027,52.41211],[4.93034,52.41209],[4.93036,52.41209],[4.93038,52.41208],[4.9304,52.412],[4.9304,52.41199],[4.9304,52.41197],[4.93041,52.41194],[4.93057,52.41177],[4.93072,52.41161],[4.9308,52.41163],[4.93086,52.41165],[4.93097,52.41167],[4.93106,52.41168],[4.93112,52.41169],[4.93121,52.4117],[4.93145,52.41172],[4.9316,52.41174],[4.93192,52.41176],[4.93232,52.41179],[4.9326,52.41181],[4.93292,52.41183],[4.93318,52.41185],[4.93341,52.41187],[4.93375,52.4119],[4.93427,52.41194],[4.93452,52.41196],[4.93463,52.41198],[4.93474,52.41199],[4.93489,52.41201],[4.93501,52.41202],[4.93504,52.41202],[4.93514,52.41204],[4.9352,52.41205],[4.93528,52.41207],[4.93548,52.41212],[4.93579,52.41219],[4.9361,52.41226],[4.93645,52.41236],[4.93682,52.41246],[4.93726,52.41258],[4.938,52.41278],[4.93885,52.41301],[4.93949,52.41318],[4.93959,52.41321],[4.93973,52.41324],[4.9399,52.41327],[4.9403,52.41336],[4.94075,52.41345],[4.94127,52.41356],[4.94172,52.41365],[4.94208,52.41373],[4.94236,52.41379],[4.94249,52.41382],[4.94257,52.41384],[4.94265,52.41386],[4.94266,52.41386],[4.9428,52.4139],[4.94293,52.41394],[4.94308,52.41399],[4.94314,52.41401],[4.94327,52.41405],[4.94357,52.41415],[4.94388,52.41426],[4.94398,52.4143],[4.94401,52.41431],[4.94407,52.41434],[4.94412,52.41437],[4.94444,52.41463],[4.94456,52.41475],[4.94478,52.41502],[4.94498,52.41531],[4.9451,52.41557],[4.94557,52.41679],[4.9457,52.41709],[4.94577,52.41724],[4.94581,52.41731],[4.94596,52.41765],[4.946,52.41773],[4.94605,52.41784],[4.94607,52.41788],[4.94615,52.41804],[4.94615,52.41805],[4.94624,52.41826],[4.94625,52.41827],[4.94641,52.41861],[4.94642,52.41865],[4.94648,52.41877],[4.94652,52.41886],[4.94659,52.41902],[4.9466,52.41905],[4.94676,52.41939],[4.94677,52.41942],[4.94683,52.41954],[4.947,52.4199],[4.94717,52.42028],[4.94722,52.42037],[4.94723,52.4204],[4.94729,52.42054],[4.94731,52.42059],[4.94738,52.42075],[4.94745,52.4209],[4.94746,52.42093],[4.9477,52.42143],[4.94779,52.42156],[4.94831,52.42146],[4.94831,52.42146],[4.94851,52.42143],[4.94853,52.42142],[4.94858,52.42146],[4.94862,52.42148],[4.94862,52.42149],[4.94864,52.4215],[4.94885,52.42159],[4.94891,52.42161],[4.94891,52.42162],[4.94892,52.42162],[4.94897,52.42164],[4.94897,52.42164],[4.94921,52.42173],[4.94927,52.42176],[4.94929,52.42177],[4.94935,52.42179],[4.94946,52.42183],[4.94953,52.42186],[4.94965,52.42191],[4.94968,52.42192],[4.94971,52.42193],[4.94972,52.42193],[4.94973,52.42192],[4.94977,52.4219],[4.94979,52.42189],[4.9498,52.42187],[4.94981,52.42186],[4.94983,52.42186],[4.94985,52.42186],[4.94986,52.42186],[4.95019,52.42188],[4.95047,52.42189],[4.95073,52.4219],[4.95099,52.42191],[4.95108,52.42191],[4.95113,52.42191],[4.95129,52.42192],[4.95143,52.42193],[4.95148,52.42193],[4.95152,52.42195],[4.95152,52.42198],[4.95152,52.42199],[4.95161,52.42231],[4.95164,52.42242],[4.95164,52.42252],[4.95164,52.42253],[4.95164,52.42253],[4.95163,52.42265],[4.95161,52.42274],[4.95159,52.42283],[4.95154,52.42293],[4.9515,52.42301],[4.95152,52.42302],[4.95152,52.42302],[4.95142,52.42313],[4.95142,52.42313],[4.95133,52.42323],[4.95134,52.42323],[4.95141,52.42325],[4.95144,52.42327],[4.95154,52.42329],[4.95159,52.42329],[4.95174,52.42334],[4.9519,52.42338],[4.95191,52.42338],[4.95206,52.42343],[4.95207,52.42343],[4.95211,52.42345],[4.9522,52.42348],[4.95233,52.42352],[4.95247,52.42357],[4.95252,52.42359],[4.95263,52.42363],[4.95277,52.42368],[4.95283,52.42362],[4.95278,52.4236],[4.95268,52.42357],[4.95259,52.42353],[4.95256,52.42352],[4.95251,52.42349],[4.95249,52.42349],[4.95254,52.42339],[4.95258,52.42332],[4.95259,52.4233],[4.95261,52.42326],[4.95263,52.42323],[4.95264,52.42321],[4.95268,52.42317],[4.95271,52.42314],[4.95272,52.42312],[4.95274,52.42308],[4.95277,52.42305],[4.95278,52.42303],[4.95279,52.42301],[4.9528,52.423],[4.95282,52.42297],[4.95284,52.42296],[4.95284,52.42295],[4.95285,52.42294],[4.95293,52.42286],[4.95295,52.42284],[4.95306,52.42273],[4.9531,52.4227],[4.95314,52.42264],[4.9532,52.42259],[4.95323,52.42255],[4.95332,52.42247],[4.95337,52.42243],[4.95346,52.42234],[4.95351,52.42231],[4.95356,52.42226],[4.95358,52.42223],[4.9536,52.42222],[4.95363,52.4222],[4.95365,52.4222],[4.95366,52.4222],[4.95369,52.4222],[4.95371,52.4222],[4.95381,52.4222],[4.95385,52.4222],[4.95399,52.42221],[4.95402,52.42221],[4.9541,52.42222],[4.95418,52.42224],[4.95422,52.42224],[4.95425,52.42225],[4.95427,52.42225],[4.9543,52.42226],[4.95432,52.42227],[4.95434,52.42227],[4.95436,52.42228],[4.95439,52.42229],[4.95443,52.4223],[4.95444,52.4223],[4.95448,52.42232],[4.95452,52.42233],[4.95455,52.42234],[4.95458,52.42234],[4.9546,52.42234],[4.95463,52.42235],[4.95466,52.42236],[4.95469,52.42236],[4.95472,52.42237],[4.95477,52.42238],[4.95481,52.42238],[4.95487,52.42239],[4.95495,52.4224],[4.95504,52.4224],[4.95513,52.42241],[4.95517,52.42242],[4.9552,52.42242],[4.95522,52.42242],[4.95526,52.42241],[4.95527,52.42241],[4.9553,52.42241],[4.95531,52.42242],[4.95537,52.42241],[4.95541,52.4224],[4.95542,52.4224],[4.95544,52.4224],[4.95547,52.4224],[4.95548,52.42241],[4.95548,52.42241],[4.95555,52.42241],[4.95559,52.42242],[4.95564,52.42242],[4.95578,52.42243],[4.95588,52.42244],[4.95588,52.42244],[4.95588,52.42241],[4.95588,52.42241],[4.95592,52.42218],[4.95592,52.42215],[4.95593,52.42211],[4.95593,52.42208],[4.95594,52.42202],[4.95594,52.422],[4.95595,52.42195],[4.956,52.42197],[4.95616,52.42202],[4.95624,52.42205],[4.95629,52.42205],[4.95634,52.42205],[4.9567,52.42207],[4.95684,52.42208],[4.9572,52.42209],[4.95738,52.4221],[4.95749,52.42211],[4.95756,52.42211],[4.95764,52.42211],[4.95785,52.42212],[4.95805,52.42213],[4.95807,52.42213],[4.95855,52.42214],[4.95872,52.42215],[4.95881,52.42216],[4.95891,52.42217],[4.95895,52.42217],[4.95906,52.42217],[4.95918,52.42218],[4.95929,52.42218],[4.95954,52.42219],[4.95965,52.42219],[4.95981,52.4222],[4.96006,52.4222],[4.96026,52.42221],[4.96029,52.42221],[4.96045,52.42222],[4.96048,52.42223],[4.96083,52.42224],[4.96104,52.42225],[4.96128,52.42227],[4.96142,52.42227],[4.96148,52.42228],[4.96153,52.42228],[4.96154,52.42228],[4.96157,52.42228],[4.96206,52.42231],[4.96228,52.42231],[4.96249,52.42232],[4.96253,52.42232],[4.96256,52.42232],[4.96282,52.42234],[4.96294,52.42234],[4.96316,52.42234],[4.96346,52.42235],[4.96361,52.42236],[4.96368,52.42236],[4.96372,52.42236],[4.96384,52.42237],[4.96391,52.42238],[4.96418,52.42238],[4.96452,52.42239],[4.96468,52.4224],[4.96472,52.4224],[4.96476,52.4224],[4.96486,52.4224],[4.965,52.42241],[4.96517,52.42243],[4.96571,52.42244],[4.96574,52.42245],[4.96576,52.42246],[4.96592,52.42246],[4.96612,52.42248],[4.96665,52.4225],[4.96666,52.4225],[4.96679,52.42251],[4.96682,52.42251],[4.96688,52.42252],[4.96694,52.42253],[4.96733,52.42253],[4.96776,52.42254],[4.96785,52.42254],[4.9679,52.42254],[4.96795,52.42254],[4.96805,52.42256],[4.96817,52.42256],[4.96838,52.42257],[4.96846,52.42258],[4.96883,52.4226],[4.9689,52.4226],[4.96895,52.4226],[4.96902,52.4226],[4.96909,52.4226],[4.96928,52.42262],[4.96947,52.42262],[4.96985,52.42263],[4.96999,52.42263],[4.97003,52.42263],[4.97011,52.42263],[4.9702,52.42265],[4.97022,52.42266],[4.97027,52.42266],[4.97038,52.42267],[4.97103,52.42267],[4.97111,52.42268],[4.97122,52.42269],[4.97136,52.4227],[4.97143,52.42271],[4.97148,52.42271],[4.97155,52.42272],[4.97175,52.42272],[4.97198,52.42272],[4.97213,52.42273],[4.9722,52.42273],[4.97229,52.42273],[4.97239,52.42274],[4.97264,52.42276],[4.97283,52.42277],[4.9729,52.42278],[4.97323,52.4228],[4.97332,52.4228],[4.97335,52.4228],[4.9734,52.42281],[4.97348,52.42286],[4.97382,52.42299],[4.97394,52.42304],[4.97418,52.42314],[4.97426,52.42318],[4.97433,52.42321],[4.97447,52.42328],[4.97453,52.4233],[4.97464,52.42335],[4.97469,52.42337],[4.97485,52.42344],[4.97495,52.42348],[4.97515,52.42357],[4.97529,52.42363],[4.97547,52.42371],[4.97557,52.42375],[4.9757,52.42381],[4.97574,52.42382],[4.97582,52.42386],[4.97593,52.42389],[4.97599,52.42393],[4.9761,52.42396],[4.9761,52.42396],[4.97614,52.42398],[4.97626,52.42404],[4.97628,52.42405],[4.97633,52.42407],[4.97637,52.42409],[4.97642,52.42411],[4.97643,52.42411],[4.9765,52.42414],[4.97659,52.42417],[4.97665,52.42421],[4.97668,52.42423],[4.97673,52.42426],[4.97677,52.42427],[4.97689,52.42432],[4.97704,52.42438],[4.9771,52.42441],[4.97717,52.42444],[4.9772,52.42445],[4.97724,52.42446],[4.97735,52.42453],[4.97745,52.42457],[4.9776,52.42463],[4.97771,52.42467],[4.97789,52.42474],[4.97805,52.42481],[4.9781,52.42483],[4.97815,52.42485],[4.97817,52.42486],[4.97822,52.42487],[4.97825,52.42488],[4.9783,52.4249],[4.97832,52.42492],[4.97842,52.42495],[4.9785,52.42499],[4.9786,52.42505],[4.97865,52.42507],[4.97886,52.42516],[4.97901,52.42521],[4.97923,52.42529],[4.97928,52.42532],[4.9793,52.42533],[4.97938,52.42537],[4.97942,52.42539],[4.97989,52.4256],[4.98012,52.42569],[4.98027,52.42575],[4.98033,52.42577],[4.98038,52.42579],[4.98052,52.42586],[4.98083,52.426],[4.98094,52.42606],[4.981,52.42608],[4.98108,52.42611],[4.98113,52.42613],[4.98116,52.42614],[4.9813,52.4262],[4.98141,52.42624],[4.98143,52.42625],[4.98147,52.42626],[4.98152,52.42628],[4.98156,52.4263],[4.98162,52.42634],[4.98179,52.42641],[4.98186,52.42644],[4.98213,52.42656],[4.98245,52.42669],[4.98257,52.42674],[4.98264,52.42676],[4.98382,52.42572],[4.98451,52.42511],[4.98472,52.42494],[4.98525,52.42446],[4.98578,52.42399],[4.98657,52.4233],[4.9869,52.42301],[4.98704,52.42289],[4.98704,52.42289],[4.98705,52.42289],[4.98705,52.42289],[4.98705,52.42288],[4.9871,52.42284],[4.9875,52.42311],[4.98768,52.42323],[4.98777,52.42327],[4.98792,52.42327],[4.98826,52.42326],[4.98883,52.42325],[4.98901,52.42327],[4.9891,52.42331],[4.98918,52.42337],[4.98957,52.42372],[4.98992,52.42406],[4.9902,52.4243],[4.99036,52.42446],[4.99041,52.42452],[4.99041,52.42458],[4.9904,52.42479],[4.99039,52.42487],[4.99038,52.42492],[4.99036,52.42506],[4.99036,52.42513],[4.99035,52.42517],[4.99036,52.42528],[4.99036,52.42529],[4.9904,52.42539],[4.99043,52.42549],[4.99045,52.42552],[4.99046,52.42552],[4.99045,52.4255],[4.99047,52.42549],[4.99048,52.42548],[4.9905,52.42548],[4.9905,52.42548],[4.99049,52.42543],[4.99061,52.42542],[4.99065,52.42542],[4.99068,52.42542],[4.99093,52.42542],[4.99112,52.42541],[4.99114,52.42541],[4.9912,52.42541],[4.99137,52.4254],[4.99138,52.42543],[4.99139,52.42544],[4.99141,52.42545],[4.99143,52.42545],[4.99148,52.42545],[4.99153,52.42546],[4.99164,52.42546],[4.99172,52.42545],[4.99173,52.42545],[4.99186,52.42544],[4.99201,52.42543],[4.99217,52.42543],[4.99232,52.42544],[4.99242,52.42544],[4.99256,52.42544],[4.99272,52.42544],[4.99283,52.42543],[4.99295,52.42543],[4.99306,52.42542],[4.9932,52.42542],[4.99335,52.4254],[4.99346,52.4254],[4.99356,52.4254],[4.99368,52.42542],[4.9938,52.42543],[4.99392,52.42544],[4.99407,52.42544],[4.99418,52.42545],[4.99423,52.42545],[4.99426,52.42546],[4.99439,52.42545],[4.99444,52.42545],[4.99446,52.42544],[4.99453,52.42544],[4.99474,52.42544],[4.99496,52.42544],[4.99517,52.42544],[4.9952,52.42545],[4.99525,52.42544],[4.99525,52.42547],[4.99537,52.42546],[4.99544,52.42549],[4.99557,52.42549],[4.99558,52.42547],[4.99622,52.42545],[4.99697,52.42543],[4.99855,52.42542],[4.99878,52.42542],[4.99906,52.42542],[4.9992,52.42542],[4.99935,52.42543],[4.99945,52.42543],[4.99956,52.42543],[4.99963,52.42543],[4.99966,52.42543],[4.99997,52.42541],[4.99998,52.42541],[4.99999,52.42541],[5.00013,52.42542],[5.00016,52.42544],[5.00021,52.42543],[5.00029,52.42541],[5.00072,52.42529],[5.00081,52.42526],[5.00089,52.42523],[5.00093,52.42522],[5.00097,52.4252],[5.00104,52.42518],[5.00106,52.42517],[5.00118,52.42513],[5.00131,52.42508],[5.00149,52.42501],[5.00165,52.42496],[5.00181,52.4249],[5.00195,52.42485],[5.00212,52.42479],[5.00231,52.42472],[5.00248,52.42466],[5.00267,52.42459],[5.00282,52.42453],[5.00299,52.42447],[5.00317,52.42441],[5.00335,52.42434],[5.00348,52.4243],[5.00362,52.42424],[5.00379,52.42418],[5.0039,52.42414],[5.00405,52.42409],[5.00418,52.42404],[5.00434,52.42398],[5.00451,52.42392],[5.00472,52.42385],[5.00493,52.42377],[5.00513,52.4237],[5.0053,52.42364],[5.00542,52.4236],[5.00557,52.42354],[5.00564,52.42352],[5.00571,52.42349],[5.00575,52.42348],[5.00586,52.42344],[5.00597,52.42341],[5.00602,52.42339],[5.00608,52.42336],[5.00619,52.42332],[5.00624,52.4233],[5.00627,52.42329],[5.00633,52.42326],[5.00643,52.42323],[5.00652,52.4232],[5.00667,52.42314],[5.0068,52.42309],[5.00686,52.42307],[5.00711,52.42299],[5.0072,52.42296],[5.00731,52.42293],[5.00737,52.42291],[5.00746,52.42287],[5.00777,52.42276],[5.00794,52.4227],[5.00796,52.42269],[5.00802,52.42267],[5.00814,52.42263],[5.00836,52.42256],[5.00837,52.42255],[5.00854,52.42249],[5.00871,52.42243],[5.00875,52.42242],[5.00882,52.42239],[5.00894,52.42235],[5.00912,52.42228],[5.00932,52.42221],[5.00938,52.42219],[5.00942,52.42218],[5.00955,52.42214],[5.00962,52.42211],[5.00971,52.42207],[5.00999,52.42197],[5.01017,52.4219],[5.0102,52.42189],[5.01024,52.42188],[5.0103,52.42186],[5.01039,52.42183],[5.01047,52.4218],[5.01063,52.42175],[5.01092,52.42164],[5.01097,52.42162],[5.01106,52.42159],[5.0111,52.42157],[5.01118,52.42154],[5.01126,52.42152],[5.01131,52.4215],[5.01132,52.4215],[5.01134,52.42149],[5.01137,52.42148],[5.01157,52.42141],[5.01186,52.4213],[5.01201,52.42125],[5.01213,52.42121],[5.01232,52.42114],[5.01242,52.4211],[5.01252,52.42107],[5.01261,52.42103],[5.01267,52.42101],[5.01275,52.42098],[5.01285,52.42095],[5.01301,52.42089],[5.01307,52.42087],[5.01316,52.42084],[5.0133,52.42079],[5.01338,52.42076],[5.01347,52.42073],[5.01357,52.4207],[5.01368,52.42066],[5.01372,52.42064],[5.01374,52.42063],[5.0138,52.4206],[5.01397,52.42053],[5.014,52.42052],[5.0141,52.42049],[5.01437,52.42039],[5.01452,52.42034],[5.01478,52.42025],[5.01488,52.42021],[5.01492,52.42021],[5.01495,52.4202],[5.01497,52.42019],[5.01499,52.42019],[5.015,52.42018],[5.01504,52.42016],[5.01515,52.42013],[5.01523,52.42011],[5.01532,52.42007],[5.01558,52.41998],[5.01575,52.41992],[5.01583,52.41989],[5.01588,52.41987],[5.01599,52.41983],[5.01611,52.41979],[5.01629,52.41972],[5.01648,52.41966],[5.01656,52.41963],[5.01659,52.41962],[5.01671,52.41958],[5.01692,52.41951],[5.01721,52.41941],[5.01756,52.41929],[5.01764,52.41926],[5.01781,52.41919],[5.01782,52.4192],[5.01821,52.41906]]]]}},{"type":"Feature","properties":{"name":"Westpoort","stadsdeel":"Westpoort","pop":1020},"geometry":{"type":"MultiPolygon","coordinates":[[[[4.87354,52.4083],[4.87777,52.40525],[4.8827,52.4017],[4.88338,52.4012],[4.88586,52.39938],[4.88547,52.39917],[4.87657,52.3946],[4.87644,52.39456],[4.8763,52.39452],[4.87617,52.3945],[4.87603,52.39449],[4.87585,52.39449],[4.87517,52.39456],[4.87296,52.39476],[4.87281,52.39477],[4.87268,52.39476],[4.87251,52.39475],[4.87177,52.39462],[4.87168,52.39477],[4.8715,52.39501],[4.87149,52.39508],[4.87128,52.39526],[4.86721,52.39334],[4.86705,52.39336],[4.86688,52.39339],[4.8666,52.39345],[4.86638,52.39352],[4.86608,52.39364],[4.86607,52.39362],[4.86604,52.39364],[4.86601,52.39361],[4.86586,52.39349],[4.86567,52.3932],[4.86564,52.3932],[4.8656,52.39316],[4.86555,52.39315],[4.86492,52.39302],[4.86422,52.39287],[4.8634,52.3935],[4.86312,52.39371],[4.86264,52.39401],[4.86237,52.39416],[4.86187,52.39442],[4.86159,52.39453],[4.86095,52.39478],[4.86058,52.39489],[4.86016,52.395],[4.85974,52.3951],[4.85932,52.39519],[4.85892,52.39525],[4.8581,52.39535],[4.85772,52.39538],[4.85735,52.3954],[4.8569,52.3954],[4.85562,52.3954],[4.85562,52.39551],[4.8552,52.39551],[4.85496,52.39551],[4.85496,52.39552],[4.85082,52.3955],[4.85083,52.39548],[4.85051,52.39548],[4.85051,52.39549],[4.84905,52.39549],[4.8471,52.39547],[4.84711,52.39546],[4.84675,52.39546],[4.84675,52.39552],[4.846,52.39551],[4.84549,52.39548],[4.84544,52.39545],[4.84493,52.39541],[4.84484,52.39539],[4.84431,52.3953],[4.84398,52.39526],[4.84368,52.39523],[4.84326,52.39514],[4.84294,52.39506],[4.84251,52.39493],[4.84237,52.39491],[4.84224,52.39488],[4.8419,52.39476],[4.84135,52.39454],[4.84108,52.39442],[4.84066,52.39421],[4.84145,52.39483],[4.84176,52.39508],[4.83952,52.3958],[4.83948,52.39598],[4.83885,52.39617],[4.83789,52.39543],[4.83731,52.39544],[4.83613,52.39543],[4.83579,52.39543],[4.83574,52.39503],[4.83566,52.39378],[4.83562,52.39301],[4.83557,52.39275],[4.83557,52.39232],[4.83557,52.39229],[4.83552,52.39219],[4.83544,52.39212],[4.83492,52.39204],[4.8343,52.39197],[4.83386,52.39194],[4.83365,52.39192],[4.83301,52.39191],[4.81878,52.39189],[4.81746,52.39189],[4.81617,52.39191],[4.81564,52.39199],[4.81536,52.39204],[4.81513,52.39209],[4.81464,52.39222],[4.81435,52.39231],[4.8137,52.39254],[4.81304,52.39279],[4.81245,52.39304],[4.8121,52.39321],[4.81175,52.39339],[4.81126,52.39366],[4.81083,52.39391],[4.81059,52.39407],[4.81002,52.39447],[4.80989,52.39458],[4.80965,52.3948],[4.80961,52.39485],[4.80952,52.39481],[4.80931,52.395],[4.80922,52.39511],[4.80912,52.3952],[4.80897,52.39533],[4.80877,52.39524],[4.80854,52.39543],[4.80787,52.39518],[4.80762,52.3951],[4.80736,52.395],[4.80715,52.39489],[4.80598,52.39444],[4.80587,52.39456],[4.80579,52.39452],[4.80552,52.39451],[4.80541,52.39457],[4.80529,52.39471],[4.80517,52.39482],[4.80502,52.39493],[4.80495,52.39498],[4.80488,52.39503],[4.80462,52.3953],[4.80418,52.39579],[4.80398,52.39603],[4.80357,52.39658],[4.8034,52.39683],[4.80307,52.39737],[4.80274,52.39801],[4.80244,52.3987],[4.80237,52.39884],[4.80222,52.39908],[4.80208,52.39924],[4.80188,52.39941],[4.80162,52.39959],[4.80138,52.39973],[4.80132,52.39982],[4.80114,52.39991],[4.80095,52.39999],[4.80066,52.40008],[4.80042,52.40015],[4.80017,52.4002],[4.79976,52.40026],[4.79941,52.40028],[4.79914,52.40028],[4.79891,52.40027],[4.79863,52.40025],[4.7984,52.40022],[4.79825,52.4002],[4.79792,52.40013],[4.79738,52.39996],[4.79677,52.3997],[4.7963,52.39952],[4.79595,52.39942],[4.7957,52.39937],[4.79554,52.39934],[4.79529,52.39934],[4.79489,52.39935],[4.79378,52.39927],[4.79302,52.39917],[4.79271,52.39914],[4.775,52.39912],[4.77299,52.39482],[4.77063,52.39737],[4.77069,52.39772],[4.77073,52.39784],[4.77085,52.39804],[4.771,52.39821],[4.77125,52.39839],[4.76922,52.39894],[4.76892,52.39901],[4.76741,52.39927],[4.76541,52.39953],[4.76476,52.39959],[4.75981,52.40021],[4.75936,52.39891],[4.75828,52.3992],[4.75748,52.39688],[4.75745,52.39689],[4.75719,52.39695],[4.75659,52.39703],[4.75602,52.3971],[4.75603,52.39712],[4.75605,52.39718],[4.75605,52.39719],[4.75543,52.39727],[4.75498,52.39733],[4.75248,52.39765],[4.75052,52.39791],[4.74849,52.39817],[4.74633,52.39845],[4.74615,52.39847],[4.74455,52.39867],[4.73924,52.39936],[4.73305,52.40015],[4.72904,52.40067],[4.72898,52.40068],[4.72876,52.40071],[4.72883,52.40089],[4.72889,52.40106],[4.72894,52.40122],[4.729,52.40138],[4.72905,52.40154],[4.72911,52.4017],[4.72916,52.40186],[4.72922,52.40203],[4.72928,52.40218],[4.72933,52.40234],[4.72939,52.4025],[4.72944,52.40265],[4.7295,52.40281],[4.72955,52.40297],[4.72962,52.40319],[4.7297,52.40339],[4.72977,52.4036],[4.72984,52.4038],[4.7299,52.40398],[4.73001,52.40429],[4.73006,52.40448],[4.73013,52.40461],[4.73015,52.40465],[4.7306,52.40595],[4.73093,52.40691],[4.73105,52.4073],[4.73119,52.4077],[4.73129,52.40799],[4.7314,52.40831],[4.73188,52.4097],[4.7322,52.41067],[4.73242,52.4113],[4.73246,52.41141],[4.7325,52.41152],[4.73253,52.41162],[4.73296,52.41285],[4.73352,52.4145],[4.73367,52.41492],[4.73371,52.41505],[4.73372,52.41508],[4.73406,52.41609],[4.73442,52.41712],[4.73463,52.41778],[4.73473,52.41807],[4.73477,52.41817],[4.73481,52.4183],[4.73487,52.41846],[4.73489,52.41849],[4.73491,52.41853],[4.73492,52.41856],[4.73496,52.41864],[4.7352,52.41936],[4.73537,52.41988],[4.73554,52.42039],[4.73568,52.42079],[4.73583,52.42122],[4.73599,52.42169],[4.73616,52.42219],[4.73623,52.4224],[4.73625,52.42246],[4.73628,52.42256],[4.737,52.42465],[4.73731,52.42555],[4.73749,52.4261],[4.73762,52.42648],[4.73764,52.42653],[4.73768,52.42664],[4.73791,52.42733],[4.73807,52.42779],[4.73822,52.4282],[4.73825,52.42827],[4.73838,52.42868],[4.73841,52.42877],[4.73842,52.4288],[4.73848,52.42896],[4.73849,52.429],[4.73857,52.42922],[4.73868,52.42956],[4.73876,52.42978],[4.73878,52.42985],[4.73921,52.43106],[4.73939,52.43104],[4.75022,52.42962],[4.7512,52.4295],[4.75321,52.42924],[4.76476,52.42778],[4.76656,52.42755],[4.76718,52.42747],[4.76754,52.4285],[4.76987,52.4282],[4.77059,52.42811],[4.77246,52.42787],[4.78344,52.42642],[4.78435,52.4263],[4.78564,52.42614],[4.78835,52.42579],[4.78889,52.42572],[4.79211,52.4253],[4.79523,52.42491],[4.79837,52.42451],[4.80188,52.42406],[4.80455,52.42372],[4.80667,52.42345],[4.807,52.4234],[4.80994,52.42302],[4.81017,52.423],[4.81262,52.42268],[4.81387,52.42251],[4.81534,52.42232],[4.81573,52.42227],[4.81853,52.42191],[4.82027,52.42168],[4.82187,52.42148],[4.82359,52.42126],[4.82431,52.42116],[4.82467,52.42113],[4.82529,52.42106],[4.82578,52.42101],[4.82591,52.421],[4.8261,52.42098],[4.82623,52.42096],[4.82661,52.42092],[4.82688,52.42089],[4.82719,52.42085],[4.82772,52.42078],[4.828,52.42075],[4.82859,52.42068],[4.82891,52.42063],[4.82955,52.42054],[4.82998,52.42048],[4.83054,52.42039],[4.83171,52.42021],[4.83176,52.4202],[4.8328,52.42005],[4.83382,52.41991],[4.83483,52.41978],[4.83633,52.41958],[4.8436,52.41868],[4.84528,52.41847],[4.84624,52.41833],[4.84639,52.41831],[4.84662,52.41828],[4.84718,52.4182],[4.84764,52.41813],[4.84802,52.41807],[4.84873,52.41795],[4.8492,52.41787],[4.84959,52.4178],[4.85078,52.41758],[4.85145,52.41743],[4.85157,52.41741],[4.85547,52.41676],[4.85595,52.41668],[4.85608,52.41666],[4.85571,52.41632],[4.86087,52.4149],[4.86363,52.4139],[4.86387,52.41381],[4.8671,52.41239],[4.87099,52.41013],[4.87343,52.40838],[4.87354,52.4083]]]]}},{"type":"Feature","properties":{"name":"West","stadsdeel":"West","pop":148555},"geometry":{"type":"MultiPolygon","coordinates":[[[[4.87809,52.3784],[4.87829,52.37835],[4.8781,52.37804],[4.87807,52.37805],[4.8779,52.37779],[4.87801,52.37776],[4.87659,52.37549],[4.87599,52.37454],[4.87588,52.37432],[4.87585,52.37418],[4.87554,52.37421],[4.87551,52.37407],[4.87547,52.37376],[4.87548,52.37341],[4.87543,52.37323],[4.87538,52.37315],[4.87529,52.37303],[4.87523,52.37297],[4.87516,52.37292],[4.87483,52.37273],[4.87478,52.37269],[4.87464,52.37256],[4.87455,52.37245],[4.87448,52.37232],[4.87443,52.3722],[4.87445,52.37206],[4.8745,52.37189],[4.87504,52.37068],[4.87567,52.36964],[4.8758,52.36946],[4.87599,52.36925],[4.8763,52.36897],[4.87667,52.36868],[4.8768,52.3685],[4.87708,52.36811],[4.87719,52.3679],[4.87726,52.3677],[4.87731,52.3673],[4.87734,52.36718],[4.87742,52.36695],[4.87751,52.36677],[4.87772,52.36659],[4.87788,52.36646],[4.87813,52.36631],[4.87839,52.36617],[4.87853,52.36608],[4.87869,52.36595],[4.87881,52.36583],[4.87895,52.36566],[4.87906,52.3655],[4.87913,52.36538],[4.87918,52.36526],[4.87921,52.36512],[4.87923,52.36499],[4.87922,52.36492],[4.87921,52.36478],[4.87922,52.36463],[4.87926,52.36449],[4.87931,52.36434],[4.87935,52.36426],[4.87941,52.36418],[4.87949,52.36411],[4.8796,52.36404],[4.87978,52.36396],[4.88006,52.36389],[4.88026,52.36382],[4.88054,52.36371],[4.8807,52.36362],[4.88085,52.36354],[4.88112,52.36336],[4.88123,52.36327],[4.88141,52.36312],[4.88151,52.36294],[4.88157,52.36276],[4.88162,52.36251],[4.88165,52.36241],[4.88171,52.36232],[4.88174,52.36228],[4.88185,52.36218],[4.88196,52.36212],[4.88209,52.36205],[4.8806,52.36163],[4.87858,52.36109],[4.87745,52.36078],[4.87738,52.36087],[4.87735,52.36086],[4.87719,52.36109],[4.87674,52.36097],[4.87688,52.36077],[4.87691,52.36077],[4.87696,52.36076],[4.87698,52.36073],[4.87702,52.36074],[4.87703,52.36071],[4.87693,52.36069],[4.87695,52.36066],[4.87663,52.36058],[4.87662,52.36062],[4.87659,52.36062],[4.87655,52.36068],[4.87656,52.3607],[4.87649,52.3608],[4.87625,52.36074],[4.87618,52.3608],[4.87586,52.36071],[4.87582,52.36077],[4.8756,52.36082],[4.87553,52.36075],[4.87546,52.36071],[4.87539,52.36068],[4.87531,52.36067],[4.87524,52.36068],[4.87502,52.36078],[4.8746,52.36091],[4.87439,52.36093],[4.87425,52.36093],[4.87415,52.36096],[4.87407,52.36098],[4.87401,52.36102],[4.87393,52.361],[4.87385,52.36098],[4.87382,52.36085],[4.87378,52.36081],[4.87372,52.36078],[4.8736,52.36075],[4.87352,52.36074],[4.87329,52.36075],[4.87301,52.36064],[4.87245,52.36047],[4.87218,52.36041],[4.87191,52.36036],[4.87184,52.36035],[4.87154,52.36035],[4.87139,52.36057],[4.87127,52.36054],[4.87147,52.36025],[4.8713,52.3602],[4.87124,52.36028],[4.87005,52.35998],[4.86995,52.36012],[4.86864,52.35977],[4.86815,52.35964],[4.86688,52.35935],[4.8659,52.35912],[4.8659,52.35893],[4.8658,52.35882],[4.86553,52.35885],[4.86552,52.35886],[4.86548,52.35901],[4.86545,52.35901],[4.86367,52.35858],[4.86318,52.35847],[4.86317,52.35848],[4.86225,52.35825],[4.86224,52.35826],[4.86181,52.35815],[4.86182,52.35813],[4.8598,52.35762],[4.85894,52.3574],[4.85508,52.35641],[4.85412,52.35652],[4.85432,52.35718],[4.85478,52.35775],[4.85389,52.35802],[4.85362,52.35809],[4.85355,52.35809],[4.8534,52.35807],[4.853,52.35799],[4.85284,52.35794],[4.85264,52.35791],[4.85245,52.35791],[4.85217,52.35792],[4.85057,52.35791],[4.85028,52.35791],[4.85004,52.35792],[4.84889,52.35791],[4.84888,52.35804],[4.84889,52.36076],[4.84951,52.36095],[4.84945,52.36337],[4.84921,52.36337],[4.84918,52.36422],[4.85049,52.36424],[4.85046,52.36516],[4.85045,52.36521],[4.85038,52.36537],[4.85032,52.36536],[4.8497,52.3667],[4.84867,52.36893],[4.8487,52.36896],[4.84835,52.36971],[4.84774,52.36961],[4.84762,52.36986],[4.84701,52.36977],[4.84661,52.36972],[4.84618,52.36967],[4.84572,52.36964],[4.84522,52.36962],[4.84256,52.36959],[4.84256,52.36983],[4.84257,52.37003],[4.84271,52.37087],[4.84279,52.37186],[4.84285,52.37188],[4.84285,52.37191],[4.84302,52.37191],[4.84303,52.37221],[4.8426,52.37222],[4.84213,52.37224],[4.84119,52.37227],[4.84086,52.3723],[4.8406,52.37233],[4.83533,52.37315],[4.83542,52.37336],[4.83543,52.37336],[4.83547,52.37345],[4.83549,52.37345],[4.83669,52.37635],[4.83738,52.37799],[4.83746,52.37817],[4.83746,52.37819],[4.83761,52.37854],[4.83763,52.37854],[4.83765,52.3786],[4.83768,52.37868],[4.83764,52.37867],[4.83772,52.37886],[4.83781,52.37907],[4.83782,52.37906],[4.83785,52.37914],[4.83787,52.37913],[4.83811,52.37972],[4.8381,52.37972],[4.8382,52.37998],[4.83822,52.37997],[4.83831,52.38018],[4.83829,52.38018],[4.83844,52.38054],[4.83845,52.38054],[4.83854,52.38074],[4.83852,52.38075],[4.83867,52.3811],[4.83869,52.3811],[4.83878,52.3813],[4.83876,52.38131],[4.83889,52.38162],[4.83891,52.38162],[4.83894,52.38169],[4.83892,52.38169],[4.83896,52.38179],[4.83894,52.3818],[4.83903,52.38201],[4.83908,52.38212],[4.83909,52.38212],[4.83912,52.3822],[4.83913,52.3822],[4.8393,52.38269],[4.83929,52.38269],[4.8394,52.38316],[4.83939,52.38316],[4.83943,52.38356],[4.83945,52.38356],[4.83946,52.38363],[4.83944,52.38363],[4.83945,52.38384],[4.83944,52.38404],[4.83945,52.38404],[4.83941,52.38443],[4.83944,52.38443],[4.83941,52.38459],[4.83936,52.38459],[4.83925,52.38502],[4.83983,52.38503],[4.84329,52.3851],[4.84393,52.38509],[4.84457,52.3851],[4.84481,52.38511],[4.84481,52.38514],[4.84479,52.38514],[4.84473,52.38638],[4.84476,52.38692],[4.84466,52.38862],[4.84466,52.38876],[4.84468,52.38875],[4.84468,52.38892],[4.84466,52.38892],[4.84466,52.3889],[4.84436,52.3889],[4.84433,52.38952],[4.84421,52.39181],[4.84413,52.39329],[4.84411,52.39385],[4.84413,52.39428],[4.84417,52.39461],[4.84423,52.39494],[4.84431,52.3953],[4.84484,52.39539],[4.84493,52.39541],[4.84544,52.39545],[4.84549,52.39548],[4.846,52.39551],[4.84675,52.39552],[4.84675,52.39546],[4.84711,52.39546],[4.8471,52.39547],[4.84905,52.39549],[4.85051,52.39549],[4.85051,52.39548],[4.85083,52.39548],[4.85082,52.3955],[4.85496,52.39552],[4.85496,52.39551],[4.8552,52.39551],[4.85562,52.39551],[4.85562,52.3954],[4.8569,52.3954],[4.85735,52.3954],[4.85772,52.39538],[4.8581,52.39535],[4.85892,52.39525],[4.85932,52.39519],[4.85974,52.3951],[4.86016,52.395],[4.86058,52.39489],[4.86095,52.39478],[4.86159,52.39453],[4.86187,52.39442],[4.86237,52.39416],[4.86264,52.39401],[4.86312,52.39371],[4.8634,52.3935],[4.86422,52.39287],[4.86492,52.39302],[4.86555,52.39315],[4.8656,52.39316],[4.86564,52.3932],[4.86567,52.3932],[4.86586,52.39349],[4.86601,52.39361],[4.86604,52.39364],[4.86607,52.39362],[4.86608,52.39364],[4.86638,52.39352],[4.8666,52.39345],[4.86688,52.39339],[4.86705,52.39336],[4.86721,52.39334],[4.87128,52.39526],[4.87149,52.39508],[4.8715,52.39501],[4.87168,52.39477],[4.87177,52.39462],[4.87251,52.39475],[4.87268,52.39476],[4.87281,52.39477],[4.87296,52.39476],[4.87517,52.39456],[4.87585,52.39449],[4.87603,52.39449],[4.87617,52.3945],[4.8763,52.39452],[4.87644,52.39456],[4.87657,52.3946],[4.88547,52.39917],[4.88586,52.39938],[4.88977,52.39641],[4.89155,52.39511],[4.892,52.39479],[4.89265,52.39421],[4.89321,52.39356],[4.89365,52.39282],[4.89398,52.39205],[4.89467,52.38994],[4.89508,52.38869],[4.89236,52.38852],[4.89231,52.38836],[4.8923,52.38822],[4.8923,52.38821],[4.89221,52.38819],[4.89207,52.38851],[4.89101,52.38844],[4.88597,52.38813],[4.88575,52.38817],[4.88448,52.38838],[4.884,52.38734],[4.88323,52.38624],[4.88303,52.386],[4.88258,52.38546],[4.88234,52.38518],[4.88183,52.38444],[4.88166,52.38418],[4.88075,52.38271],[4.88065,52.38256],[4.88048,52.38241],[4.88033,52.38231],[4.8801,52.38218],[4.8798,52.38207],[4.8797,52.382],[4.87963,52.38193],[4.87959,52.38186],[4.87957,52.38181],[4.87957,52.38174],[4.87958,52.38168],[4.87963,52.38159],[4.87985,52.38134],[4.87987,52.38128],[4.87986,52.38122],[4.87816,52.3785],[4.87809,52.3784]]]]}},{"type":"Feature","properties":{"name":"Nieuw-West","stadsdeel":"Nieuw-West","pop":163425},"geometry":{"type":"MultiPolygon","coordinates":[[[[4.8406,52.37233],[4.84086,52.3723],[4.84119,52.37227],[4.84213,52.37224],[4.8426,52.37222],[4.84303,52.37221],[4.84302,52.37191],[4.84285,52.37191],[4.84285,52.37188],[4.84279,52.37186],[4.84271,52.37087],[4.84257,52.37003],[4.84256,52.36983],[4.84256,52.36959],[4.84522,52.36962],[4.84572,52.36964],[4.84618,52.36967],[4.84661,52.36972],[4.84701,52.36977],[4.84762,52.36986],[4.84774,52.36961],[4.84835,52.36971],[4.8487,52.36896],[4.84867,52.36893],[4.8497,52.3667],[4.85032,52.36536],[4.85038,52.36537],[4.85045,52.36521],[4.85046,52.36516],[4.85049,52.36424],[4.84918,52.36422],[4.84921,52.36337],[4.84945,52.36337],[4.84951,52.36095],[4.84889,52.36076],[4.84888,52.35804],[4.84889,52.35791],[4.84893,52.35551],[4.84474,52.35548],[4.84479,52.35209],[4.84554,52.3521],[4.84555,52.35158],[4.84564,52.34688],[4.84564,52.34678],[4.84572,52.34678],[4.84581,52.34676],[4.84608,52.34666],[4.84588,52.34648],[4.84565,52.34632],[4.84537,52.34617],[4.8452,52.34611],[4.84502,52.34605],[4.84469,52.34596],[4.84433,52.34591],[4.84401,52.3459],[4.84346,52.34591],[4.84283,52.34593],[4.84234,52.34596],[4.84234,52.34595],[4.84194,52.34598],[4.84194,52.34556],[4.84179,52.34555],[4.84173,52.34553],[4.84166,52.34549],[4.84163,52.34543],[4.84163,52.34541],[4.84166,52.34537],[4.84165,52.34515],[4.84152,52.3441],[4.8415,52.34376],[4.8415,52.3435],[4.84151,52.3435],[4.84151,52.34343],[4.84149,52.34343],[4.8415,52.34327],[4.84152,52.34327],[4.84152,52.3432],[4.84153,52.34318],[4.84173,52.34157],[4.8418,52.34106],[4.84193,52.34035],[4.842,52.33998],[4.84205,52.33981],[4.84213,52.33962],[4.84224,52.33944],[4.84237,52.33925],[4.84255,52.33905],[4.84276,52.33886],[4.84299,52.3387],[4.8432,52.33858],[4.84344,52.33846],[4.84373,52.33835],[4.84406,52.33825],[4.84438,52.33817],[4.84464,52.33813],[4.84498,52.33809],[4.84532,52.33807],[4.8457,52.33806],[4.84598,52.33807],[4.84599,52.33808],[4.846,52.33807],[4.846,52.33807],[4.846,52.33808],[4.84647,52.33811],[4.84647,52.33812],[4.84651,52.33812],[4.84651,52.33811],[4.84666,52.33812],[4.84666,52.33813],[4.84685,52.33814],[4.84685,52.33814],[4.84697,52.33814],[4.84703,52.33769],[4.84713,52.3369],[4.84709,52.33628],[4.84622,52.33413],[4.83833,52.33148],[4.83555,52.331],[4.82213,52.33082],[4.81733,52.32707],[4.81712,52.32693],[4.8164,52.32741],[4.81544,52.32789],[4.81267,52.32905],[4.81178,52.32942],[4.80772,52.33109],[4.8061,52.33176],[4.80474,52.33233],[4.8035,52.33284],[4.80349,52.33285],[4.80349,52.33285],[4.80326,52.33295],[4.80305,52.33303],[4.80285,52.33312],[4.80261,52.33322],[4.80261,52.33322],[4.8026,52.33322],[4.79979,52.33439],[4.7988,52.3348],[4.79822,52.33504],[4.79822,52.33504],[4.79777,52.33528],[4.79733,52.3356],[4.79608,52.3368],[4.795,52.33787],[4.79232,52.3405],[4.79178,52.34103],[4.79144,52.3413],[4.79123,52.34142],[4.7911,52.3415],[4.79054,52.34184],[4.79016,52.34201],[4.78815,52.34284],[4.78682,52.34338],[4.78617,52.34365],[4.78329,52.34483],[4.78146,52.34558],[4.7808,52.34585],[4.77874,52.34669],[4.77687,52.34746],[4.77517,52.34815],[4.77174,52.34956],[4.76913,52.35058],[4.76739,52.35127],[4.76494,52.35223],[4.76212,52.35334],[4.76173,52.35349],[4.75808,52.35492],[4.75733,52.3552],[4.75665,52.35552],[4.75611,52.35583],[4.75568,52.35615],[4.75531,52.35654],[4.7551,52.35683],[4.75494,52.35722],[4.75484,52.35791],[4.7549,52.35838],[4.7551,52.35903],[4.75547,52.36039],[4.75648,52.3639],[4.75663,52.36441],[4.75778,52.36852],[4.75789,52.36892],[4.75798,52.36924],[4.7583,52.37042],[4.75844,52.37096],[4.75847,52.37109],[4.75851,52.37124],[4.75858,52.37159],[4.7586,52.37222],[4.75857,52.37275],[4.75852,52.37326],[4.75838,52.37401],[4.75805,52.37506],[4.75753,52.37619],[4.75699,52.37705],[4.75647,52.37772],[4.75643,52.37776],[4.7566,52.37781],[4.75672,52.37784],[4.75726,52.37798],[4.75789,52.37844],[4.75852,52.37889],[4.75913,52.37933],[4.75912,52.37934],[4.7591,52.38003],[4.75909,52.38041],[4.75909,52.38055],[4.75908,52.38074],[4.75908,52.38076],[4.75908,52.38094],[4.75907,52.38111],[4.75907,52.38126],[4.75906,52.38129],[4.75906,52.38132],[4.75906,52.38152],[4.75906,52.38155],[4.75905,52.38167],[4.75905,52.38179],[4.75904,52.38192],[4.75904,52.382],[4.75904,52.38201],[4.75901,52.38277],[4.75901,52.38293],[4.75901,52.38295],[4.75901,52.38297],[4.759,52.38336],[4.75899,52.38342],[4.75899,52.38366],[4.75899,52.38367],[4.75898,52.38374],[4.75897,52.3839],[4.75897,52.38395],[4.75897,52.38396],[4.75896,52.38401],[4.75895,52.38412],[4.75895,52.38419],[4.75894,52.38427],[4.75894,52.38435],[4.75894,52.38442],[4.75851,52.38719],[4.7585,52.38724],[4.75838,52.3876],[4.75834,52.38771],[4.75832,52.38781],[4.7583,52.38795],[4.75827,52.38813],[4.75817,52.38867],[4.75813,52.38886],[4.75801,52.38955],[4.75802,52.38997],[4.75802,52.39007],[4.75805,52.39095],[4.75804,52.39155],[4.75803,52.39196],[4.75803,52.39214],[4.75802,52.39234],[4.75802,52.39258],[4.75802,52.39293],[4.75801,52.39321],[4.75801,52.39373],[4.75801,52.39377],[4.75801,52.39403],[4.758,52.39425],[4.75799,52.39455],[4.75795,52.39499],[4.75792,52.39542],[4.7579,52.39572],[4.75788,52.39602],[4.75787,52.3965],[4.75786,52.39659],[4.75782,52.39666],[4.75775,52.39674],[4.75767,52.3968],[4.75759,52.39685],[4.75748,52.39688],[4.75828,52.3992],[4.75936,52.39891],[4.75981,52.40021],[4.76476,52.39959],[4.76541,52.39953],[4.76741,52.39927],[4.76892,52.39901],[4.76922,52.39894],[4.77125,52.39839],[4.771,52.39821],[4.77085,52.39804],[4.77073,52.39784],[4.77069,52.39772],[4.77063,52.39737],[4.77299,52.39482],[4.775,52.39912],[4.79271,52.39914],[4.79302,52.39917],[4.79378,52.39927],[4.79489,52.39935],[4.79529,52.39934],[4.79554,52.39934],[4.7957,52.39937],[4.79595,52.39942],[4.7963,52.39952],[4.79677,52.3997],[4.79738,52.39996],[4.79792,52.40013],[4.79825,52.4002],[4.7984,52.40022],[4.79863,52.40025],[4.79891,52.40027],[4.79914,52.40028],[4.79941,52.40028],[4.79976,52.40026],[4.80017,52.4002],[4.80042,52.40015],[4.80066,52.40008],[4.80095,52.39999],[4.80114,52.39991],[4.80132,52.39982],[4.80138,52.39973],[4.80162,52.39959],[4.80188,52.39941],[4.80208,52.39924],[4.80222,52.39908],[4.80237,52.39884],[4.80244,52.3987],[4.80274,52.39801],[4.80307,52.39737],[4.8034,52.39683],[4.80357,52.39658],[4.80398,52.39603],[4.80418,52.39579],[4.80462,52.3953],[4.80488,52.39503],[4.80495,52.39498],[4.80502,52.39493],[4.80517,52.39482],[4.80529,52.39471],[4.80541,52.39457],[4.80552,52.39451],[4.80579,52.39452],[4.80587,52.39456],[4.80598,52.39444],[4.80715,52.39489],[4.80736,52.395],[4.80762,52.3951],[4.80787,52.39518],[4.80854,52.39543],[4.80877,52.39524],[4.80897,52.39533],[4.80912,52.3952],[4.80922,52.39511],[4.80931,52.395],[4.80952,52.39481],[4.80961,52.39485],[4.80965,52.3948],[4.80989,52.39458],[4.81002,52.39447],[4.81059,52.39407],[4.81083,52.39391],[4.81126,52.39366],[4.81175,52.39339],[4.8121,52.39321],[4.81245,52.39304],[4.81304,52.39279],[4.8137,52.39254],[4.81435,52.39231],[4.81464,52.39222],[4.81513,52.39209],[4.81536,52.39204],[4.81564,52.39199],[4.81617,52.39191],[4.81746,52.39189],[4.81878,52.39189],[4.83301,52.39191],[4.83365,52.39192],[4.83386,52.39194],[4.8343,52.39197],[4.83492,52.39204],[4.83544,52.39212],[4.83552,52.39219],[4.83557,52.39229],[4.83557,52.39232],[4.83557,52.39275],[4.83562,52.39301],[4.83566,52.39378],[4.83574,52.39503],[4.83579,52.39543],[4.83613,52.39543],[4.83731,52.39544],[4.83789,52.39543],[4.83885,52.39617],[4.83948,52.39598],[4.83952,52.3958],[4.84176,52.39508],[4.84145,52.39483],[4.84066,52.39421],[4.84108,52.39442],[4.84135,52.39454],[4.8419,52.39476],[4.84224,52.39488],[4.84237,52.39491],[4.84251,52.39493],[4.84294,52.39506],[4.84326,52.39514],[4.84368,52.39523],[4.84398,52.39526],[4.84431,52.3953],[4.84423,52.39494],[4.84417,52.39461],[4.84413,52.39428],[4.84411,52.39385],[4.84413,52.39329],[4.84421,52.39181],[4.84433,52.38952],[4.84436,52.3889],[4.84466,52.3889],[4.84466,52.38892],[4.84468,52.38892],[4.84468,52.38875],[4.84466,52.38876],[4.84466,52.38862],[4.84476,52.38692],[4.84473,52.38638],[4.84479,52.38514],[4.84481,52.38514],[4.84481,52.38511],[4.84457,52.3851],[4.84393,52.38509],[4.84329,52.3851],[4.83983,52.38503],[4.83925,52.38502],[4.83936,52.38459],[4.83941,52.38459],[4.83944,52.38443],[4.83941,52.38443],[4.83945,52.38404],[4.83944,52.38404],[4.83945,52.38384],[4.83944,52.38363],[4.83946,52.38363],[4.83945,52.38356],[4.83943,52.38356],[4.83939,52.38316],[4.8394,52.38316],[4.83929,52.38269],[4.8393,52.38269],[4.83913,52.3822],[4.83912,52.3822],[4.83909,52.38212],[4.83908,52.38212],[4.83903,52.38201],[4.83894,52.3818],[4.83896,52.38179],[4.83892,52.38169],[4.83894,52.38169],[4.83891,52.38162],[4.83889,52.38162],[4.83876,52.38131],[4.83878,52.3813],[4.83869,52.3811],[4.83867,52.3811],[4.83852,52.38075],[4.83854,52.38074],[4.83845,52.38054],[4.83844,52.38054],[4.83829,52.38018],[4.83831,52.38018],[4.83822,52.37997],[4.8382,52.37998],[4.8381,52.37972],[4.83811,52.37972],[4.83787,52.37913],[4.83785,52.37914],[4.83782,52.37906],[4.83781,52.37907],[4.83772,52.37886],[4.83764,52.37867],[4.83768,52.37868],[4.83765,52.3786],[4.83763,52.37854],[4.83761,52.37854],[4.83746,52.37819],[4.83746,52.37817],[4.83738,52.37799],[4.83669,52.37635],[4.83549,52.37345],[4.83547,52.37345],[4.83543,52.37336],[4.83542,52.37336],[4.83533,52.37315],[4.8406,52.37233]]]]}},{"type":"Feature","properties":{"name":"Zuid","stadsdeel":"Zuid","pop":148035},"geometry":{"type":"MultiPolygon","coordinates":[[[[4.91117,52.33931],[4.91071,52.33921],[4.91007,52.33904],[4.90942,52.33877],[4.90926,52.3387],[4.90796,52.33822],[4.90774,52.33812],[4.90748,52.33796],[4.90741,52.33791],[4.90731,52.33782],[4.90723,52.33772],[4.90719,52.33761],[4.9069,52.33641],[4.90685,52.33616],[4.90679,52.33596],[4.90675,52.33586],[4.90663,52.33565],[4.90648,52.33547],[4.90634,52.33533],[4.90617,52.33512],[4.90578,52.33472],[4.90555,52.33449],[4.90525,52.33423],[4.90477,52.33385],[4.90454,52.3337],[4.90425,52.33357],[4.90394,52.33348],[4.90355,52.33343],[4.90285,52.33338],[4.90248,52.33337],[4.90219,52.33337],[4.90115,52.33344],[4.9006,52.33342],[4.9002,52.33337],[4.89982,52.33331],[4.89963,52.33326],[4.89947,52.33321],[4.89929,52.33315],[4.89912,52.33307],[4.89898,52.33298],[4.89884,52.33288],[4.89875,52.33279],[4.89862,52.33263],[4.89852,52.33247],[4.89848,52.33227],[4.89847,52.33208],[4.89849,52.33196],[4.89887,52.33111],[4.89901,52.33071],[4.89907,52.33044],[4.89907,52.3302],[4.89902,52.32999],[4.89891,52.32977],[4.89877,52.32956],[4.89825,52.32897],[4.89783,52.32857],[4.89732,52.32802],[4.89714,52.32778],[4.897,52.32756],[4.89686,52.32727],[4.89667,52.32685],[4.89655,52.32652],[4.89644,52.3263],[4.89584,52.3252],[4.89531,52.32434],[4.89525,52.3242],[4.89522,52.32408],[4.89526,52.32383],[4.89537,52.3235],[4.89546,52.32332],[4.89575,52.32287],[4.89591,52.3227],[4.89608,52.32256],[4.89629,52.32242],[4.89544,52.32241],[4.89543,52.32241],[4.89542,52.32241],[4.89541,52.32241],[4.8954,52.32241],[4.89525,52.32241],[4.89522,52.32241],[4.89516,52.32241],[4.89514,52.32241],[4.89514,52.32241],[4.89513,52.32241],[4.89495,52.32242],[4.89492,52.32242],[4.89487,52.32242],[4.89481,52.32242],[4.89478,52.32242],[4.89474,52.32242],[4.8947,52.32242],[4.89463,52.32242],[4.89456,52.32242],[4.89451,52.32242],[4.89438,52.32241],[4.89395,52.3224],[4.89364,52.32238],[4.89344,52.32238],[4.89301,52.32237],[4.89283,52.32237],[4.89281,52.32237],[4.89263,52.32236],[4.89258,52.32236],[4.89248,52.32236],[4.88994,52.32231],[4.88424,52.3222],[4.88236,52.32217],[4.8819,52.32216],[4.88062,52.32214],[4.87811,52.32209],[4.87631,52.32206],[4.87283,52.322],[4.87271,52.322],[4.87248,52.32199],[4.86924,52.32194],[4.86924,52.32194],[4.86914,52.32193],[4.86905,52.32193],[4.86904,52.32193],[4.86635,52.32189],[4.86533,52.32187],[4.86261,52.32182],[4.86175,52.32181],[4.86106,52.3218],[4.86106,52.3218],[4.86084,52.3218],[4.86069,52.32179],[4.86061,52.32179],[4.8606,52.32179],[4.86048,52.32179],[4.86038,52.32179],[4.8603,52.32179],[4.86017,52.32178],[4.86004,52.32178],[4.85991,52.32178],[4.85979,52.32178],[4.85968,52.32178],[4.85959,52.32177],[4.85952,52.32177],[4.85935,52.32177],[4.85926,52.32177],[4.85919,52.32177],[4.85916,52.32177],[4.85916,52.32177],[4.85903,52.32176],[4.85902,52.32176],[4.85893,52.32176],[4.85882,52.32176],[4.85876,52.32176],[4.85871,52.32176],[4.8586,52.32175],[4.85859,52.32175],[4.8585,52.32175],[4.85844,52.32175],[4.85841,52.32175],[4.85834,52.32174],[4.85832,52.32174],[4.85824,52.32174],[4.85822,52.32174],[4.85804,52.32174],[4.85786,52.32173],[4.85778,52.32173],[4.85777,52.32173],[4.8577,52.32172],[4.85769,52.32171],[4.85768,52.32171],[4.85766,52.3217],[4.85765,52.32169],[4.85764,52.32167],[4.85763,52.32164],[4.85763,52.32158],[4.85761,52.32143],[4.8575,52.32143],[4.85727,52.32142],[4.85706,52.32142],[4.85706,52.32142],[4.85696,52.32142],[4.85685,52.32141],[4.85675,52.32141],[4.85675,52.32155],[4.85672,52.32156],[4.85657,52.32156],[4.85657,52.32159],[4.85657,52.32172],[4.85657,52.32177],[4.85633,52.32176],[4.85636,52.32295],[4.85644,52.3278],[4.85645,52.32803],[4.85642,52.32885],[4.85641,52.32896],[4.85637,52.32917],[4.85633,52.32932],[4.85626,52.3295],[4.8562,52.32968],[4.85613,52.32968],[4.85599,52.33008],[4.85594,52.33026],[4.85592,52.33032],[4.85592,52.33032],[4.85548,52.33033],[4.85494,52.33034],[4.854,52.33037],[4.85299,52.3304],[4.8525,52.33041],[4.85224,52.33042],[4.85206,52.33042],[4.85161,52.33044],[4.85157,52.33044],[4.85102,52.33046],[4.85065,52.33047],[4.85009,52.33049],[4.84944,52.33052],[4.84879,52.33054],[4.84843,52.33056],[4.84814,52.33057],[4.84801,52.33057],[4.84799,52.33057],[4.84796,52.33055],[4.84774,52.33026],[4.84768,52.33017],[4.84767,52.33015],[4.84765,52.33008],[4.84764,52.33008],[4.84762,52.33007],[4.84757,52.33005],[4.84755,52.33004],[4.8475,52.33004],[4.84735,52.33002],[4.84636,52.32986],[4.84557,52.32973],[4.84524,52.32968],[4.84511,52.32973],[4.84496,52.3298],[4.84495,52.3298],[4.84494,52.32981],[4.84462,52.32994],[4.8445,52.32999],[4.84396,52.33022],[4.84382,52.33019],[4.84375,52.33018],[4.84364,52.33016],[4.84352,52.33013],[4.84346,52.33012],[4.8433,52.33009],[4.84315,52.33007],[4.84268,52.32999],[4.84199,52.32986],[4.84148,52.32977],[4.84134,52.32974],[4.84105,52.32968],[4.84092,52.32966],[4.84062,52.32961],[4.84052,52.32959],[4.84048,52.32958],[4.84041,52.32955],[4.84029,52.3295],[4.83948,52.32915],[4.83948,52.32912],[4.83951,52.32891],[4.83953,52.32879],[4.83955,52.32859],[4.83959,52.32836],[4.83962,52.32811],[4.83963,52.32781],[4.83963,52.32756],[4.83941,52.32755],[4.83941,52.32736],[4.83925,52.32734],[4.83814,52.32722],[4.83718,52.32711],[4.8364,52.32702],[4.83574,52.32694],[4.8351,52.32686],[4.83467,52.32682],[4.8339,52.32673],[4.83301,52.32664],[4.83224,52.32655],[4.83145,52.32647],[4.83097,52.32643],[4.83056,52.32639],[4.83021,52.32636],[4.8293,52.32626],[4.82893,52.32622],[4.82868,52.32619],[4.82852,52.32618],[4.8284,52.32617],[4.82783,52.32611],[4.82741,52.32607],[4.82712,52.32604],[4.82685,52.32601],[4.82645,52.32597],[4.82616,52.32594],[4.82606,52.32593],[4.82601,52.32592],[4.8258,52.32587],[4.82559,52.32582],[4.82552,52.32581],[4.82518,52.32573],[4.82474,52.32572],[4.82448,52.32571],[4.82438,52.32571],[4.82425,52.32571],[4.82396,52.32571],[4.82376,52.32571],[4.823,52.32572],[4.82239,52.32573],[4.82191,52.32574],[4.82097,52.32575],[4.82028,52.32576],[4.81989,52.32576],[4.81983,52.32575],[4.81975,52.32574],[4.8197,52.32573],[4.81965,52.3257],[4.81961,52.32568],[4.81955,52.32562],[4.8195,52.32558],[4.81949,52.32557],[4.81947,52.32557],[4.81943,52.32557],[4.81928,52.32556],[4.81877,52.32556],[4.81875,52.32556],[4.81843,52.32556],[4.81814,52.32597],[4.81771,52.32644],[4.81713,52.32692],[4.81712,52.32693],[4.81733,52.32707],[4.82213,52.33082],[4.83555,52.331],[4.83833,52.33148],[4.84622,52.33413],[4.84709,52.33628],[4.84713,52.3369],[4.84703,52.33769],[4.84697,52.33814],[4.84685,52.33814],[4.84685,52.33814],[4.84666,52.33813],[4.84666,52.33812],[4.84651,52.33811],[4.84651,52.33812],[4.84647,52.33812],[4.84647,52.33811],[4.846,52.33808],[4.846,52.33807],[4.846,52.33807],[4.84599,52.33808],[4.84598,52.33807],[4.8457,52.33806],[4.84532,52.33807],[4.84498,52.33809],[4.84464,52.33813],[4.84438,52.33817],[4.84406,52.33825],[4.84373,52.33835],[4.84344,52.33846],[4.8432,52.33858],[4.84299,52.3387],[4.84276,52.33886],[4.84255,52.33905],[4.84237,52.33925],[4.84224,52.33944],[4.84213,52.33962],[4.84205,52.33981],[4.842,52.33998],[4.84193,52.34035],[4.8418,52.34106],[4.84173,52.34157],[4.84153,52.34318],[4.84152,52.3432],[4.84152,52.34327],[4.8415,52.34327],[4.84149,52.34343],[4.84151,52.34343],[4.84151,52.3435],[4.8415,52.3435],[4.8415,52.34376],[4.84152,52.3441],[4.84165,52.34515],[4.84166,52.34537],[4.84163,52.34541],[4.84163,52.34543],[4.84166,52.34549],[4.84173,52.34553],[4.84179,52.34555],[4.84194,52.34556],[4.84194,52.34598],[4.84234,52.34595],[4.84234,52.34596],[4.84283,52.34593],[4.84346,52.34591],[4.84401,52.3459],[4.84433,52.34591],[4.84469,52.34596],[4.84502,52.34605],[4.8452,52.34611],[4.84537,52.34617],[4.84565,52.34632],[4.84588,52.34648],[4.84608,52.34666],[4.84581,52.34676],[4.84572,52.34678],[4.84564,52.34678],[4.84564,52.34688],[4.84555,52.35158],[4.84554,52.3521],[4.84479,52.35209],[4.84474,52.35548],[4.84893,52.35551],[4.84889,52.35791],[4.85004,52.35792],[4.85028,52.35791],[4.85057,52.35791],[4.85217,52.35792],[4.85245,52.35791],[4.85264,52.35791],[4.85284,52.35794],[4.853,52.35799],[4.8534,52.35807],[4.85355,52.35809],[4.85362,52.35809],[4.85389,52.35802],[4.85478,52.35775],[4.85432,52.35718],[4.85412,52.35652],[4.85508,52.35641],[4.85894,52.3574],[4.8598,52.35762],[4.86182,52.35813],[4.86181,52.35815],[4.86224,52.35826],[4.86225,52.35825],[4.86317,52.35848],[4.86318,52.35847],[4.86367,52.35858],[4.86545,52.35901],[4.86548,52.35901],[4.86552,52.35886],[4.86553,52.35885],[4.8658,52.35882],[4.8659,52.35893],[4.8659,52.35912],[4.86688,52.35935],[4.86815,52.35964],[4.86864,52.35977],[4.86995,52.36012],[4.87005,52.35998],[4.87124,52.36028],[4.8713,52.3602],[4.87147,52.36025],[4.87127,52.36054],[4.87139,52.36057],[4.87154,52.36035],[4.87184,52.36035],[4.87191,52.36036],[4.87218,52.36041],[4.87245,52.36047],[4.87301,52.36064],[4.87329,52.36075],[4.87352,52.36074],[4.8736,52.36075],[4.87372,52.36078],[4.87378,52.36081],[4.87382,52.36085],[4.87385,52.36098],[4.87393,52.361],[4.87401,52.36102],[4.87407,52.36098],[4.87415,52.36096],[4.87425,52.36093],[4.87439,52.36093],[4.8746,52.36091],[4.87502,52.36078],[4.87524,52.36068],[4.87531,52.36067],[4.87539,52.36068],[4.87546,52.36071],[4.87553,52.36075],[4.8756,52.36082],[4.87582,52.36077],[4.87586,52.36071],[4.87618,52.3608],[4.87625,52.36074],[4.87649,52.3608],[4.87656,52.3607],[4.87655,52.36068],[4.87659,52.36062],[4.87662,52.36062],[4.87663,52.36058],[4.87695,52.36066],[4.87693,52.36069],[4.87703,52.36071],[4.87702,52.36074],[4.87698,52.36073],[4.87696,52.36076],[4.87691,52.36077],[4.87688,52.36077],[4.87674,52.36097],[4.87719,52.36109],[4.87735,52.36086],[4.87738,52.36087],[4.87745,52.36078],[4.87858,52.36109],[4.8806,52.36163],[4.88209,52.36205],[4.88225,52.36199],[4.88239,52.36196],[4.88251,52.36194],[4.88263,52.36193],[4.88363,52.36191],[4.88384,52.36189],[4.88404,52.36185],[4.88423,52.36179],[4.8844,52.36172],[4.88538,52.36124],[4.88629,52.36078],[4.88738,52.36023],[4.88768,52.36007],[4.88795,52.35989],[4.88817,52.3597],[4.88829,52.35958],[4.88841,52.35944],[4.88864,52.35923],[4.88893,52.35902],[4.88925,52.35883],[4.8894,52.35875],[4.8896,52.35867],[4.8898,52.35859],[4.89,52.35853],[4.89021,52.35848],[4.89043,52.35843],[4.89065,52.3584],[4.89088,52.35837],[4.89617,52.35804],[4.89803,52.35793],[4.89825,52.35795],[4.89851,52.35797],[4.89876,52.358],[4.899,52.35805],[4.89924,52.3581],[4.90167,52.35859],[4.904,52.35905],[4.90463,52.35921],[4.90489,52.35875],[4.90605,52.35617],[4.90655,52.35538],[4.90836,52.35339],[4.91024,52.35137],[4.91106,52.35003],[4.91223,52.34811],[4.9127,52.34734],[4.91316,52.34575],[4.91319,52.3456],[4.91328,52.34515],[4.91344,52.3447],[4.91385,52.34387],[4.91413,52.34353],[4.91486,52.34264],[4.91494,52.34243],[4.91498,52.34215],[4.91496,52.34186],[4.91486,52.3416],[4.91468,52.34134],[4.91437,52.34094],[4.91404,52.34058],[4.9136,52.34028],[4.91319,52.34003],[4.91262,52.33973],[4.91201,52.33951],[4.91179,52.33946],[4.91117,52.33931]]]]}},{"type":"Feature","properties":{"name":"Oost","stadsdeel":"Oost","pop":145835},"geometry":{"type":"MultiPolygon","coordinates":[[[[5.01287,52.34487],[5.01285,52.34484],[5.01238,52.34431],[5.01238,52.34431],[5.01236,52.34398],[5.01235,52.34394],[5.01235,52.34394],[5.0123,52.34384],[5.01228,52.34385],[5.01222,52.34372],[5.01222,52.34372],[5.01226,52.34371],[5.01225,52.34369],[5.01223,52.34366],[5.01221,52.34363],[5.01219,52.3436],[5.01217,52.34357],[5.01215,52.34354],[5.01213,52.34351],[5.0121,52.34348],[5.01208,52.34345],[5.01205,52.34342],[5.01203,52.34339],[5.012,52.34336],[5.01197,52.34334],[5.01194,52.34331],[5.01191,52.34328],[5.01188,52.34325],[5.01185,52.34323],[5.0118,52.34319],[5.01175,52.34315],[5.0117,52.34311],[5.01165,52.34308],[5.0116,52.34304],[5.01155,52.343],[5.0115,52.34297],[5.01145,52.34293],[5.0114,52.3429],[5.01134,52.34286],[5.01129,52.34283],[5.01123,52.3428],[5.01117,52.34276],[5.01112,52.34273],[5.01106,52.3427],[5.011,52.34267],[5.01094,52.34263],[5.01088,52.3426],[5.01081,52.34257],[5.01074,52.34253],[5.01067,52.34249],[5.01059,52.34245],[5.01052,52.34242],[5.01044,52.34238],[5.01037,52.34235],[5.01029,52.34231],[5.01021,52.34228],[5.01014,52.34225],[5.01006,52.34221],[5.00998,52.34218],[5.0099,52.34215],[5.00982,52.34212],[5.00978,52.3421],[5.00974,52.34208],[5.0097,52.34207],[5.00966,52.34205],[5.00961,52.34203],[5.00957,52.34202],[5.00953,52.342],[5.00948,52.34199],[5.00944,52.34198],[5.00939,52.34196],[5.00935,52.34195],[5.0093,52.34194],[5.00926,52.34193],[5.00921,52.34192],[5.00916,52.34191],[5.00912,52.3419],[5.00907,52.34189],[5.00902,52.34188],[5.00897,52.34188],[5.00893,52.34187],[5.00889,52.34186],[5.00885,52.34186],[5.00882,52.34185],[5.00877,52.34185],[5.00873,52.34184],[5.00869,52.34184],[5.00865,52.34184],[5.00861,52.34184],[5.00857,52.34184],[5.00853,52.34183],[5.00849,52.34184],[5.00845,52.34184],[5.00841,52.34184],[5.00837,52.34184],[5.00833,52.34184],[5.00829,52.34185],[5.00825,52.34185],[5.00821,52.34186],[5.00817,52.34186],[5.00813,52.34187],[5.00809,52.34188],[5.00805,52.34188],[5.00802,52.34189],[5.00798,52.3419],[5.00794,52.34191],[5.0079,52.34192],[5.00787,52.34193],[5.00779,52.34195],[5.00772,52.34197],[5.00764,52.34199],[5.00757,52.34201],[5.00749,52.34202],[5.00742,52.34204],[5.00734,52.34206],[5.00727,52.34207],[5.00719,52.34209],[5.00711,52.3421],[5.00704,52.34211],[5.00696,52.34213],[5.00682,52.34216],[5.00668,52.34219],[5.00654,52.34222],[5.0064,52.34225],[5.00626,52.34228],[5.00612,52.34231],[5.00599,52.34235],[5.00585,52.34238],[5.00571,52.34242],[5.00563,52.34243],[5.00555,52.34245],[5.00547,52.34246],[5.0054,52.34247],[5.00532,52.34249],[5.00524,52.3425],[5.00516,52.34251],[5.00507,52.34252],[5.00499,52.34253],[5.00491,52.34254],[5.00483,52.34255],[5.00478,52.34256],[5.00472,52.34256],[5.00467,52.34257],[5.00461,52.34257],[5.00455,52.34257],[5.0045,52.34258],[5.00444,52.34258],[5.00439,52.34258],[5.00433,52.34258],[5.00427,52.34258],[5.00422,52.34258],[5.00416,52.34258],[5.00411,52.34257],[5.00405,52.34257],[5.00399,52.34257],[5.00394,52.34256],[5.00388,52.34256],[5.00383,52.34255],[5.00377,52.34255],[5.0026,52.34247],[5.0025,52.34246],[5.00241,52.34245],[5.00231,52.34244],[5.00221,52.34243],[5.00212,52.34242],[5.00202,52.34241],[5.00193,52.3424],[5.00183,52.34239],[5.00174,52.34238],[5.00164,52.34236],[5.00155,52.34235],[5.00145,52.34234],[5.00136,52.34232],[5.00127,52.3423],[5.00117,52.34229],[5.00108,52.34227],[5.00099,52.34225],[5.00093,52.34224],[5.00088,52.34224],[5.00082,52.34222],[5.00077,52.34221],[5.00072,52.3422],[5.00067,52.34219],[5.00061,52.34218],[5.00056,52.34217],[5.00051,52.34215],[5.00046,52.34214],[5.00041,52.34212],[5.00036,52.34211],[5.00031,52.34209],[5.00026,52.34208],[5.00021,52.34206],[5.00016,52.34204],[5.00012,52.34202],[5.00007,52.342],[5.00003,52.34199],[4.99999,52.34197],[4.99995,52.34195],[4.99991,52.34193],[4.99987,52.34191],[4.99983,52.3419],[4.99979,52.34188],[4.99976,52.34186],[4.99972,52.34183],[4.99968,52.34181],[4.99965,52.34179],[4.99962,52.34177],[4.99958,52.34175],[4.99955,52.34172],[4.99932,52.34154],[4.99906,52.34168],[4.99827,52.34205],[4.99805,52.34216],[4.99783,52.34228],[4.99727,52.34258],[4.99682,52.34282],[4.99633,52.34308],[4.99578,52.34337],[4.99532,52.34362],[4.99495,52.34382],[4.99467,52.34397],[4.99432,52.34416],[4.99413,52.34426],[4.99402,52.34431],[4.99393,52.34435],[4.99387,52.34437],[4.99382,52.34439],[4.99375,52.34441],[4.99373,52.34442],[4.99324,52.34469],[4.99278,52.34493],[4.99162,52.34555],[4.99079,52.346],[4.98998,52.34643],[4.98889,52.347],[4.98784,52.34756],[4.98634,52.34836],[4.98452,52.34933],[4.98273,52.35028],[4.98204,52.35065],[4.98046,52.35149],[4.97974,52.35188],[4.97935,52.35208],[4.97788,52.35287],[4.97707,52.3533],[4.97602,52.35385],[4.97553,52.35412],[4.9748,52.35451],[4.97449,52.35467],[4.97415,52.35482],[4.97387,52.35495],[4.97346,52.35511],[4.97318,52.35522],[4.97279,52.35535],[4.97248,52.35546],[4.97218,52.35555],[4.97179,52.35565],[4.9715,52.35572],[4.9711,52.35582],[4.97068,52.3559],[4.97039,52.35596],[4.97042,52.35601],[4.97033,52.35603],[4.97022,52.35605],[4.97019,52.35599],[4.96959,52.3561],[4.9694,52.35571],[4.96937,52.35563],[4.96933,52.35564],[4.96931,52.35561],[4.9695,52.35558],[4.96952,52.3555],[4.9694,52.35542],[4.96932,52.35538],[4.96922,52.35533],[4.96912,52.35528],[4.96894,52.35519],[4.96887,52.35515],[4.96874,52.35509],[4.96854,52.35502],[4.96831,52.35493],[4.96821,52.3549],[4.96808,52.35486],[4.96792,52.35481],[4.96773,52.35473],[4.96761,52.35469],[4.96744,52.35463],[4.96742,52.35462],[4.96722,52.35454],[4.96703,52.35447],[4.96685,52.35439],[4.96672,52.35435],[4.96661,52.35431],[4.96652,52.35428],[4.96643,52.35425],[4.96636,52.35424],[4.96628,52.35421],[4.96625,52.35419],[4.96624,52.35416],[4.96616,52.35426],[4.96606,52.35439],[4.96586,52.35465],[4.96582,52.3547],[4.96496,52.35328],[4.96394,52.35206],[4.96254,52.35037],[4.96192,52.34956],[4.96137,52.34885],[4.96123,52.34872],[4.96117,52.34866],[4.96116,52.34865],[4.96063,52.34813],[4.96054,52.34804],[4.96043,52.34794],[4.96032,52.34783],[4.96031,52.34782],[4.95993,52.34745],[4.95992,52.34742],[4.95988,52.34722],[4.95976,52.34703],[4.9597,52.34693],[4.95807,52.34533],[4.95742,52.34473],[4.9571,52.34444],[4.957,52.34435],[4.95656,52.34388],[4.95627,52.34359],[4.95502,52.34233],[4.955,52.34231],[4.95496,52.34227],[4.95411,52.34135],[4.95384,52.34106],[4.95305,52.34037],[4.953,52.34034],[4.95273,52.34016],[4.95264,52.3401],[4.9525,52.34001],[4.95238,52.33993],[4.95189,52.33967],[4.95057,52.33907],[4.95045,52.33902],[4.94978,52.33876],[4.9497,52.33873],[4.94986,52.33853],[4.94958,52.33844],[4.94953,52.33841],[4.94955,52.33838],[4.94935,52.33833],[4.94908,52.33825],[4.94906,52.33824],[4.94867,52.33813],[4.94864,52.33813],[4.94861,52.33812],[4.94857,52.33811],[4.94834,52.33803],[4.94791,52.33792],[4.94738,52.33779],[4.9471,52.33772],[4.94703,52.3377],[4.94688,52.33769],[4.94683,52.33767],[4.94677,52.33766],[4.94675,52.33765],[4.94656,52.33759],[4.94648,52.33757],[4.94641,52.33755],[4.94631,52.33752],[4.94627,52.33751],[4.94623,52.3375],[4.94615,52.33747],[4.94611,52.33746],[4.94605,52.33744],[4.94595,52.33741],[4.94587,52.33739],[4.94578,52.33736],[4.94553,52.33729],[4.94548,52.33728],[4.94526,52.33721],[4.94525,52.33721],[4.94515,52.33718],[4.94504,52.33715],[4.94503,52.33715],[4.94498,52.33713],[4.94491,52.33711],[4.94484,52.33709],[4.94481,52.33708],[4.94477,52.33706],[4.94462,52.33702],[4.94459,52.33701],[4.94423,52.33689],[4.94421,52.33689],[4.94399,52.33682],[4.94395,52.3368],[4.94393,52.33679],[4.94392,52.33679],[4.94375,52.33674],[4.9438,52.33671],[4.94351,52.33667],[4.94349,52.33667],[4.94313,52.33659],[4.94301,52.33657],[4.9426,52.33652],[4.94223,52.33647],[4.94172,52.33641],[4.94171,52.33617],[4.94172,52.33604],[4.94171,52.33601],[4.94171,52.33572],[4.94171,52.3357],[4.94171,52.33553],[4.94158,52.33554],[4.94154,52.33554],[4.94037,52.3356],[4.93996,52.33562],[4.93981,52.33561],[4.93968,52.33561],[4.93953,52.33559],[4.9394,52.33557],[4.93903,52.33547],[4.93882,52.3354],[4.9385,52.33531],[4.93833,52.33529],[4.93815,52.33524],[4.93806,52.33518],[4.93797,52.33513],[4.93793,52.33511],[4.93791,52.33509],[4.93783,52.33506],[4.9377,52.335],[4.93734,52.33487],[4.93676,52.33467],[4.93651,52.33459],[4.9364,52.33471],[4.93602,52.3351],[4.93597,52.33516],[4.93591,52.33522],[4.93562,52.33551],[4.93422,52.3355],[4.93269,52.33578],[4.9308,52.33613],[4.92883,52.33649],[4.92849,52.33655],[4.92842,52.33653],[4.92677,52.33597],[4.92694,52.33578],[4.92638,52.33558],[4.926,52.33545],[4.92589,52.33541],[4.92577,52.33537],[4.92571,52.33537],[4.92564,52.33538],[4.92561,52.33538],[4.92549,52.33538],[4.92535,52.33538],[4.92527,52.33538],[4.92522,52.33538],[4.92495,52.33538],[4.9248,52.33539],[4.92457,52.3354],[4.92452,52.33541],[4.92448,52.33541],[4.92414,52.33542],[4.92389,52.33544],[4.92377,52.33544],[4.92377,52.33527],[4.92375,52.33496],[4.92373,52.33481],[4.92368,52.33463],[4.92363,52.33451],[4.92359,52.33441],[4.92351,52.33426],[4.92341,52.33409],[4.92329,52.33394],[4.92316,52.33379],[4.92311,52.33374],[4.92308,52.33371],[4.92305,52.33368],[4.92304,52.33367],[4.92301,52.33364],[4.92298,52.33362],[4.92288,52.33353],[4.92279,52.33346],[4.92261,52.33333],[4.92244,52.33322],[4.92255,52.33308],[4.92167,52.33276],[4.92037,52.33236],[4.91996,52.33226],[4.91959,52.33217],[4.91924,52.33206],[4.91867,52.33189],[4.91809,52.33172],[4.91751,52.33154],[4.91748,52.33154],[4.9169,52.33136],[4.91516,52.33091],[4.91457,52.33076],[4.91418,52.33068],[4.91381,52.33062],[4.91355,52.33058],[4.91354,52.33058],[4.91351,52.33057],[4.91347,52.33057],[4.9134,52.33056],[4.91338,52.33056],[4.91329,52.33055],[4.91326,52.33055],[4.91326,52.33055],[4.91313,52.33053],[4.91313,52.33053],[4.91301,52.33052],[4.91297,52.33051],[4.91293,52.33051],[4.91298,52.33019],[4.91312,52.32935],[4.91324,52.32857],[4.91327,52.3284],[4.91327,52.32839],[4.91332,52.32806],[4.91353,52.32674],[4.9136,52.32628],[4.9136,52.32626],[4.91362,52.32615],[4.91362,52.32614],[4.91363,52.3261],[4.91364,52.32599],[4.91369,52.32573],[4.91388,52.32455],[4.91339,52.32447],[4.9128,52.32437],[4.91255,52.32433],[4.91212,52.32426],[4.91159,52.32421],[4.91129,52.32416],[4.9111,52.3241],[4.91095,52.32401],[4.91049,52.32368],[4.91043,52.32364],[4.91033,52.32357],[4.91051,52.32347],[4.91078,52.32331],[4.91123,52.32301],[4.91135,52.3229],[4.91134,52.32288],[4.91134,52.32288],[4.91132,52.32283],[4.91112,52.3225],[4.91096,52.32226],[4.91083,52.32207],[4.91076,52.32198],[4.91073,52.32191],[4.91077,52.32189],[4.9108,52.32188],[4.91081,52.32188],[4.91123,52.32173],[4.9116,52.32159],[4.91232,52.32131],[4.91249,52.32125],[4.91254,52.32122],[4.91254,52.32117],[4.91256,52.32114],[4.91256,52.32113],[4.91261,52.3211],[4.9127,52.32106],[4.91298,52.32095],[4.91309,52.3209],[4.91357,52.3207],[4.91359,52.32069],[4.9141,52.32048],[4.91428,52.32041],[4.91427,52.32039],[4.91354,52.31955],[4.91348,52.31947],[4.91333,52.31929],[4.913,52.31894],[4.91273,52.31864],[4.91261,52.3185],[4.9125,52.31839],[4.91238,52.31825],[4.91225,52.31825],[4.91218,52.31825],[4.91187,52.31826],[4.91153,52.31826],[4.91121,52.31827],[4.91111,52.31827],[4.91089,52.31827],[4.91075,52.31828],[4.91065,52.31828],[4.91056,52.31827],[4.91043,52.31827],[4.91021,52.31827],[4.91021,52.31827],[4.91019,52.31827],[4.91012,52.31826],[4.91011,52.31826],[4.90981,52.31826],[4.90914,52.31825],[4.90905,52.31883],[4.90784,52.3195],[4.90552,52.32014],[4.9047,52.32039],[4.9041,52.32064],[4.90409,52.32064],[4.90336,52.32097],[4.90297,52.32115],[4.90253,52.32132],[4.90209,52.32145],[4.9016,52.32153],[4.90092,52.32157],[4.9002,52.32155],[4.90006,52.32155],[4.89935,52.32155],[4.89828,52.32164],[4.89715,52.3219],[4.89641,52.32232],[4.89629,52.32242],[4.89608,52.32256],[4.89591,52.3227],[4.89575,52.32287],[4.89546,52.32332],[4.89537,52.3235],[4.89526,52.32383],[4.89522,52.32408],[4.89525,52.3242],[4.89531,52.32434],[4.89584,52.3252],[4.89644,52.3263],[4.89655,52.32652],[4.89667,52.32685],[4.89686,52.32727],[4.897,52.32756],[4.89714,52.32778],[4.89732,52.32802],[4.89783,52.32857],[4.89825,52.32897],[4.89877,52.32956],[4.89891,52.32977],[4.89902,52.32999],[4.89907,52.3302],[4.89907,52.33044],[4.89901,52.33071],[4.89887,52.33111],[4.89849,52.33196],[4.89847,52.33208],[4.89848,52.33227],[4.89852,52.33247],[4.89862,52.33263],[4.89875,52.33279],[4.89884,52.33288],[4.89898,52.33298],[4.89912,52.33307],[4.89929,52.33315],[4.89947,52.33321],[4.89963,52.33326],[4.89982,52.33331],[4.9002,52.33337],[4.9006,52.33342],[4.90115,52.33344],[4.90219,52.33337],[4.90248,52.33337],[4.90285,52.33338],[4.90355,52.33343],[4.90394,52.33348],[4.90425,52.33357],[4.90454,52.3337],[4.90477,52.33385],[4.90525,52.33423],[4.90555,52.33449],[4.90578,52.33472],[4.90617,52.33512],[4.90634,52.33533],[4.90648,52.33547],[4.90663,52.33565],[4.90675,52.33586],[4.90679,52.33596],[4.90685,52.33616],[4.9069,52.33641],[4.90719,52.33761],[4.90723,52.33772],[4.90731,52.33782],[4.90741,52.33791],[4.90748,52.33796],[4.90774,52.33812],[4.90796,52.33822],[4.90926,52.3387],[4.90942,52.33877],[4.91007,52.33904],[4.91071,52.33921],[4.91117,52.33931],[4.91179,52.33946],[4.91201,52.33951],[4.91262,52.33973],[4.91319,52.34003],[4.9136,52.34028],[4.91404,52.34058],[4.91437,52.34094],[4.91468,52.34134],[4.91486,52.3416],[4.91496,52.34186],[4.91498,52.34215],[4.91494,52.34243],[4.91486,52.34264],[4.91413,52.34353],[4.91385,52.34387],[4.91344,52.3447],[4.91328,52.34515],[4.91319,52.3456],[4.91316,52.34575],[4.9127,52.34734],[4.91223,52.34811],[4.91106,52.35003],[4.91024,52.35137],[4.90836,52.35339],[4.90655,52.35538],[4.90605,52.35617],[4.90489,52.35875],[4.90463,52.35921],[4.90516,52.35935],[4.90597,52.3595],[4.90617,52.35955],[4.9065,52.35966],[4.90664,52.35972],[4.90692,52.35988],[4.9071,52.36],[4.90737,52.36022],[4.9075,52.3603],[4.90764,52.36037],[4.90778,52.36043],[4.90797,52.3605],[4.90832,52.36059],[4.90856,52.36064],[4.90881,52.36066],[4.90903,52.36065],[4.90935,52.3606],[4.90964,52.36058],[4.90996,52.36059],[4.91025,52.36062],[4.91056,52.36069],[4.91083,52.36079],[4.91108,52.36093],[4.9112,52.361],[4.91129,52.36107],[4.91137,52.36112],[4.91149,52.36118],[4.91162,52.36122],[4.91178,52.36125],[4.91285,52.36136],[4.91403,52.36149],[4.91507,52.36178],[4.91578,52.36198],[4.916,52.36203],[4.91624,52.36207],[4.91641,52.36209],[4.91749,52.36213],[4.91781,52.36214],[4.91813,52.36219],[4.91842,52.36227],[4.9187,52.36237],[4.91887,52.36245],[4.91903,52.36255],[4.91972,52.36313],[4.91987,52.36322],[4.92004,52.36329],[4.92021,52.36333],[4.92038,52.36337],[4.9211,52.36343],[4.92148,52.36348],[4.92176,52.36352],[4.92191,52.36356],[4.92206,52.36362],[4.9222,52.36368],[4.92231,52.36376],[4.92477,52.36525],[4.9256,52.36566],[4.9266,52.36627],[4.92672,52.36633],[4.92685,52.36638],[4.92698,52.36642],[4.92713,52.36646],[4.92732,52.36649],[4.92751,52.3665],[4.93158,52.36657],[4.93198,52.36723],[4.93218,52.36757],[4.93212,52.3676],[4.9321,52.36763],[4.93211,52.36766],[4.93209,52.36767],[4.93259,52.3685],[4.93269,52.3687],[4.93282,52.36907],[4.93289,52.3694],[4.93295,52.3699],[4.93291,52.37005],[4.9329,52.37036],[4.93296,52.3704],[4.93297,52.37041],[4.93294,52.37055],[4.93291,52.37067],[4.9329,52.37066],[4.93289,52.37068],[4.93284,52.37068],[4.93281,52.37069],[4.93277,52.37073],[4.93276,52.3709],[4.93262,52.37128],[4.9325,52.3715],[4.93232,52.3717],[4.93232,52.37173],[4.93233,52.37175],[4.93239,52.37178],[4.93225,52.37196],[4.93217,52.37196],[4.9321,52.37198],[4.93197,52.37215],[4.93174,52.37235],[4.93143,52.37259],[4.93117,52.37275],[4.93088,52.37292],[4.93055,52.37308],[4.93019,52.37322],[4.92985,52.37334],[4.9294,52.37347],[4.92855,52.37368],[4.9279,52.37385],[4.92769,52.37391],[4.92493,52.3748],[4.92425,52.37502],[4.92404,52.37508],[4.92351,52.37521],[4.92303,52.3753],[4.92154,52.37553],[4.92156,52.37558],[4.92141,52.3756],[4.92129,52.37562],[4.92127,52.37561],[4.92126,52.37561],[4.92124,52.37557],[4.9205,52.37569],[4.91451,52.37666],[4.91411,52.37671],[4.91355,52.37677],[4.9133,52.37678],[4.91272,52.3768],[4.9124,52.37679],[4.91212,52.37677],[4.91209,52.37678],[4.91208,52.3768],[4.91198,52.3768],[4.9119,52.3771],[4.91203,52.37711],[4.91208,52.37718],[4.91198,52.37758],[4.91115,52.37764],[4.91059,52.37991],[4.911,52.37993],[4.9175,52.38055],[4.91985,52.38081],[4.92245,52.3811],[4.93108,52.38214],[4.93735,52.38241],[4.93983,52.38251],[4.94318,52.38251],[4.94958,52.3825],[4.95242,52.38257],[4.95425,52.38262],[4.95671,52.38265],[4.95841,52.38247],[4.95965,52.38209],[4.96061,52.38166],[4.96157,52.38122],[4.96372,52.37977],[4.96661,52.37823],[4.97032,52.37626],[4.97408,52.37426],[4.97736,52.37251],[4.97974,52.37133],[4.98212,52.37039],[4.98419,52.36973],[4.98654,52.36912],[4.98904,52.36867],[4.9914,52.36838],[4.99387,52.36824],[4.99645,52.36823],[4.99874,52.36836],[5.00126,52.36859],[5.01444,52.36982],[5.03768,52.3754],[5.03795,52.37131],[5.03842,52.36362],[5.03845,52.36318],[5.03852,52.36212],[5.03876,52.35873],[5.03897,52.35584],[5.03906,52.35458],[5.03087,52.35237],[5.02022,52.34949],[5.01764,52.34879],[5.0159,52.34832],[5.01489,52.34717],[5.01484,52.34712],[5.01475,52.34701],[5.01287,52.34487]]]]}},{"type":"Feature","properties":{"name":"Weesp","stadsdeel":"Weesp","pop":23770},"geometry":{"type":"MultiPolygon","coordinates":[[[[5.09596,52.30513],[5.09592,52.30495],[5.0959,52.30483],[5.0959,52.30471],[5.09589,52.30468],[5.09589,52.30461],[5.09587,52.30448],[5.09586,52.3044],[5.09585,52.30427],[5.09582,52.30419],[5.0958,52.30405],[5.09577,52.30376],[5.09579,52.30375],[5.09582,52.30374],[5.09583,52.30371],[5.09583,52.30368],[5.09583,52.30364],[5.09581,52.30358],[5.09583,52.30353],[5.09585,52.30347],[5.0959,52.30336],[5.09592,52.30327],[5.09596,52.30313],[5.09602,52.30296],[5.09603,52.30292],[5.09605,52.30289],[5.09608,52.30279],[5.09612,52.30264],[5.09617,52.30246],[5.0962,52.30237],[5.09622,52.30226],[5.09625,52.30216],[5.09628,52.30206],[5.09632,52.30199],[5.09633,52.30194],[5.09634,52.30183],[5.09636,52.30178],[5.09639,52.30166],[5.09644,52.30152],[5.09646,52.30143],[5.09649,52.30137],[5.09653,52.30128],[5.09655,52.30121],[5.09659,52.3011],[5.09661,52.30101],[5.09664,52.30087],[5.09668,52.30073],[5.09672,52.30065],[5.09675,52.30053],[5.09677,52.30046],[5.09679,52.30044],[5.09684,52.30039],[5.09689,52.30031],[5.09696,52.30023],[5.09703,52.30015],[5.09712,52.30004],[5.09719,52.29995],[5.09724,52.29991],[5.0973,52.29986],[5.09736,52.29982],[5.0975,52.29968],[5.09757,52.29963],[5.09767,52.29952],[5.09781,52.29938],[5.09784,52.29935],[5.09786,52.29934],[5.09799,52.29927],[5.0981,52.29921],[5.09823,52.29913],[5.09852,52.29895],[5.09861,52.29889],[5.09872,52.29882],[5.09882,52.29877],[5.09891,52.29872],[5.09894,52.2987],[5.09901,52.29867],[5.09905,52.29866],[5.09909,52.29866],[5.09911,52.29865],[5.09917,52.29863],[5.09921,52.29861],[5.0993,52.29858],[5.09937,52.29856],[5.09953,52.29851],[5.09967,52.29846],[5.0999,52.29839],[5.09997,52.29836],[5.09999,52.29835],[5.09999,52.29833],[5.1,52.29832],[5.10005,52.2983],[5.10013,52.29827],[5.10025,52.29823],[5.1003,52.29821],[5.10038,52.29819],[5.1006,52.29812],[5.10088,52.29804],[5.10112,52.29797],[5.1013,52.29792],[5.10148,52.29788],[5.10161,52.29786],[5.10173,52.29783],[5.10184,52.29782],[5.10191,52.29781],[5.10197,52.2978],[5.1021,52.29783],[5.10226,52.29787],[5.10248,52.29792],[5.10276,52.29798],[5.1029,52.29802],[5.10304,52.29805],[5.10319,52.29809],[5.10328,52.2981],[5.10337,52.29812],[5.10364,52.29816],[5.10375,52.29818],[5.10385,52.29819],[5.10395,52.29821],[5.1041,52.29824],[5.10429,52.29827],[5.10439,52.29828],[5.10454,52.29831],[5.10465,52.29832],[5.10478,52.29834],[5.1049,52.29836],[5.10496,52.29838],[5.10507,52.2984],[5.10515,52.29841],[5.10526,52.29843],[5.10527,52.29843],[5.1053,52.29843],[5.10534,52.29842],[5.10542,52.29841],[5.10551,52.29839],[5.10568,52.29836],[5.10604,52.29832],[5.10607,52.29834],[5.1061,52.29834],[5.10617,52.29834],[5.10622,52.29834],[5.10626,52.29834],[5.10627,52.29834],[5.10631,52.29833],[5.10641,52.29829],[5.1065,52.29827],[5.10658,52.29823],[5.10666,52.2982],[5.10673,52.29816],[5.10682,52.29813],[5.1069,52.29808],[5.10699,52.29804],[5.10705,52.298],[5.1071,52.29796],[5.10719,52.2979],[5.10725,52.29786],[5.10731,52.29781],[5.10735,52.29777],[5.10738,52.29774],[5.10741,52.2977],[5.10745,52.29764],[5.10749,52.29758],[5.10761,52.29739],[5.10767,52.29729],[5.10768,52.29727],[5.10769,52.29725],[5.10769,52.29723],[5.10769,52.29719],[5.10769,52.29715],[5.10769,52.29711],[5.10768,52.29704],[5.10766,52.29698],[5.10765,52.29692],[5.10762,52.29683],[5.10757,52.29671],[5.10756,52.29668],[5.1075,52.29653],[5.10744,52.29637],[5.10742,52.29633],[5.1074,52.2963],[5.10738,52.29629],[5.10732,52.29628],[5.10728,52.29617],[5.10722,52.29603],[5.10722,52.29602],[5.10722,52.29601],[5.10721,52.296],[5.1072,52.29599],[5.1072,52.29599],[5.10719,52.29597],[5.10716,52.29595],[5.10712,52.2959],[5.10707,52.29586],[5.10696,52.29574],[5.10671,52.29546],[5.10668,52.29543],[5.10656,52.29531],[5.10642,52.29516],[5.10643,52.29515],[5.10645,52.29513],[5.10646,52.29511],[5.10645,52.29509],[5.10639,52.29502],[5.10626,52.29488],[5.10612,52.29472],[5.10609,52.29469],[5.10607,52.29467],[5.10603,52.29466],[5.10591,52.29465],[5.10566,52.29464],[5.10534,52.29462],[5.10501,52.29461],[5.10466,52.29459],[5.1044,52.29458],[5.10401,52.29456],[5.10373,52.29455],[5.10369,52.29455],[5.1036,52.29454],[5.10349,52.29453],[5.1034,52.29453],[5.10322,52.29452],[5.10306,52.2945],[5.10298,52.29449],[5.10292,52.29447],[5.10285,52.29443],[5.10278,52.2944],[5.10272,52.29437],[5.1027,52.29436],[5.10261,52.29431],[5.10244,52.29423],[5.10234,52.29418],[5.10226,52.29414],[5.10221,52.29412],[5.10216,52.29409],[5.10201,52.29403],[5.10179,52.29393],[5.10143,52.29376],[5.10117,52.29365],[5.1009,52.29353],[5.10072,52.29345],[5.10061,52.2934],[5.10025,52.29323],[5.09982,52.29302],[5.09947,52.29286],[5.09935,52.2928],[5.09938,52.29279],[5.09941,52.29277],[5.09944,52.29275],[5.09946,52.29274],[5.09948,52.29273],[5.09948,52.29272],[5.09948,52.29272],[5.09948,52.29272],[5.09948,52.29271],[5.09948,52.29271],[5.09947,52.2927],[5.09934,52.29262],[5.09926,52.29258],[5.0992,52.29254],[5.09907,52.29245],[5.09895,52.29236],[5.09874,52.29219],[5.09874,52.29217],[5.0987,52.29211],[5.09865,52.29203],[5.09859,52.29192],[5.09854,52.29182],[5.09849,52.29169],[5.09847,52.29164],[5.09844,52.29147],[5.09843,52.29141],[5.09843,52.29134],[5.09844,52.29123],[5.09846,52.29113],[5.09852,52.29094],[5.09857,52.29083],[5.0986,52.29076],[5.09862,52.29072],[5.09865,52.29067],[5.09866,52.29064],[5.09872,52.29057],[5.09884,52.29063],[5.09958,52.29009],[5.09962,52.29006],[5.09965,52.29003],[5.09968,52.29001],[5.09969,52.29],[5.09975,52.28993],[5.09981,52.28987],[5.09991,52.28977],[5.1,52.28967],[5.10008,52.28957],[5.10024,52.28939],[5.10034,52.28928],[5.10046,52.28917],[5.10051,52.28912],[5.10058,52.28905],[5.10065,52.28899],[5.10083,52.28886],[5.10101,52.28872],[5.10117,52.28861],[5.10125,52.28854],[5.10132,52.28849],[5.10135,52.28846],[5.10138,52.28843],[5.1014,52.2884],[5.10142,52.28838],[5.10143,52.28837],[5.10147,52.28833],[5.10149,52.2883],[5.10152,52.28825],[5.10158,52.28819],[5.10159,52.28818],[5.10161,52.28817],[5.10163,52.28816],[5.10165,52.28815],[5.10171,52.28812],[5.10176,52.28808],[5.10165,52.28803],[5.10173,52.28796],[5.10174,52.28795],[5.10179,52.28789],[5.10205,52.28766],[5.10234,52.28741],[5.10269,52.2871],[5.10297,52.28686],[5.10321,52.28665],[5.10334,52.28656],[5.10353,52.28641],[5.10389,52.28614],[5.1041,52.28599],[5.10438,52.28579],[5.10455,52.28567],[5.10455,52.28567],[5.10461,52.28563],[5.10465,52.28561],[5.10467,52.28559],[5.10468,52.28558],[5.1047,52.28556],[5.10464,52.28552],[5.10465,52.28544],[5.10465,52.28543],[5.10465,52.28538],[5.10464,52.28533],[5.10464,52.28528],[5.10463,52.28516],[5.10464,52.28509],[5.10466,52.285],[5.10467,52.28495],[5.10469,52.28493],[5.10473,52.28488],[5.10482,52.28471],[5.10484,52.28467],[5.10484,52.28464],[5.10483,52.28454],[5.1048,52.2844],[5.10481,52.28432],[5.10479,52.28429],[5.10479,52.28423],[5.10478,52.28421],[5.10475,52.28417],[5.10469,52.2841],[5.10466,52.28407],[5.10456,52.28401],[5.10447,52.28396],[5.10438,52.28391],[5.10432,52.28387],[5.10428,52.28384],[5.10426,52.28381],[5.10426,52.28379],[5.10426,52.28374],[5.1043,52.28343],[5.10431,52.28332],[5.1043,52.28325],[5.10428,52.28321],[5.10426,52.28318],[5.10422,52.28315],[5.10417,52.28312],[5.10411,52.28308],[5.10408,52.28306],[5.10396,52.28298],[5.10386,52.28291],[5.10349,52.28273],[5.10342,52.28267],[5.10323,52.28255],[5.10308,52.28249],[5.1029,52.28242],[5.10282,52.28238],[5.1028,52.28237],[5.10277,52.28234],[5.10276,52.28232],[5.10276,52.2823],[5.10278,52.2822],[5.1028,52.28212],[5.10279,52.28211],[5.10278,52.28209],[5.10276,52.28209],[5.10273,52.28209],[5.10267,52.28208],[5.10259,52.28205],[5.10257,52.28204],[5.10241,52.28193],[5.10232,52.28186],[5.10222,52.28179],[5.10209,52.28171],[5.10209,52.2817],[5.10201,52.28165],[5.10205,52.28162],[5.10208,52.28158],[5.10211,52.28153],[5.10213,52.2815],[5.10216,52.28143],[5.10217,52.28136],[5.10218,52.28129],[5.10218,52.28123],[5.10218,52.28116],[5.10218,52.28109],[5.10218,52.28099],[5.10218,52.2809],[5.10218,52.28084],[5.10218,52.28075],[5.10218,52.28071],[5.10217,52.28067],[5.10216,52.28059],[5.10215,52.2805],[5.10213,52.28033],[5.10209,52.28009],[5.10207,52.27989],[5.10207,52.27989],[5.10197,52.2799],[5.10197,52.2799],[5.10185,52.27992],[5.10185,52.27992],[5.10182,52.27992],[5.10162,52.27994],[5.10157,52.27995],[5.10156,52.27995],[5.10154,52.27996],[5.10146,52.27996],[5.10136,52.27998],[5.10134,52.27998],[5.10132,52.27998],[5.10133,52.27998],[5.10134,52.27997],[5.10128,52.27998],[5.10121,52.27999],[5.10113,52.28],[5.10106,52.28001],[5.10096,52.28002],[5.10079,52.28004],[5.10074,52.28005],[5.10065,52.28006],[5.10055,52.28007],[5.10045,52.28008],[5.10033,52.2801],[5.10023,52.28011],[5.10011,52.28012],[5.10006,52.28013],[5.09997,52.28014],[5.0999,52.28015],[5.09977,52.28017],[5.09965,52.28018],[5.09946,52.28021],[5.09936,52.28022],[5.09913,52.28025],[5.09905,52.28025],[5.09895,52.28026],[5.09889,52.28026],[5.09873,52.28029],[5.09861,52.2803],[5.09844,52.28032],[5.09829,52.28034],[5.09813,52.28037],[5.09795,52.28039],[5.09776,52.28041],[5.09758,52.28043],[5.0975,52.28044],[5.0974,52.28046],[5.09725,52.28048],[5.09713,52.28049],[5.09698,52.28051],[5.09682,52.28053],[5.09663,52.28055],[5.09641,52.28058],[5.09624,52.2806],[5.09605,52.28063],[5.09589,52.28064],[5.09574,52.28066],[5.09552,52.28069],[5.09527,52.28072],[5.09499,52.28076],[5.09484,52.28078],[5.09467,52.2808],[5.09423,52.28086],[5.09398,52.28089],[5.09373,52.28092],[5.09337,52.28096],[5.09319,52.28099],[5.09291,52.28102],[5.09269,52.28104],[5.09239,52.28108],[5.09219,52.28111],[5.092,52.28113],[5.09184,52.28115],[5.09162,52.28118],[5.0912,52.28124],[5.09115,52.28124],[5.09105,52.28125],[5.09075,52.28129],[5.09043,52.28133],[5.09004,52.28138],[5.08968,52.28142],[5.08938,52.28145],[5.08873,52.28154],[5.08832,52.28159],[5.08794,52.28164],[5.0878,52.28166],[5.08777,52.28166],[5.08774,52.28167],[5.0877,52.28169],[5.08746,52.2815],[5.08721,52.28132],[5.08698,52.28115],[5.08684,52.28105],[5.08679,52.28101],[5.08659,52.28086],[5.08638,52.2807],[5.08626,52.28063],[5.08624,52.28061],[5.08621,52.28059],[5.08613,52.28052],[5.08601,52.28043],[5.0858,52.28028],[5.08555,52.2801],[5.08527,52.27988],[5.085,52.27969],[5.08482,52.27956],[5.08463,52.27942],[5.08462,52.27941],[5.0846,52.2794],[5.08455,52.27939],[5.08432,52.27935],[5.08429,52.27934],[5.08402,52.27929],[5.08358,52.27921],[5.08325,52.27914],[5.08294,52.27908],[5.08256,52.27901],[5.08217,52.27894],[5.08174,52.27886],[5.08147,52.2788],[5.08129,52.27877],[5.08103,52.27872],[5.08062,52.27865],[5.08021,52.27857],[5.07991,52.27851],[5.07968,52.27846],[5.07955,52.27844],[5.07916,52.27837],[5.07883,52.27831],[5.07856,52.27825],[5.07836,52.27822],[5.07804,52.27815],[5.07771,52.27809],[5.07748,52.27805],[5.07722,52.278],[5.07708,52.27798],[5.07705,52.27798],[5.07674,52.27798],[5.07641,52.27799],[5.07629,52.27799],[5.07585,52.278],[5.07572,52.27801],[5.07539,52.27802],[5.07506,52.27802],[5.07472,52.27803],[5.07456,52.27803],[5.07423,52.27804],[5.07373,52.27805],[5.07349,52.27806],[5.07332,52.27807],[5.07293,52.27807],[5.07216,52.27809],[5.07144,52.27811],[5.07093,52.27812],[5.0705,52.27813],[5.07033,52.27814],[5.06922,52.27816],[5.06906,52.27816],[5.06882,52.27817],[5.06827,52.27818],[5.0677,52.27819],[5.06744,52.2782],[5.06667,52.27822],[5.06661,52.27822],[5.06653,52.27822],[5.06645,52.27823],[5.06636,52.27823],[5.06597,52.27824],[5.06519,52.27826],[5.06477,52.27827],[5.06463,52.27826],[5.0646,52.27827],[5.06455,52.27829],[5.06451,52.27831],[5.06449,52.27831],[5.06444,52.27833],[5.0644,52.27834],[5.06436,52.27836],[5.06427,52.27838],[5.0641,52.27843],[5.06405,52.27845],[5.06398,52.27846],[5.06391,52.27849],[5.06386,52.27852],[5.06381,52.27856],[5.06381,52.27858],[5.06383,52.2786],[5.06387,52.27862],[5.06396,52.27868],[5.06401,52.27871],[5.06406,52.27874],[5.06408,52.27876],[5.06411,52.27878],[5.06415,52.27882],[5.06417,52.27884],[5.06421,52.27886],[5.06428,52.27889],[5.06433,52.27891],[5.06437,52.27894],[5.06441,52.27896],[5.06446,52.27899],[5.06453,52.27902],[5.06451,52.27904],[5.06445,52.27909],[5.06433,52.2792],[5.06432,52.27923],[5.06432,52.27924],[5.06434,52.27926],[5.06436,52.27928],[5.06461,52.27936],[5.06484,52.27943],[5.06511,52.27952],[5.06517,52.27954],[5.06528,52.27958],[5.06529,52.27959],[5.06529,52.27959],[5.06532,52.27963],[5.06533,52.27964],[5.06533,52.27965],[5.06532,52.27966],[5.0653,52.27968],[5.0653,52.27969],[5.06498,52.27978],[5.06497,52.27978],[5.06504,52.27981],[5.06494,52.27987],[5.06456,52.27991],[5.0641,52.27996],[5.06389,52.27998],[5.06392,52.28008],[5.06393,52.28008],[5.06393,52.2801],[5.06398,52.28026],[5.06416,52.28045],[5.06441,52.28074],[5.06445,52.28072],[5.06448,52.28071],[5.06451,52.2807],[5.06455,52.28068],[5.06458,52.28067],[5.06462,52.28066],[5.06465,52.28065],[5.06469,52.28064],[5.06472,52.28063],[5.06483,52.2806],[5.06494,52.28058],[5.06505,52.28056],[5.0651,52.28055],[5.06515,52.28054],[5.06519,52.28054],[5.06524,52.28053],[5.06529,52.28053],[5.06534,52.28052],[5.06539,52.28052],[5.06543,52.28051],[5.06546,52.28051],[5.06549,52.28051],[5.06552,52.28051],[5.06555,52.28051],[5.06558,52.28051],[5.06561,52.28051],[5.06564,52.28051],[5.06567,52.28051],[5.0657,52.28051],[5.06572,52.28051],[5.06575,52.28052],[5.06577,52.28052],[5.06579,52.28052],[5.06581,52.28053],[5.06584,52.28053],[5.06586,52.28054],[5.06588,52.28054],[5.0659,52.28055],[5.06587,52.28101],[5.06586,52.28111],[5.06586,52.28114],[5.06588,52.28125],[5.06588,52.28127],[5.06586,52.28127],[5.06584,52.28126],[5.06582,52.28126],[5.0658,52.28125],[5.06578,52.28125],[5.06575,52.28125],[5.06573,52.28125],[5.06571,52.28125],[5.06569,52.28124],[5.06567,52.28125],[5.06564,52.28125],[5.06562,52.28125],[5.0656,52.28125],[5.06558,52.28125],[5.06556,52.28126],[5.06554,52.28126],[5.06549,52.28127],[5.06549,52.28129],[5.0655,52.28136],[5.06556,52.28187],[5.0656,52.28218],[5.06562,52.28239],[5.06564,52.28251],[5.06566,52.28269],[5.06564,52.28287],[5.06563,52.2831],[5.06561,52.28328],[5.06558,52.28377],[5.06554,52.2843],[5.06552,52.28451],[5.06551,52.28471],[5.06548,52.28509],[5.06547,52.28518],[5.06547,52.2852],[5.06547,52.2852],[5.06546,52.2852],[5.06546,52.2852],[5.06546,52.2852],[5.06544,52.2852],[5.06542,52.2852],[5.06541,52.2852],[5.06539,52.2852],[5.06538,52.2852],[5.06536,52.2852],[5.06534,52.28519],[5.06504,52.28513],[5.06479,52.28508],[5.06473,52.28521],[5.06473,52.28522],[5.06456,52.28555],[5.06441,52.28586],[5.06427,52.28614],[5.06421,52.28626],[5.06419,52.28629],[5.06402,52.28648],[5.06375,52.28674],[5.06343,52.28706],[5.06331,52.28717],[5.0633,52.28718],[5.06328,52.28719],[5.06327,52.28721],[5.06325,52.28722],[5.06324,52.28723],[5.06322,52.28724],[5.06312,52.2873],[5.06279,52.28748],[5.06241,52.28769],[5.06201,52.28792],[5.06166,52.28812],[5.0615,52.28821],[5.06139,52.28827],[5.06131,52.28831],[5.06093,52.28852],[5.06051,52.28876],[5.06009,52.28899],[5.05981,52.28915],[5.05955,52.28931],[5.05954,52.28932],[5.05946,52.28931],[5.05941,52.2893],[5.05913,52.28919],[5.05866,52.28901],[5.05837,52.2889],[5.0583,52.28887],[5.05826,52.28885],[5.05819,52.28883],[5.05773,52.28865],[5.05756,52.28858],[5.05739,52.2885],[5.05734,52.28848],[5.05729,52.28846],[5.05689,52.28832],[5.05679,52.28828],[5.05655,52.2882],[5.0564,52.28814],[5.05615,52.28805],[5.05612,52.28804],[5.05559,52.28783],[5.05547,52.28778],[5.05543,52.28776],[5.05538,52.28775],[5.05531,52.28773],[5.05503,52.28763],[5.05488,52.28757],[5.05485,52.28756],[5.05483,52.28755],[5.05481,52.28754],[5.0548,52.28753],[5.05478,52.28752],[5.05477,52.28752],[5.05476,52.28752],[5.05476,52.28751],[5.05475,52.28751],[5.05448,52.28737],[5.05444,52.28735],[5.05442,52.28734],[5.05411,52.28719],[5.05374,52.287],[5.05349,52.28687],[5.05344,52.28685],[5.05304,52.28663],[5.05277,52.28648],[5.05274,52.28651],[5.05249,52.28669],[5.05225,52.28686],[5.05198,52.28706],[5.05181,52.28717],[5.05165,52.28727],[5.05158,52.28732],[5.05157,52.28732],[5.05155,52.28733],[5.05154,52.28734],[5.05152,52.28734],[5.0515,52.28735],[5.05149,52.28735],[5.05147,52.28735],[5.05145,52.28735],[5.05138,52.28737],[5.05137,52.28737],[5.05135,52.28738],[5.05134,52.28738],[5.05133,52.28739],[5.05131,52.28739],[5.0513,52.2874],[5.05129,52.2874],[5.05127,52.28741],[5.05108,52.28755],[5.05098,52.28762],[5.05095,52.28764],[5.05093,52.28765],[5.0509,52.28767],[5.05088,52.28769],[5.05085,52.2877],[5.05082,52.28771],[5.05079,52.28773],[5.05077,52.28774],[5.05075,52.28775],[5.05072,52.28777],[5.0507,52.28778],[5.05067,52.28779],[5.05064,52.2878],[5.05061,52.28781],[5.05059,52.28782],[5.05049,52.28784],[5.0504,52.28787],[5.05036,52.28782],[5.05035,52.28781],[5.05038,52.2878],[5.05013,52.28757],[5.04974,52.28724],[5.04952,52.28704],[5.04942,52.28694],[5.04925,52.28677],[5.04916,52.28668],[5.04897,52.28648],[5.04892,52.28643],[5.04878,52.28628],[5.04845,52.28596],[5.04822,52.28573],[5.0482,52.2857],[5.04819,52.28569],[5.04818,52.28568],[5.04817,52.28568],[5.04816,52.28567],[5.04815,52.28567],[5.04814,52.28566],[5.04812,52.28566],[5.04811,52.28565],[5.0481,52.28565],[5.04809,52.28565],[5.04808,52.28565],[5.04808,52.28565],[5.04807,52.28565],[5.04807,52.28565],[5.04806,52.28564],[5.04806,52.28564],[5.04805,52.28564],[5.04805,52.28563],[5.04783,52.28539],[5.04763,52.28518],[5.04751,52.28506],[5.04749,52.28503],[5.04748,52.28502],[5.04707,52.28474],[5.04697,52.28469],[5.04689,52.28466],[5.04655,52.28448],[5.04635,52.28437],[5.04586,52.28409],[5.04551,52.28389],[5.04518,52.2837],[5.04509,52.28366],[5.04457,52.28339],[5.04453,52.28337],[5.04449,52.28335],[5.04445,52.28332],[5.04442,52.2833],[5.04438,52.28328],[5.04434,52.28326],[5.04396,52.28303],[5.04383,52.28297],[5.04347,52.28278],[5.04345,52.28277],[5.04342,52.28276],[5.0434,52.28275],[5.04337,52.28273],[5.04334,52.28272],[5.04332,52.28271],[5.04323,52.28267],[5.0431,52.28262],[5.04278,52.28249],[5.04248,52.28272],[5.04209,52.28301],[5.04176,52.28327],[5.04162,52.28337],[5.04138,52.28352],[5.04094,52.28379],[5.04079,52.28388],[5.04079,52.28388],[5.04078,52.28388],[5.04077,52.28388],[5.04076,52.28388],[5.04076,52.28388],[5.04075,52.28388],[5.04074,52.28388],[5.04047,52.28372],[5.04043,52.2837],[5.04033,52.28366],[5.04015,52.28358],[5.04009,52.28355],[5.03975,52.28338],[5.03958,52.28329],[5.03952,52.28326],[5.0395,52.28325],[5.03943,52.28324],[5.03892,52.2835],[5.03866,52.28364],[5.03853,52.28371],[5.03842,52.28377],[5.03826,52.28386],[5.03812,52.28394],[5.03799,52.28402],[5.03784,52.2841],[5.03766,52.28421],[5.03763,52.28422],[5.03754,52.28427],[5.03734,52.28438],[5.03722,52.28445],[5.03718,52.28447],[5.03702,52.28457],[5.03687,52.28466],[5.03681,52.28469],[5.03676,52.28472],[5.03671,52.28475],[5.03658,52.28481],[5.03631,52.28495],[5.0358,52.2852],[5.03556,52.28532],[5.03541,52.2854],[5.03515,52.28553],[5.03487,52.28565],[5.03485,52.28566],[5.03482,52.28568],[5.03479,52.28569],[5.03471,52.28573],[5.0345,52.28583],[5.03427,52.28594],[5.03402,52.28605],[5.03377,52.28616],[5.03342,52.28632],[5.03334,52.28625],[5.03321,52.28626],[5.03315,52.28631],[5.03303,52.28641],[5.03292,52.28651],[5.03275,52.28665],[5.03258,52.28679],[5.03237,52.28696],[5.03225,52.28705],[5.0321,52.28717],[5.03186,52.28735],[5.03164,52.28754],[5.03144,52.28771],[5.03123,52.28789],[5.03093,52.28814],[5.0308,52.28826],[5.03053,52.28849],[5.03029,52.28822],[5.03006,52.28795],[5.02986,52.28773],[5.02973,52.28758],[5.02952,52.28735],[5.02916,52.28697],[5.02892,52.28669],[5.02879,52.28656],[5.02863,52.28638],[5.02842,52.28614],[5.02832,52.28604],[5.02818,52.28589],[5.02801,52.2857],[5.02782,52.28549],[5.02767,52.28531],[5.02754,52.28516],[5.02749,52.28509],[5.02723,52.2848],[5.02711,52.28466],[5.02706,52.2846],[5.02701,52.28454],[5.02698,52.28451],[5.02694,52.28447],[5.02688,52.28439],[5.02679,52.28428],[5.02669,52.28417],[5.02659,52.28407],[5.02651,52.28398],[5.02644,52.28389],[5.02635,52.28378],[5.02631,52.28372],[5.02628,52.28367],[5.0262,52.28358],[5.02609,52.28345],[5.02602,52.28336],[5.02596,52.28328],[5.02588,52.28318],[5.02576,52.28303],[5.02569,52.28294],[5.02554,52.28274],[5.02542,52.28259],[5.02524,52.28237],[5.02508,52.28217],[5.02505,52.28214],[5.02498,52.28204],[5.02492,52.28198],[5.02486,52.2819],[5.02474,52.28176],[5.0246,52.28158],[5.02455,52.28152],[5.02449,52.28145],[5.02446,52.28142],[5.02443,52.2814],[5.02438,52.28136],[5.02437,52.28137],[5.02435,52.28137],[5.02428,52.28141],[5.0239,52.2816],[5.02369,52.28171],[5.02362,52.28175],[5.02359,52.28177],[5.02358,52.28177],[5.02355,52.28179],[5.02352,52.28182],[5.02346,52.28185],[5.02342,52.28188],[5.02339,52.28189],[5.02338,52.28189],[5.02337,52.28189],[5.02337,52.28189],[5.02336,52.2819],[5.02335,52.2819],[5.02334,52.2819],[5.02333,52.2819],[5.02332,52.2819],[5.02329,52.2819],[5.02328,52.2819],[5.02327,52.2819],[5.02326,52.2819],[5.02325,52.28191],[5.02323,52.28191],[5.02322,52.28191],[5.02321,52.28191],[5.0232,52.28192],[5.02319,52.28192],[5.02307,52.28198],[5.02299,52.28203],[5.02297,52.28204],[5.02294,52.28205],[5.02292,52.28207],[5.0229,52.28208],[5.02288,52.2821],[5.02287,52.28211],[5.02287,52.28211],[5.02286,52.28212],[5.02285,52.28212],[5.02285,52.28213],[5.02284,52.28213],[5.02284,52.28214],[5.02284,52.28214],[5.02283,52.28214],[5.02283,52.28215],[5.02283,52.28215],[5.02283,52.28215],[5.02282,52.28215],[5.02282,52.28216],[5.02282,52.28216],[5.02282,52.28216],[5.02281,52.28217],[5.02281,52.28217],[5.02281,52.28218],[5.02281,52.28218],[5.02281,52.28218],[5.02281,52.28218],[5.02281,52.28218],[5.0228,52.28219],[5.0228,52.28219],[5.02279,52.2822],[5.02279,52.2822],[5.02277,52.28221],[5.02271,52.28224],[5.02254,52.28232],[5.02241,52.28238],[5.02187,52.28265],[5.02193,52.28493],[5.02186,52.28943],[5.02186,52.28955],[5.02185,52.2899],[5.02179,52.29392],[5.02175,52.29597],[5.02175,52.29641],[5.02172,52.29841],[5.02166,52.30122],[5.02164,52.30159],[5.02162,52.30186],[5.02154,52.30246],[5.02064,52.30247],[5.02064,52.30247],[5.02057,52.30247],[5.0205,52.30247],[5.02049,52.30247],[5.02036,52.30248],[5.02035,52.30248],[5.02034,52.30248],[5.02034,52.30248],[5.02032,52.30248],[5.02032,52.30248],[5.02028,52.30248],[5.0202,52.30248],[5.02011,52.30248],[5.02011,52.30248],[5.02011,52.30248],[5.02011,52.30248],[5.0201,52.30248],[5.0201,52.30248],[5.0201,52.30248],[5.0201,52.30248],[5.0201,52.30248],[5.02009,52.30248],[5.02009,52.30248],[5.02009,52.30248],[5.02009,52.30248],[5.02009,52.30248],[5.02008,52.30248],[5.02008,52.30248],[5.02008,52.30248],[5.02008,52.30248],[5.02008,52.30248],[5.02007,52.30248],[5.02007,52.30248],[5.02007,52.30248],[5.02007,52.30248],[5.02006,52.30248],[5.02006,52.30248],[5.02006,52.30248],[5.02006,52.30248],[5.02006,52.30248],[5.02005,52.30248],[5.02005,52.30248],[5.02005,52.30248],[5.02005,52.30248],[5.02005,52.30248],[5.02004,52.30248],[5.02004,52.30248],[5.02004,52.30248],[5.02004,52.30248],[5.02004,52.30248],[5.02003,52.30248],[5.02003,52.30248],[5.02003,52.30248],[5.02003,52.30248],[5.02003,52.30248],[5.02002,52.30248],[5.02002,52.30248],[5.02002,52.30248],[5.02002,52.30248],[5.02001,52.30248],[5.02001,52.30248],[5.02001,52.30248],[5.02001,52.30248],[5.02001,52.30248],[5.02001,52.30248],[5.02,52.30248],[5.02,52.30248],[5.02,52.30248],[5.02,52.30248],[5.01999,52.30248],[5.01999,52.30248],[5.01999,52.30248],[5.01999,52.30248],[5.01999,52.30248],[5.01998,52.30248],[5.01998,52.30248],[5.01998,52.30248],[5.01998,52.30248],[5.01997,52.30248],[5.01997,52.30248],[5.01997,52.30248],[5.01997,52.30248],[5.01997,52.30248],[5.01997,52.30248],[5.01996,52.30248],[5.01996,52.30248],[5.01996,52.30248],[5.01996,52.30248],[5.01996,52.30248],[5.01995,52.30248],[5.01995,52.30248],[5.01995,52.30248],[5.01995,52.30248],[5.01994,52.30248],[5.01994,52.30248],[5.01994,52.30248],[5.01994,52.30248],[5.01994,52.30248],[5.01993,52.30248],[5.01993,52.30248],[5.01993,52.30248],[5.01993,52.30248],[5.01992,52.30248],[5.01992,52.30248],[5.01992,52.30248],[5.01992,52.30248],[5.01992,52.30248],[5.01992,52.30248],[5.01991,52.30248],[5.01991,52.30248],[5.01991,52.30248],[5.01991,52.30248],[5.01974,52.30249],[5.01958,52.30249],[5.01958,52.30249],[5.01958,52.30249],[5.01957,52.30249],[5.01957,52.30249],[5.01957,52.30249],[5.01957,52.30249],[5.01956,52.30249],[5.01956,52.30249],[5.01956,52.3025],[5.01956,52.3025],[5.01955,52.3025],[5.01955,52.3025],[5.01955,52.3025],[5.01954,52.3025],[5.01954,52.3025],[5.01954,52.3025],[5.01954,52.3025],[5.01953,52.3025],[5.01953,52.3025],[5.01953,52.3025],[5.01952,52.3025],[5.01952,52.3025],[5.01952,52.3025],[5.01952,52.3025],[5.01951,52.3025],[5.01951,52.3025],[5.01951,52.3025],[5.01951,52.3025],[5.0195,52.3025],[5.0195,52.3025],[5.0195,52.3025],[5.0195,52.3025],[5.01949,52.3025],[5.01949,52.3025],[5.01949,52.3025],[5.01948,52.3025],[5.01948,52.3025],[5.01948,52.3025],[5.01948,52.3025],[5.01947,52.3025],[5.01947,52.3025],[5.01947,52.3025],[5.01947,52.3025],[5.01946,52.3025],[5.01946,52.3025],[5.01946,52.3025],[5.01945,52.3025],[5.01945,52.3025],[5.01945,52.3025],[5.01945,52.3025],[5.01944,52.3025],[5.01944,52.3025],[5.01944,52.3025],[5.01943,52.3025],[5.01943,52.3025],[5.01943,52.3025],[5.01943,52.3025],[5.01942,52.3025],[5.01942,52.3025],[5.01942,52.3025],[5.01942,52.3025],[5.01941,52.3025],[5.01941,52.3025],[5.01941,52.3025],[5.0194,52.3025],[5.0194,52.3025],[5.0194,52.3025],[5.0194,52.3025],[5.01939,52.3025],[5.01939,52.3025],[5.01939,52.3025],[5.01938,52.3025],[5.01938,52.3025],[5.01938,52.3025],[5.01938,52.3025],[5.01937,52.3025],[5.01937,52.3025],[5.01937,52.3025],[5.01937,52.3025],[5.01936,52.3025],[5.01936,52.3025],[5.01936,52.3025],[5.01936,52.3025],[5.01935,52.3025],[5.01935,52.3025],[5.01935,52.3025],[5.01934,52.3025],[5.01934,52.30251],[5.01934,52.30251],[5.01933,52.30251],[5.01933,52.30251],[5.01933,52.30251],[5.01933,52.30251],[5.01932,52.30251],[5.01932,52.30251],[5.01932,52.30251],[5.01932,52.30251],[5.01931,52.30251],[5.01931,52.30251],[5.01916,52.30252],[5.01916,52.30252],[5.01915,52.30252],[5.01915,52.30252],[5.01915,52.30252],[5.01914,52.30252],[5.01914,52.30252],[5.01914,52.30252],[5.01913,52.30252],[5.01913,52.30252],[5.01912,52.30252],[5.01912,52.30252],[5.01912,52.30252],[5.01911,52.30252],[5.01911,52.30252],[5.01911,52.30252],[5.0191,52.30252],[5.0191,52.30252],[5.0191,52.30252],[5.01909,52.30252],[5.01909,52.30252],[5.01908,52.30252],[5.01908,52.30252],[5.01908,52.30252],[5.01907,52.30252],[5.01907,52.30252],[5.01907,52.30252],[5.01906,52.30252],[5.01906,52.30252],[5.01905,52.30252],[5.01905,52.30253],[5.01905,52.30253],[5.01904,52.30253],[5.01904,52.30253],[5.01903,52.30253],[5.01903,52.30253],[5.01903,52.30253],[5.01902,52.30253],[5.01902,52.30253],[5.01902,52.30253],[5.01901,52.30253],[5.01901,52.30253],[5.019,52.30253],[5.019,52.30253],[5.019,52.30253],[5.01899,52.30253],[5.01899,52.30253],[5.01899,52.30253],[5.01898,52.30253],[5.01898,52.30253],[5.01898,52.30253],[5.01897,52.30253],[5.01897,52.30253],[5.01896,52.30253],[5.01896,52.30253],[5.01896,52.30253],[5.01895,52.30253],[5.01895,52.30253],[5.01895,52.30253],[5.01894,52.30253],[5.01894,52.30253],[5.01893,52.30253],[5.01893,52.30253],[5.01893,52.30253],[5.01892,52.30254],[5.01892,52.30254],[5.01892,52.30254],[5.01891,52.30254],[5.01891,52.30254],[5.01891,52.30254],[5.0189,52.30254],[5.0189,52.30254],[5.01889,52.30254],[5.01889,52.30254],[5.01889,52.30254],[5.01888,52.30254],[5.01888,52.30254],[5.01888,52.30254],[5.01887,52.30254],[5.01887,52.30254],[5.01886,52.30254],[5.01886,52.30254],[5.01886,52.30254],[5.01885,52.30254],[5.01885,52.30254],[5.01885,52.30254],[5.01884,52.30254],[5.01884,52.30254],[5.01884,52.30254],[5.01883,52.30254],[5.01883,52.30255],[5.01882,52.30255],[5.01882,52.30255],[5.01882,52.30255],[5.01881,52.30255],[5.01881,52.30255],[5.01881,52.30255],[5.0188,52.30255],[5.0188,52.30255],[5.01879,52.30255],[5.01865,52.30256],[5.01859,52.30257],[5.0185,52.30258],[5.01841,52.30259],[5.0183,52.3026],[5.0182,52.30261],[5.0181,52.30262],[5.01799,52.30264],[5.01784,52.30266],[5.01763,52.3027],[5.0175,52.30272],[5.01731,52.30275],[5.01713,52.30278],[5.01706,52.3028],[5.017,52.30281],[5.0169,52.30283],[5.01682,52.30285],[5.01668,52.30288],[5.01669,52.30289],[5.01671,52.30292],[5.01665,52.30294],[5.01639,52.303],[5.0161,52.30308],[5.01573,52.3032],[5.01537,52.30332],[5.01523,52.30336],[5.01518,52.30339],[5.01511,52.30341],[5.01496,52.30347],[5.01473,52.30355],[5.01448,52.30361],[5.01444,52.30363],[5.0144,52.30364],[5.01431,52.30367],[5.01426,52.30368],[5.01423,52.30359],[5.01419,52.30359],[5.014,52.3036],[5.01388,52.3036],[5.01372,52.3036],[5.01362,52.30361],[5.01361,52.30361],[5.01359,52.30361],[5.01352,52.30361],[5.01339,52.30362],[5.01337,52.30362],[5.01335,52.30362],[5.01321,52.30362],[5.01312,52.30361],[5.01299,52.3036],[5.01288,52.3036],[5.01279,52.30359],[5.01275,52.30359],[5.01272,52.30358],[5.01265,52.30388],[5.01183,52.30378],[5.01131,52.30428],[5.01189,52.3045],[5.01112,52.30489],[5.01105,52.30484],[5.01104,52.30484],[5.01103,52.30484],[5.01103,52.30484],[5.01102,52.30484],[5.01071,52.30495],[5.0107,52.30495],[5.01069,52.30495],[5.01067,52.30495],[5.01066,52.30495],[5.0105,52.30485],[5.01048,52.30484],[5.01047,52.30484],[5.01046,52.30484],[5.01044,52.30485],[5.01042,52.30485],[5.01002,52.30508],[5.00987,52.30516],[5.00958,52.3053],[5.00973,52.3054],[5.00984,52.30548],[5.00988,52.30552],[5.0099,52.30556],[5.00987,52.3056],[5.00968,52.30577],[5.00949,52.30603],[5.00995,52.3061],[5.01014,52.30613],[5.0102,52.30615],[5.0102,52.30615],[5.0102,52.30615],[5.0102,52.30616],[5.0102,52.30617],[5.01019,52.30618],[5.01014,52.30624],[5.01009,52.3063],[5.01002,52.30638],[5.01,52.30641],[5.00987,52.30666],[5.00961,52.30721],[5.0096,52.30722],[5.00959,52.30723],[5.00957,52.30724],[5.00956,52.30724],[5.00954,52.30724],[5.0092,52.3072],[5.00914,52.30719],[5.00908,52.30718],[5.00895,52.30716],[5.00885,52.30715],[5.00881,52.30714],[5.00877,52.30712],[5.00873,52.30707],[5.0087,52.30705],[5.00865,52.30703],[5.00858,52.30703],[5.0085,52.30702],[5.00843,52.30703],[5.00835,52.30705],[5.00829,52.30707],[5.00827,52.30711],[5.00827,52.30714],[5.00828,52.30717],[5.00829,52.3072],[5.00832,52.30723],[5.00834,52.30725],[5.00838,52.30728],[5.00841,52.3073],[5.00845,52.30732],[5.0085,52.30733],[5.00856,52.30735],[5.00863,52.30737],[5.0087,52.30739],[5.00877,52.3074],[5.00891,52.30742],[5.00905,52.30744],[5.00921,52.30747],[5.00938,52.3075],[5.00979,52.30761],[5.01021,52.30773],[5.01016,52.30782],[5.01012,52.30792],[5.01007,52.30801],[5.01001,52.30814],[5.00997,52.30821],[5.00994,52.30827],[5.00988,52.30834],[5.00983,52.3084],[5.00977,52.30846],[5.0097,52.30851],[5.00961,52.30858],[5.00923,52.30886],[5.00922,52.30886],[5.00884,52.30915],[5.00879,52.30919],[5.00874,52.30922],[5.00868,52.30925],[5.00863,52.30929],[5.00858,52.30932],[5.00852,52.30935],[5.00847,52.30938],[5.00841,52.30942],[5.00835,52.30944],[5.0083,52.30947],[5.00824,52.3095],[5.00818,52.30953],[5.00812,52.30956],[5.00806,52.30959],[5.008,52.30961],[5.00793,52.30964],[5.00787,52.30967],[5.0078,52.30969],[5.00774,52.30971],[5.00767,52.30974],[5.00761,52.30976],[5.00754,52.30978],[5.00747,52.3098],[5.0074,52.30982],[5.00734,52.30984],[5.00727,52.30986],[5.0072,52.30987],[5.00713,52.30989],[5.00706,52.30991],[5.00698,52.30992],[5.00691,52.30994],[5.00684,52.30995],[5.00677,52.30996],[5.00669,52.30998],[5.00662,52.30999],[5.00655,52.31],[5.00647,52.31001],[5.0064,52.31002],[5.00633,52.31003],[5.00625,52.31003],[5.00615,52.31004],[5.00532,52.3101],[5.00449,52.31015],[5.00434,52.31016],[5.0042,52.31018],[5.00406,52.3102],[5.00392,52.31022],[5.00378,52.31024],[5.00365,52.31026],[5.00358,52.31028],[5.00344,52.3103],[5.00331,52.31033],[5.00317,52.31036],[5.00304,52.3104],[5.00297,52.31041],[5.00284,52.31045],[5.00265,52.31051],[5.00253,52.31055],[5.0024,52.3106],[5.00222,52.31067],[5.0021,52.31072],[5.00198,52.31077],[5.00186,52.31082],[5.00162,52.31094],[5.00141,52.31107],[5.00068,52.31151],[4.99996,52.31195],[4.99951,52.3122],[4.99905,52.31244],[4.99833,52.31285],[4.99761,52.31327],[4.9974,52.31338],[4.9972,52.3135],[4.99794,52.31394],[4.99808,52.31403],[4.99808,52.31403],[4.99808,52.31404],[4.99809,52.31404],[4.99821,52.31411],[4.99836,52.3142],[4.99835,52.3142],[4.99836,52.31421],[4.99837,52.31421],[4.99838,52.31422],[4.99858,52.31434],[4.99866,52.31438],[4.99866,52.31438],[4.99873,52.31443],[4.9989,52.31453],[4.99901,52.31459],[4.99921,52.31471],[4.99941,52.31482],[4.99946,52.31485],[4.99949,52.31486],[4.99965,52.31496],[4.9999,52.31509],[5.00017,52.31521],[5.00039,52.31531],[5.00054,52.31538],[5.00072,52.31549],[5.00079,52.31553],[5.00081,52.31554],[5.00083,52.31556],[5.00089,52.31559],[5.00091,52.3156],[5.00097,52.31564],[5.0011,52.3157],[5.00138,52.31583],[5.00153,52.31591],[5.00216,52.3163],[5.0022,52.31633],[5.00221,52.31633],[5.00275,52.31668],[5.00291,52.31678],[5.00306,52.31687],[5.00344,52.3171],[5.00389,52.31739],[5.00431,52.31767],[5.00437,52.31771],[5.00446,52.31778],[5.00501,52.31814],[5.0052,52.31828],[5.00574,52.3186],[5.00599,52.31876],[5.00644,52.31902],[5.00652,52.31908],[5.0067,52.31918],[5.00671,52.31918],[5.00678,52.31922],[5.00691,52.31928],[5.00697,52.31931],[5.00706,52.31935],[5.00744,52.31957],[5.00774,52.31974],[5.00798,52.31988],[5.00823,52.32002],[5.00846,52.32016],[5.00876,52.32032],[5.00908,52.32049],[5.00908,52.32049],[5.0091,52.3205],[5.0091,52.3205],[5.00913,52.32051],[5.00913,52.32052],[5.00916,52.32053],[5.00936,52.32063],[5.00946,52.32069],[5.00975,52.32084],[5.01008,52.32103],[5.01031,52.32116],[5.01042,52.32123],[5.01062,52.32135],[5.01066,52.32137],[5.01071,52.32139],[5.01088,52.32149],[5.01129,52.32173],[5.01161,52.32191],[5.01224,52.32228],[5.01246,52.32242],[5.01288,52.32266],[5.01369,52.32311],[5.01414,52.32339],[5.01473,52.32374],[5.01506,52.32393],[5.01518,52.324],[5.01542,52.32414],[5.01547,52.32416],[5.01578,52.32434],[5.01584,52.32436],[5.01585,52.32437],[5.01607,52.32448],[5.0161,52.3245],[5.01613,52.32451],[5.01618,52.32448],[5.01621,52.32444],[5.01624,52.3244],[5.01627,52.32435],[5.0163,52.3243],[5.01632,52.32424],[5.01634,52.32411],[5.01637,52.32397],[5.01641,52.3238],[5.01642,52.32373],[5.01644,52.32368],[5.01642,52.32364],[5.0165,52.32355],[5.01655,52.32344],[5.01658,52.32328],[5.01658,52.32323],[5.01665,52.32299],[5.01675,52.323],[5.01683,52.32302],[5.01793,52.32319],[5.01799,52.3232],[5.01815,52.32323],[5.01849,52.3233],[5.01847,52.32359],[5.01847,52.32362],[5.01846,52.32384],[5.01845,52.32407],[5.01844,52.32416],[5.01842,52.32434],[5.01841,52.32452],[5.01841,52.32463],[5.0184,52.32471],[5.01839,52.32482],[5.01839,52.3249],[5.01838,52.32499],[5.01837,52.32511],[5.01833,52.32568],[5.0183,52.32609],[5.01826,52.32656],[5.01822,52.32703],[5.01811,52.32782],[5.01798,52.32835],[5.01787,52.32871],[5.01759,52.3295],[5.01743,52.32986],[5.01727,52.33019],[5.01744,52.33022],[5.01744,52.33022],[5.01746,52.33023],[5.01748,52.33023],[5.0175,52.33023],[5.01756,52.33025],[5.01757,52.33025],[5.01763,52.33026],[5.01767,52.33027],[5.01777,52.33029],[5.01778,52.33029],[5.01778,52.33029],[5.01789,52.33032],[5.01791,52.33032],[5.01799,52.33034],[5.018,52.33034],[5.01805,52.33035],[5.0181,52.33036],[5.01819,52.33038],[5.01821,52.33038],[5.01831,52.3304],[5.01833,52.3304],[5.01842,52.33042],[5.01847,52.33043],[5.01853,52.33044],[5.01861,52.33046],[5.01863,52.33046],[5.01874,52.33048],[5.01875,52.33049],[5.01885,52.3305],[5.01889,52.33051],[5.01896,52.33052],[5.01903,52.33054],[5.01906,52.33054],[5.01917,52.33056],[5.01918,52.33056],[5.01928,52.33058],[5.01932,52.33058],[5.01939,52.3306],[5.01946,52.33061],[5.0195,52.33062],[5.0196,52.33063],[5.0196,52.33063],[5.01971,52.33065],[5.01974,52.33066],[5.01982,52.33067],[5.01989,52.33068],[5.01993,52.33069],[5.01994,52.33069],[5.02001,52.3307],[5.02003,52.3307],[5.02008,52.33071],[5.02015,52.33072],[5.02017,52.33072],[5.02022,52.33073],[5.0203,52.33074],[5.02032,52.33074],[5.02037,52.33075],[5.02044,52.33076],[5.02046,52.33076],[5.02051,52.33077],[5.02058,52.33077],[5.0206,52.33078],[5.02066,52.33078],[5.02073,52.33079],[5.02075,52.33079],[5.0208,52.3308],[5.02087,52.33081],[5.02089,52.33081],[5.02094,52.33081],[5.02102,52.33082],[5.02104,52.33082],[5.02109,52.33083],[5.02116,52.33083],[5.02119,52.33084],[5.02123,52.33084],[5.02123,52.33084],[5.02131,52.33084],[5.02133,52.33085],[5.02138,52.33085],[5.02144,52.33085],[5.02148,52.33086],[5.02151,52.33086],[5.02159,52.33086],[5.02163,52.33086],[5.02166,52.33087],[5.02173,52.33087],[5.02177,52.33087],[5.02181,52.33087],[5.02188,52.33087],[5.02192,52.33087],[5.02195,52.33087],[5.02203,52.33087],[5.02207,52.33087],[5.0221,52.33087],[5.02217,52.33087],[5.02222,52.33087],[5.02225,52.33087],[5.02232,52.33087],[5.02237,52.33086],[5.02239,52.33086],[5.02247,52.33086],[5.02251,52.33085],[5.02254,52.33085],[5.02261,52.33085],[5.02266,52.33084],[5.02269,52.33084],[5.02276,52.33083],[5.02281,52.33083],[5.02283,52.33083],[5.0229,52.33082],[5.02295,52.33081],[5.02297,52.33081],[5.02305,52.3308],[5.0231,52.33079],[5.02312,52.33079],[5.02319,52.33078],[5.02324,52.33077],[5.02326,52.33077],[5.02326,52.33077],[5.02332,52.33076],[5.02338,52.33075],[5.0234,52.33075],[5.02348,52.33073],[5.02352,52.33073],[5.02356,52.33072],[5.02365,52.33071],[5.02367,52.33071],[5.02373,52.3307],[5.02381,52.33069],[5.02381,52.33069],[5.0239,52.33068],[5.02395,52.33068],[5.02398,52.33067],[5.02407,52.33067],[5.0241,52.33066],[5.02415,52.33066],[5.02424,52.33065],[5.02424,52.33065],[5.02432,52.33065],[5.02439,52.33064],[5.02441,52.33064],[5.02449,52.33064],[5.02453,52.33064],[5.02458,52.33064],[5.02466,52.33063],[5.02468,52.33063],[5.02475,52.33063],[5.02482,52.33063],[5.02483,52.33063],[5.02492,52.33063],[5.02497,52.33063],[5.025,52.33063],[5.02509,52.33063],[5.02511,52.33063],[5.02517,52.33063],[5.02526,52.33063],[5.02526,52.33063],[5.02534,52.33064],[5.02535,52.33064],[5.0254,52.33064],[5.02543,52.33064],[5.02551,52.33064],[5.02555,52.33065],[5.02555,52.33065],[5.02559,52.33065],[5.0256,52.33065],[5.02568,52.33065],[5.02569,52.33066],[5.02577,52.33066],[5.02584,52.33067],[5.02585,52.33067],[5.02593,52.33067],[5.02598,52.33068],[5.02602,52.33068],[5.0261,52.33069],[5.02613,52.33069],[5.02619,52.3307],[5.02621,52.33071],[5.02627,52.33071],[5.02628,52.33071],[5.02638,52.33073],[5.02641,52.33073],[5.02647,52.33074],[5.02656,52.33074],[5.02657,52.33075],[5.02667,52.33076],[5.02671,52.33076],[5.02676,52.33076],[5.02677,52.33076],[5.02685,52.33077],[5.02687,52.33077],[5.02697,52.33078],[5.027,52.33078],[5.02707,52.33078],[5.02714,52.33079],[5.02717,52.33079],[5.02726,52.3308],[5.02729,52.3308],[5.02736,52.3308],[5.02744,52.3308],[5.02746,52.3308],[5.02756,52.3308],[5.02759,52.33081],[5.02766,52.33081],[5.02767,52.33081],[5.02773,52.33081],[5.02776,52.33081],[5.02786,52.33081],[5.02788,52.33081],[5.02796,52.33081],[5.02803,52.33081],[5.02806,52.33081],[5.02806,52.33081],[5.02816,52.33081],[5.02818,52.33081],[5.02826,52.3308],[5.02832,52.3308],[5.02836,52.3308],[5.02846,52.3308],[5.02847,52.3308],[5.02848,52.3308],[5.02856,52.33079],[5.02859,52.33079],[5.02862,52.33079],[5.02866,52.33079],[5.02876,52.33078],[5.02877,52.33078],[5.02885,52.33078],[5.02891,52.33077],[5.02895,52.33077],[5.02905,52.33076],[5.02906,52.33076],[5.02915,52.33075],[5.02921,52.33075],[5.02925,52.33074],[5.02928,52.33074],[5.02935,52.33073],[5.02949,52.33072],[5.02964,52.3307],[5.02978,52.33069],[5.02979,52.33069],[5.02993,52.33067],[5.03007,52.33066],[5.03022,52.33064],[5.03036,52.33062],[5.03051,52.3306],[5.03065,52.33058],[5.03079,52.33056],[5.03094,52.33055],[5.03108,52.33053],[5.03122,52.33051],[5.03125,52.3305],[5.03127,52.3305],[5.03134,52.33049],[5.03137,52.33048],[5.03141,52.33048],[5.03142,52.33048],[5.03148,52.33047],[5.03151,52.33046],[5.03155,52.33046],[5.03162,52.33045],[5.03165,52.33044],[5.03169,52.33044],[5.03176,52.33043],[5.03179,52.33042],[5.03183,52.33042],[5.0319,52.33041],[5.03194,52.3304],[5.03197,52.3304],[5.03204,52.33038],[5.03208,52.33038],[5.0321,52.33037],[5.03217,52.33036],[5.03222,52.33036],[5.03224,52.33035],[5.03231,52.33034],[5.03236,52.33033],[5.03238,52.33033],[5.03245,52.33032],[5.03251,52.33031],[5.03252,52.33031],[5.03259,52.3303],[5.03261,52.3303],[5.03265,52.33029],[5.03266,52.33029],[5.03273,52.33028],[5.03279,52.33027],[5.0328,52.33027],[5.03287,52.33026],[5.03293,52.33025],[5.03294,52.33025],[5.03301,52.33024],[5.03308,52.33022],[5.03308,52.33022],[5.03315,52.33021],[5.03322,52.3302],[5.03322,52.3302],[5.03329,52.33019],[5.03336,52.33018],[5.03336,52.33018],[5.03343,52.33017],[5.0335,52.33016],[5.0335,52.33016],[5.03357,52.33015],[5.0336,52.33014],[5.03364,52.33013],[5.03364,52.33013],[5.0337,52.33012],[5.03377,52.33011],[5.03378,52.33011],[5.03384,52.3301],[5.03391,52.33009],[5.03392,52.33009],[5.03393,52.33009],[5.03398,52.33008],[5.03405,52.33006],[5.03407,52.33006],[5.03407,52.33006],[5.03412,52.33005],[5.03419,52.33004],[5.03421,52.33004],[5.03426,52.33003],[5.03433,52.33002],[5.03435,52.33002],[5.0344,52.33001],[5.03444,52.33],[5.03446,52.32999],[5.03449,52.32999],[5.03453,52.32998],[5.0346,52.32997],[5.03463,52.32997],[5.03467,52.32996],[5.03474,52.32995],[5.03478,52.32994],[5.03481,52.32994],[5.03488,52.32992],[5.03492,52.32992],[5.03495,52.32991],[5.03502,52.3299],[5.03506,52.32989],[5.03509,52.32989],[5.03516,52.32988],[5.0352,52.32987],[5.03522,52.32986],[5.03524,52.32986],[5.03529,52.32985],[5.03534,52.32984],[5.03535,52.32984],[5.03536,52.32984],[5.03537,52.32984],[5.03543,52.32983],[5.03545,52.32982],[5.03548,52.32982],[5.0355,52.32981],[5.03553,52.32981],[5.03555,52.3298],[5.03556,52.3298],[5.03562,52.32979],[5.03562,52.32979],[5.03568,52.32978],[5.03568,52.32978],[5.03573,52.32977],[5.03576,52.32976],[5.03579,52.32976],[5.03584,52.32975],[5.03584,52.32975],[5.03589,52.32973],[5.0359,52.32973],[5.03599,52.32971],[5.03601,52.32971],[5.03604,52.3297],[5.03612,52.32968],[5.03618,52.32967],[5.03624,52.32966],[5.03632,52.32964],[5.03636,52.32964],[5.03646,52.32962],[5.03648,52.32961],[5.0365,52.32961],[5.03659,52.32959],[5.03659,52.32959],[5.03671,52.32957],[5.03673,52.32956],[5.03683,52.32955],[5.03687,52.32954],[5.03695,52.32952],[5.03702,52.32951],[5.03702,52.32951],[5.03716,52.32949],[5.0373,52.32947],[5.03734,52.32946],[5.03744,52.32944],[5.03758,52.32942],[5.03772,52.32939],[5.03786,52.32937],[5.03801,52.32935],[5.03815,52.32932],[5.03829,52.3293],[5.03833,52.32929],[5.03843,52.32927],[5.03857,52.32925],[5.03871,52.32923],[5.03885,52.3292],[5.03888,52.3292],[5.03892,52.32919],[5.03898,52.32918],[5.03899,52.32918],[5.03905,52.32917],[5.03912,52.32916],[5.03914,52.32915],[5.03919,52.32914],[5.03926,52.32913],[5.03928,52.32913],[5.03932,52.32912],[5.03932,52.32912],[5.03939,52.32911],[5.03942,52.3291],[5.03946,52.32909],[5.03953,52.32908],[5.03956,52.32907],[5.03959,52.32907],[5.03966,52.32905],[5.0397,52.32905],[5.03973,52.32904],[5.03979,52.32903],[5.03984,52.32902],[5.03986,52.32901],[5.03993,52.329],[5.03998,52.32899],[5.04,52.32899],[5.04006,52.32897],[5.04012,52.32896],[5.04013,52.32896],[5.04018,52.32895],[5.0402,52.32894],[5.04025,52.32893],[5.04026,52.32893],[5.04033,52.32891],[5.04039,52.3289],[5.0404,52.3289],[5.04046,52.32888],[5.04053,52.32887],[5.04053,52.32887],[5.04059,52.32885],[5.04066,52.32884],[5.04067,52.32883],[5.04073,52.32882],[5.04079,52.3288],[5.0408,52.3288],[5.04086,52.32879],[5.04092,52.32877],[5.04094,52.32877],[5.04099,52.32876],[5.04102,52.32875],[5.04107,52.32873],[5.04108,52.32873],[5.04113,52.32872],[5.04119,52.3287],[5.04121,52.3287],[5.04123,52.32869],[5.04125,52.32868],[5.04131,52.32866],[5.04134,52.32865],[5.04138,52.32865],[5.04139,52.32864],[5.04148,52.32861],[5.0416,52.32857],[5.04174,52.32853],[5.04186,52.32849],[5.04199,52.32845],[5.04212,52.3284],[5.04224,52.32837],[5.04225,52.32836],[5.04238,52.32832],[5.04238,52.32832],[5.0424,52.32832],[5.04245,52.3283],[5.04249,52.32828],[5.04251,52.32827],[5.04254,52.32827],[5.04259,52.32825],[5.04264,52.32823],[5.04269,52.32821],[5.04273,52.32819],[5.04277,52.32818],[5.04278,52.32817],[5.04283,52.32816],[5.04287,52.32814],[5.04289,52.32813],[5.04292,52.32811],[5.04296,52.32809],[5.04305,52.32805],[5.0431,52.32803],[5.04312,52.32802],[5.04314,52.32801],[5.04318,52.32799],[5.04322,52.32797],[5.04324,52.32796],[5.04326,52.32794],[5.04331,52.32792],[5.04335,52.3279],[5.04339,52.32787],[5.04343,52.32785],[5.04345,52.32784],[5.04347,52.32782],[5.04351,52.3278],[5.04351,52.3278],[5.04354,52.32778],[5.0439,52.32799],[5.04395,52.32796],[5.04399,52.32794],[5.044,52.32793],[5.04405,52.3279],[5.04409,52.32788],[5.0441,52.32787],[5.0441,52.32787],[5.04415,52.32784],[5.04416,52.32784],[5.04419,52.32781],[5.0443,52.32775],[5.0444,52.32769],[5.04442,52.32767],[5.04444,52.32766],[5.04446,52.32765],[5.04451,52.32762],[5.04461,52.32756],[5.04467,52.32752],[5.0448,52.32747],[5.04484,52.32746],[5.04484,52.32746],[5.04486,52.32745],[5.04485,52.32744],[5.0448,52.32742],[5.04477,52.3274],[5.04445,52.32719],[5.04439,52.32715],[5.04444,52.32713],[5.04446,52.32711],[5.04448,52.32711],[5.0445,52.32709],[5.04452,52.32708],[5.04456,52.32706],[5.04461,52.32704],[5.04462,52.32704],[5.04465,52.32702],[5.0447,52.327],[5.04474,52.32699],[5.04474,52.32699],[5.04479,52.32697],[5.04483,52.32695],[5.04486,52.32694],[5.04488,52.32693],[5.04493,52.32692],[5.04498,52.3269],[5.04499,52.3269],[5.04503,52.32689],[5.04508,52.32687],[5.04512,52.32686],[5.04513,52.32686],[5.04518,52.32685],[5.04523,52.32684],[5.04525,52.32683],[5.04528,52.32682],[5.04533,52.32681],[5.04538,52.3268],[5.04539,52.3268],[5.04544,52.32679],[5.04549,52.32678],[5.04552,52.32678],[5.04554,52.32677],[5.04559,52.32677],[5.04565,52.32676],[5.04567,52.32676],[5.0457,52.32675],[5.04576,52.32675],[5.04581,52.32674],[5.04581,52.32674],[5.04586,52.32674],[5.04592,52.32674],[5.04592,52.32674],[5.04595,52.32673],[5.04597,52.32673],[5.04603,52.32673],[5.04608,52.32673],[5.0461,52.32673],[5.04614,52.32673],[5.04619,52.32673],[5.04624,52.32673],[5.04625,52.32673],[5.0463,52.32673],[5.04636,52.32673],[5.04638,52.32673],[5.04641,52.32674],[5.04646,52.32674],[5.04652,52.32674],[5.04653,52.32674],[5.04657,52.32675],[5.04663,52.32675],[5.04667,52.32676],[5.04668,52.32676],[5.04673,52.32677],[5.04679,52.32677],[5.04681,52.32678],[5.04681,52.32678],[5.04684,52.32678],[5.04689,52.32679],[5.04695,52.3268],[5.04695,52.3268],[5.047,52.32681],[5.04705,52.32682],[5.04708,52.32683],[5.0471,52.32683],[5.04713,52.32684],[5.04714,52.32684],[5.04724,52.32687],[5.04724,52.32687],[5.04733,52.32689],[5.04736,52.3269],[5.04742,52.32691],[5.04743,52.32691],[5.04744,52.32691],[5.04748,52.32692],[5.04749,52.32693],[5.04754,52.32694],[5.04759,52.32695],[5.04764,52.32695],[5.04765,52.32696],[5.0477,52.32697],[5.04776,52.32698],[5.04778,52.32698],[5.04781,52.32698],[5.04787,52.32699],[5.04793,52.327],[5.04793,52.327],[5.04798,52.327],[5.04804,52.32701],[5.04807,52.32701],[5.04807,52.32701],[5.0481,52.32702],[5.04812,52.32702],[5.04815,52.32702],[5.04821,52.32702],[5.04822,52.32702],[5.04827,52.32703],[5.04832,52.32703],[5.04837,52.32703],[5.04838,52.32703],[5.04844,52.32703],[5.0485,52.32703],[5.04852,52.32703],[5.04855,52.32703],[5.04861,52.32703],[5.04867,52.32703],[5.04867,52.32703],[5.04873,52.32702],[5.04878,52.32702],[5.04882,52.32702],[5.04884,52.32702],[5.0489,52.32701],[5.04895,52.327],[5.04896,52.327],[5.04901,52.327],[5.04907,52.32699],[5.04911,52.32699],[5.04912,52.32698],[5.04918,52.32698],[5.04923,52.32697],[5.04926,52.32696],[5.04929,52.32696],[5.04934,52.32695],[5.0494,52.32694],[5.0494,52.32694],[5.04944,52.32693],[5.04954,52.32691],[5.04967,52.32688],[5.04981,52.32684],[5.04995,52.32681],[5.05009,52.32678],[5.05023,52.32675],[5.05036,52.32672],[5.0505,52.32669],[5.05064,52.32665],[5.05077,52.32662],[5.05091,52.32659],[5.05105,52.32655],[5.05118,52.32652],[5.05132,52.32649],[5.05145,52.32645],[5.05159,52.32642],[5.05164,52.32641],[5.05173,52.32638],[5.05182,52.32636],[5.05186,52.32635],[5.05187,52.32635],[5.052,52.32632],[5.05213,52.32628],[5.05227,52.32625],[5.05241,52.32622],[5.05254,52.32618],[5.05268,52.32615],[5.05276,52.32613],[5.05282,52.32612],[5.05295,52.32609],[5.05309,52.32606],[5.05323,52.32603],[5.05337,52.32599],[5.0535,52.32596],[5.05364,52.32592],[5.05377,52.32589],[5.05391,52.32586],[5.05405,52.32582],[5.05407,52.32581],[5.05412,52.32581],[5.05419,52.32579],[5.0542,52.32579],[5.05421,52.32579],[5.05424,52.32578],[5.0543,52.32578],[5.05431,52.32579],[5.05434,52.32578],[5.05437,52.32578],[5.05448,52.32575],[5.05449,52.32575],[5.05454,52.32574],[5.05456,52.32574],[5.05461,52.32573],[5.05462,52.32572],[5.05473,52.3257],[5.05476,52.3257],[5.05485,52.32569],[5.0549,52.32568],[5.05491,52.32568],[5.05498,52.32567],[5.05505,52.32566],[5.05508,52.32565],[5.0551,52.32565],[5.05517,52.32563],[5.05519,52.32563],[5.05522,52.32562],[5.05525,52.32561],[5.05532,52.3256],[5.05534,52.32559],[5.05545,52.32556],[5.05546,52.32556],[5.05557,52.32553],[5.05557,52.32553],[5.05558,52.32552],[5.05558,52.32552],[5.05558,52.32552],[5.05558,52.32552],[5.05561,52.32547],[5.05564,52.32543],[5.05564,52.32543],[5.05564,52.32543],[5.05564,52.32543],[5.05565,52.32542],[5.05567,52.32541],[5.05568,52.32541],[5.05568,52.32541],[5.05569,52.32541],[5.0557,52.32541],[5.05571,52.32542],[5.05576,52.32543],[5.05577,52.32543],[5.05581,52.32544],[5.05584,52.32543],[5.0559,52.32542],[5.05598,52.3254],[5.05602,52.32539],[5.05612,52.32537],[5.05614,52.32536],[5.05625,52.32533],[5.05625,52.32533],[5.05633,52.32531],[5.05637,52.3253],[5.05639,52.3253],[5.05639,52.3253],[5.05649,52.32528],[5.05652,52.32527],[5.05661,52.32525],[5.05666,52.32523],[5.05672,52.32522],[5.0568,52.3252],[5.05684,52.32519],[5.05685,52.32519],[5.05688,52.32518],[5.05693,52.32517],[5.05693,52.32517],[5.05699,52.32516],[5.05704,52.32514],[5.05707,52.32514],[5.0571,52.32513],[5.05715,52.32512],[5.0572,52.3251],[5.05721,52.3251],[5.05726,52.32509],[5.05731,52.32507],[5.05735,52.32507],[5.05736,52.32506],[5.05742,52.32505],[5.05747,52.32503],[5.05748,52.32503],[5.05753,52.32502],[5.05758,52.325],[5.05762,52.32499],[5.05763,52.32499],[5.05769,52.32497],[5.05774,52.32496],[5.05775,52.32495],[5.05779,52.32494],[5.05784,52.32493],[5.05789,52.32491],[5.0579,52.32491],[5.05795,52.3249],[5.058,52.32488],[5.05802,52.32487],[5.05805,52.32487],[5.0581,52.32485],[5.05811,52.32485],[5.05815,52.32484],[5.05816,52.32483],[5.05821,52.32482],[5.05826,52.3248],[5.05828,52.32479],[5.05836,52.32477],[5.05837,52.32477],[5.05842,52.32475],[5.05842,52.32475],[5.05847,52.32473],[5.05852,52.32472],[5.05855,52.32471],[5.05857,52.3247],[5.05862,52.32468],[5.05868,52.32467],[5.05868,52.32467],[5.05873,52.32465],[5.05878,52.32463],[5.05881,52.32462],[5.05882,52.32462],[5.05883,52.32461],[5.05887,52.3246],[5.05888,52.3246],[5.05888,52.32459],[5.05888,52.32459],[5.05888,52.32459],[5.05888,52.32459],[5.05889,52.32458],[5.05891,52.32457],[5.05892,52.32457],[5.05892,52.32457],[5.05892,52.32456],[5.05892,52.32456],[5.05893,52.32456],[5.05894,52.32455],[5.05895,52.32455],[5.05895,52.32455],[5.05895,52.32455],[5.05896,52.32454],[5.05896,52.32454],[5.05896,52.32454],[5.05897,52.32453],[5.05898,52.32453],[5.05899,52.32453],[5.05901,52.32452],[5.05901,52.32451],[5.05901,52.32451],[5.05902,52.32451],[5.05902,52.32451],[5.05902,52.32451],[5.05904,52.3245],[5.05904,52.3245],[5.05905,52.3245],[5.05905,52.3245],[5.05907,52.32449],[5.05907,52.32449],[5.05908,52.32449],[5.05908,52.32449],[5.05909,52.32448],[5.0591,52.32448],[5.0591,52.32448],[5.0591,52.32448],[5.05911,52.32448],[5.05913,52.32447],[5.05913,52.32447],[5.05915,52.32446],[5.05916,52.32446],[5.05916,52.32446],[5.05916,52.32446],[5.05916,52.32446],[5.05917,52.32445],[5.05918,52.32445],[5.05919,52.32445],[5.0592,52.32444],[5.0592,52.32444],[5.0592,52.32444],[5.05921,52.32444],[5.05921,52.32444],[5.05921,52.32444],[5.05923,52.32443],[5.05924,52.32443],[5.05925,52.32442],[5.05926,52.32442],[5.05926,52.32442],[5.05927,52.32442],[5.05927,52.32442],[5.05929,52.32441],[5.05929,52.32441],[5.05929,52.3244],[5.05929,52.3244],[5.0593,52.3244],[5.05932,52.3244],[5.05932,52.32439],[5.05933,52.32439],[5.05934,52.32439],[5.05935,52.32438],[5.05937,52.32437],[5.05938,52.32437],[5.0594,52.32436],[5.0594,52.32436],[5.0594,52.32436],[5.05941,52.32436],[5.05941,52.32436],[5.05941,52.32436],[5.05943,52.32435],[5.05943,52.32435],[5.05944,52.32435],[5.05945,52.32434],[5.05945,52.32434],[5.05945,52.32434],[5.05945,52.32434],[5.05946,52.32434],[5.05947,52.32433],[5.05949,52.32433],[5.0595,52.32432],[5.0595,52.32432],[5.05951,52.32432],[5.05951,52.32431],[5.05952,52.32431],[5.05953,52.32431],[5.05954,52.32431],[5.05954,52.32431],[5.05954,52.3243],[5.05954,52.3243],[5.05955,52.3243],[5.05956,52.32429],[5.05957,52.32429],[5.05958,52.32429],[5.05959,52.32428],[5.05959,52.32428],[5.05959,52.32428],[5.05959,52.32428],[5.05959,52.32428],[5.05961,52.32428],[5.05961,52.32428],[5.05963,52.32427],[5.05964,52.32426],[5.05964,52.32426],[5.05965,52.32426],[5.05965,52.32425],[5.05966,52.32425],[5.05966,52.32425],[5.05966,52.32425],[5.05968,52.32424],[5.05968,52.32424],[5.05969,52.32424],[5.05969,52.32424],[5.05969,52.32424],[5.0597,52.32423],[5.05973,52.32422],[5.05973,52.32422],[5.05974,52.32422],[5.05975,52.32421],[5.05975,52.32421],[5.05976,52.32421],[5.05977,52.3242],[5.05977,52.3242],[5.05978,52.3242],[5.05978,52.3242],[5.05978,52.3242],[5.05978,52.3242],[5.05979,52.32419],[5.05979,52.32419],[5.05981,52.32418],[5.05982,52.32418],[5.05983,52.32418],[5.05983,52.32417],[5.05983,52.32417],[5.05984,52.32417],[5.05986,52.32416],[5.05987,52.32416],[5.05987,52.32415],[5.05988,52.32415],[5.05988,52.32415],[5.05989,52.32415],[5.05989,52.32415],[5.05989,52.32415],[5.0599,52.32415],[5.0599,52.32415],[5.0599,52.32414],[5.05991,52.32414],[5.05991,52.32414],[5.05992,52.32413],[5.05992,52.32413],[5.05992,52.32413],[5.05993,52.32413],[5.05994,52.32413],[5.05994,52.32413],[5.05994,52.32413],[5.05994,52.32412],[5.05995,52.32412],[5.05997,52.32411],[5.06004,52.32407],[5.06006,52.32406],[5.06011,52.32405],[5.06012,52.32404],[5.06016,52.32403],[5.06021,52.32402],[5.06025,52.324],[5.06026,52.324],[5.06031,52.32399],[5.06036,52.32397],[5.06038,52.32397],[5.06041,52.32396],[5.06041,52.32396],[5.06052,52.32393],[5.06065,52.3239],[5.06079,52.32386],[5.06092,52.32383],[5.06106,52.32379],[5.06119,52.32376],[5.06133,52.32372],[5.06134,52.32372],[5.06145,52.32369],[5.06151,52.32368],[5.06147,52.32346],[5.06146,52.32343],[5.06146,52.32343],[5.06146,52.32341],[5.06145,52.3234],[5.06144,52.32332],[5.06142,52.32328],[5.06141,52.32323],[5.0614,52.32317],[5.06138,52.32309],[5.06138,52.32307],[5.06137,52.32304],[5.06134,52.32291],[5.06132,52.32283],[5.0613,52.32274],[5.0613,52.32271],[5.06128,52.32265],[5.06126,52.32253],[5.06121,52.32237],[5.06121,52.32236],[5.06119,52.32233],[5.06118,52.32228],[5.06116,52.32222],[5.06115,52.3222],[5.06114,52.32217],[5.06112,52.32213],[5.06111,52.32211],[5.0611,52.32208],[5.06144,52.32204],[5.06152,52.32185],[5.06152,52.32182],[5.06152,52.3218],[5.0615,52.32178],[5.06147,52.32175],[5.06142,52.32172],[5.06115,52.32164],[5.06109,52.32158],[5.06108,52.32157],[5.06096,52.32148],[5.06093,52.32146],[5.06083,52.3214],[5.06067,52.3213],[5.06054,52.32123],[5.06039,52.32116],[5.06029,52.32113],[5.06013,52.32107],[5.05993,52.321],[5.05976,52.32095],[5.05959,52.32089],[5.05906,52.32073],[5.05876,52.32064],[5.0585,52.32055],[5.05835,52.3205],[5.05814,52.32042],[5.05797,52.32034],[5.05779,52.32025],[5.05732,52.31997],[5.05731,52.31997],[5.05707,52.31981],[5.05674,52.3196],[5.05816,52.31807],[5.0584,52.31782],[5.05848,52.31773],[5.05861,52.31759],[5.05864,52.31756],[5.05877,52.31742],[5.05909,52.31705],[5.05804,52.31668],[5.05834,52.31632],[5.05847,52.31635],[5.05859,52.31638],[5.05865,52.3164],[5.05879,52.31645],[5.05896,52.31651],[5.05903,52.31654],[5.05911,52.31658],[5.05921,52.31662],[5.05935,52.31667],[5.05937,52.31667],[5.05951,52.31672],[5.05956,52.31673],[5.05959,52.31675],[5.05972,52.31679],[5.05982,52.31681],[5.05993,52.31683],[5.06003,52.31685],[5.06013,52.31687],[5.06022,52.31689],[5.0603,52.3169],[5.0604,52.31691],[5.0605,52.31691],[5.06061,52.31692],[5.06069,52.31694],[5.06076,52.31695],[5.06084,52.31698],[5.06092,52.317],[5.06097,52.31702],[5.06104,52.31706],[5.06111,52.31709],[5.06117,52.31713],[5.0613,52.31721],[5.06137,52.31725],[5.06143,52.31728],[5.0615,52.3173],[5.06156,52.31733],[5.06165,52.31735],[5.06175,52.31738],[5.06217,52.3175],[5.06231,52.31754],[5.0624,52.31758],[5.06248,52.31761],[5.06254,52.31764],[5.06255,52.31765],[5.06259,52.31767],[5.06263,52.3177],[5.06269,52.31773],[5.06274,52.31777],[5.0628,52.31783],[5.06289,52.3179],[5.06298,52.31799],[5.06303,52.31803],[5.06304,52.31804],[5.06308,52.31807],[5.06313,52.31811],[5.06321,52.31816],[5.0633,52.31821],[5.06339,52.31826],[5.06346,52.31829],[5.06356,52.31833],[5.06362,52.31835],[5.06386,52.31847],[5.06414,52.31861],[5.06454,52.31882],[5.06486,52.31898],[5.06526,52.31918],[5.06534,52.3194],[5.06535,52.31945],[5.06537,52.3195],[5.06547,52.31978],[5.06556,52.32003],[5.06559,52.32012],[5.06565,52.32027],[5.0657,52.32043],[5.06572,52.32048],[5.06568,52.3206],[5.06563,52.32073],[5.06556,52.32091],[5.06556,52.32092],[5.06553,52.32098],[5.06537,52.3213],[5.06532,52.32138],[5.06528,52.32144],[5.06524,52.32151],[5.06517,52.32157],[5.06499,52.32173],[5.06484,52.32186],[5.06471,52.32198],[5.06469,52.32201],[5.06473,52.32203],[5.06479,52.32205],[5.0648,52.32205],[5.0648,52.32205],[5.06482,52.32206],[5.06484,52.32207],[5.06493,52.32211],[5.06495,52.32212],[5.06497,52.32213],[5.06498,52.32213],[5.065,52.32214],[5.06503,52.32215],[5.06505,52.32216],[5.06508,52.32217],[5.0651,52.32218],[5.06511,52.32218],[5.06513,52.32219],[5.06516,52.32219],[5.06519,52.3222],[5.06522,52.32221],[5.06524,52.32221],[5.06525,52.32221],[5.06527,52.32221],[5.06528,52.32222],[5.06531,52.32222],[5.06533,52.32222],[5.06536,52.32223],[5.06538,52.32223],[5.06538,52.32223],[5.06541,52.32223],[5.06543,52.32223],[5.06546,52.32223],[5.06548,52.32224],[5.06551,52.32224],[5.06553,52.32224],[5.06556,52.32224],[5.06558,52.32224],[5.06561,52.32224],[5.06564,52.32224],[5.06567,52.32224],[5.06572,52.32224],[5.06575,52.32224],[5.06579,52.32224],[5.06582,52.32224],[5.06582,52.32224],[5.06586,52.32224],[5.06589,52.32223],[5.06593,52.32223],[5.06597,52.32223],[5.066,52.32223],[5.06603,52.32222],[5.06607,52.32222],[5.06611,52.32221],[5.06613,52.32221],[5.06616,52.3222],[5.06618,52.3222],[5.06622,52.32219],[5.06625,52.32218],[5.06635,52.32217],[5.06639,52.32216],[5.06653,52.32213],[5.06667,52.32211],[5.06681,52.32208],[5.06695,52.32206],[5.06709,52.32203],[5.06723,52.322],[5.06738,52.32198],[5.06752,52.32195],[5.06766,52.32193],[5.0678,52.3219],[5.06794,52.32188],[5.06808,52.32185],[5.06822,52.32182],[5.06836,52.3218],[5.0685,52.32177],[5.06864,52.32175],[5.06878,52.32172],[5.06878,52.32172],[5.06897,52.32162],[5.06898,52.32161],[5.06899,52.3216],[5.069,52.32159],[5.069,52.32159],[5.06901,52.32157],[5.06902,52.32156],[5.06902,52.32156],[5.06903,52.32156],[5.06903,52.32156],[5.06903,52.32155],[5.06904,52.32155],[5.06904,52.32154],[5.06905,52.32154],[5.06905,52.32154],[5.06905,52.32154],[5.06905,52.32154],[5.06908,52.32153],[5.06909,52.32154],[5.06909,52.32154],[5.0691,52.32154],[5.0691,52.32154],[5.06911,52.32154],[5.06912,52.32155],[5.06912,52.32155],[5.06914,52.32155],[5.06915,52.32155],[5.06915,52.32156],[5.06916,52.32156],[5.06918,52.32156],[5.0692,52.32157],[5.0692,52.32157],[5.06921,52.32157],[5.06922,52.32158],[5.06923,52.32158],[5.06924,52.32158],[5.06925,52.3216],[5.06926,52.32161],[5.06926,52.32161],[5.06927,52.32162],[5.06927,52.32163],[5.06928,52.32164],[5.0693,52.32165],[5.06931,52.32166],[5.06933,52.32168],[5.06933,52.32168],[5.06934,52.32169],[5.06935,52.32169],[5.06936,52.3217],[5.06937,52.32171],[5.06939,52.32172],[5.0694,52.32173],[5.06941,52.32174],[5.06942,52.32175],[5.06944,52.32176],[5.06946,52.32177],[5.06948,52.32178],[5.0695,52.32179],[5.0695,52.32179],[5.06951,52.32179],[5.0697,52.32171],[5.06994,52.3216],[5.07016,52.3215],[5.0702,52.32148],[5.07038,52.3214],[5.0705,52.32133],[5.07064,52.32124],[5.07074,52.32119],[5.07082,52.32114],[5.07105,52.32098],[5.07134,52.32079],[5.07163,52.32062],[5.07173,52.32056],[5.0719,52.32045],[5.07201,52.32038],[5.07236,52.32017],[5.07276,52.31994],[5.0728,52.31992],[5.07284,52.31991],[5.07286,52.3199],[5.07291,52.31997],[5.07295,52.32001],[5.07306,52.32012],[5.07311,52.32018],[5.07357,52.31995],[5.07389,52.31979],[5.0741,52.3197],[5.0743,52.31961],[5.07456,52.3195],[5.07485,52.31938],[5.07517,52.31924],[5.07539,52.31914],[5.07568,52.31902],[5.07597,52.31888],[5.07627,52.31874],[5.07658,52.3186],[5.07688,52.31847],[5.07719,52.31833],[5.07745,52.3182],[5.07751,52.31818],[5.07784,52.3181],[5.07813,52.31803],[5.07841,52.31797],[5.07881,52.31788],[5.07922,52.31778],[5.07966,52.31768],[5.0801,52.31759],[5.08054,52.31749],[5.08097,52.3174],[5.0814,52.31732],[5.08187,52.31723],[5.08224,52.31716],[5.08272,52.31707],[5.08296,52.31702],[5.083,52.31702],[5.08301,52.31702],[5.08303,52.31703],[5.08305,52.31703],[5.08306,52.31705],[5.08307,52.31706],[5.08314,52.31719],[5.08321,52.31727],[5.08321,52.31727],[5.08342,52.3172],[5.0836,52.31714],[5.0838,52.31707],[5.084,52.31701],[5.08422,52.31695],[5.08444,52.31688],[5.08467,52.31681],[5.08483,52.31676],[5.08488,52.31675],[5.08489,52.31674],[5.0849,52.31674],[5.08491,52.31674],[5.08491,52.31673],[5.08492,52.31673],[5.08493,52.31672],[5.08493,52.31671],[5.08494,52.31671],[5.08494,52.3167],[5.08494,52.3167],[5.08494,52.31669],[5.08494,52.31668],[5.08494,52.31667],[5.08494,52.31667],[5.08493,52.31666],[5.08493,52.31666],[5.08493,52.31665],[5.08492,52.31665],[5.08491,52.31664],[5.08491,52.31663],[5.08484,52.3166],[5.08478,52.31655],[5.08477,52.31654],[5.08476,52.31653],[5.08476,52.31653],[5.08476,52.31653],[5.08476,52.31652],[5.08476,52.31652],[5.08476,52.31651],[5.08476,52.31651],[5.08477,52.31651],[5.08478,52.3165],[5.0848,52.31648],[5.08481,52.31648],[5.08482,52.31647],[5.08483,52.31647],[5.08483,52.31646],[5.08483,52.31645],[5.08484,52.31645],[5.08484,52.31644],[5.08484,52.31644],[5.08484,52.31643],[5.08484,52.31642],[5.08484,52.31642],[5.08481,52.31633],[5.08496,52.3163],[5.08527,52.31623],[5.08587,52.31609],[5.08604,52.31605],[5.08628,52.316],[5.08651,52.31595],[5.08664,52.31593],[5.08673,52.3159],[5.08674,52.3159],[5.08674,52.3159],[5.08675,52.31589],[5.08675,52.31589],[5.08675,52.31588],[5.08676,52.31588],[5.08676,52.31587],[5.08676,52.31586],[5.08675,52.3158],[5.08675,52.3158],[5.08683,52.3158],[5.0869,52.31578],[5.08698,52.31576],[5.08711,52.31573],[5.0873,52.3157],[5.08734,52.31569],[5.08738,52.31568],[5.08763,52.31562],[5.08784,52.31557],[5.08812,52.3155],[5.08886,52.31534],[5.08945,52.31522],[5.08962,52.31519],[5.09053,52.31499],[5.09069,52.31495],[5.09165,52.31464],[5.0917,52.31462],[5.0919,52.31453],[5.09213,52.31443],[5.09258,52.31423],[5.09262,52.31422],[5.09264,52.31424],[5.09273,52.3142],[5.09278,52.31424],[5.09281,52.31426],[5.09286,52.31424],[5.0929,52.31423],[5.09297,52.3142],[5.09299,52.31419],[5.09302,52.31418],[5.09308,52.31415],[5.09299,52.31408],[5.09279,52.31393],[5.09273,52.31386],[5.09271,52.31385],[5.09265,52.31378],[5.09264,52.31377],[5.09259,52.31371],[5.09231,52.31332],[5.09211,52.31302],[5.09213,52.31301],[5.0922,52.313],[5.0923,52.31297],[5.09264,52.31289],[5.09315,52.31278],[5.09321,52.31277],[5.09392,52.3126],[5.09392,52.3126],[5.09395,52.3126],[5.09462,52.31243],[5.09553,52.31216],[5.09573,52.3121],[5.09601,52.31201],[5.09635,52.31191],[5.09642,52.31189],[5.09671,52.31181],[5.09711,52.3117],[5.09744,52.3116],[5.09761,52.31155],[5.09767,52.31154],[5.09774,52.31151],[5.09787,52.31145],[5.09799,52.31141],[5.09814,52.31138],[5.09818,52.31137],[5.09832,52.31132],[5.09846,52.31126],[5.09863,52.3112],[5.09874,52.31115],[5.0988,52.31114],[5.09885,52.31113],[5.0989,52.31111],[5.09931,52.31092],[5.09972,52.31073],[5.10005,52.31057],[5.10028,52.31046],[5.10044,52.3105],[5.10053,52.31046],[5.10053,52.31046],[5.10055,52.31044],[5.10055,52.31039],[5.10056,52.31032],[5.10057,52.3103],[5.10035,52.31027],[5.10033,52.31026],[5.10028,52.31023],[5.10022,52.31018],[5.10016,52.31015],[5.10011,52.31013],[5.10006,52.31011],[5.09999,52.31009],[5.09992,52.31008],[5.09986,52.31006],[5.0998,52.31003],[5.09974,52.30975],[5.09972,52.30971],[5.09959,52.30953],[5.0995,52.30942],[5.09927,52.30922],[5.0992,52.30918],[5.09917,52.30915],[5.09911,52.30911],[5.09898,52.30901],[5.09893,52.30896],[5.09871,52.30877],[5.09856,52.30866],[5.09836,52.30853],[5.09824,52.30845],[5.09808,52.30836],[5.09791,52.30826],[5.09777,52.30817],[5.09762,52.30807],[5.09737,52.30791],[5.09719,52.30783],[5.09703,52.30774],[5.09692,52.30767],[5.09692,52.30767],[5.09687,52.30763],[5.09682,52.3076],[5.09674,52.30752],[5.0967,52.30749],[5.09662,52.30739],[5.09654,52.30731],[5.09649,52.30729],[5.09648,52.30729],[5.09645,52.30724],[5.09641,52.30716],[5.09635,52.30705],[5.09628,52.30692],[5.09628,52.30691],[5.09626,52.30686],[5.09624,52.30677],[5.09623,52.30666],[5.09622,52.30655],[5.09621,52.30653],[5.09618,52.30643],[5.09616,52.30618],[5.09616,52.30617],[5.09614,52.30608],[5.0961,52.30592],[5.09608,52.3058],[5.09608,52.30579],[5.09609,52.30576],[5.09608,52.30573],[5.09607,52.3057],[5.09607,52.30569],[5.09604,52.30561],[5.09602,52.3055],[5.09599,52.30533],[5.09596,52.30513]]]]}}]}